N,M,d,verified,total_length
5,1,1,1,5
6,1,1,1,6
7,1,1,1,7
8,1,1,1,8
9,1,1,1,9
10,1,1,1,10
10,2,1,1,20
11,1,1,1,11
11,2,1,1,22
12,1,1,1,12
12,2,1,1,24
13,1,1,1,13
13,2,1,1,26
14,1,1,1,14
14,2,1,1,28
15,1,1,1,15
15,2,1,1,30
15,3,2,1,133
16,1,1,1,16
16,2,1,1,32
16,3,2,1,142
17,1,1,1,17
17,2,1,1,34
17,3,2,1,151
18,1,1,1,18
18,2,1,1,36
18,3,2,1,160
19,1,1,1,19
19,2,1,1,38
19,3,2,1,169
20,1,1,1,20
20,2,1,1,40
20,3,2,1,178
20,4,2,1,268
21,1,1,1,21
21,2,1,1,42
21,3,2,1,187
21,4,2,1,282
22,1,1,1,22
22,2,1,1,44
22,3,2,1,196
22,4,2,1,296
23,1,1,1,23
23,2,1,1,46
23,3,2,1,205
23,4,2,1,310
24,1,1,1,24
24,2,1,1,48
24,3,2,1,214
24,4,2,1,324
25,1,1,1,25
25,2,1,1,50
25,3,2,1,223
25,4,2,1,338
25,5,3,1,736
26,1,1,1,26
26,2,1,1,52
26,3,2,1,232
26,4,2,1,352
26,5,3,1,766
27,1,1,1,27
27,2,1,1,54
27,3,2,1,241
27,4,2,1,366
27,5,3,1,796
28,1,1,1,28
28,2,1,1,56
28,3,2,1,250
28,4,2,1,380
28,5,3,1,826
29,1,1,1,29
29,2,1,1,58
29,3,2,1,259
29,4,2,1,394
29,5,3,1,856
30,1,1,1,30
30,2,1,1,60
30,3,2,1,268
30,4,2,1,408
30,5,3,1,886
30,6,3,1,1144
31,1,1,1,31
31,2,1,1,62
31,3,2,1,277
31,4,2,1,422
31,5,3,1,916
31,6,3,1,1184
32,1,1,1,32
32,2,1,1,64
32,3,2,1,286
32,4,2,1,436
32,5,3,1,946
32,6,3,1,1224
33,1,1,1,33
33,2,1,1,66
33,3,2,1,295
33,4,2,1,450
33,5,3,1,976
33,6,3,1,1264
34,1,1,1,34
34,2,1,1,68
34,3,2,1,304
34,4,2,1,464
34,5,3,1,1006
34,6,3,1,1304
35,1,1,1,35
35,2,1,1,70
35,3,2,1,313
35,4,2,1,478
35,5,3,1,1036
35,6,3,1,1344
35,7,4,1,2374
36,1,1,1,36
36,2,1,1,72
36,3,2,1,322
36,4,2,1,492
36,5,3,1,1066
36,6,3,1,1384
36,7,4,1,2444
37,1,1,1,37
37,2,1,1,74
37,3,2,1,331
37,4,2,1,506
37,5,3,1,1096
37,6,3,1,1424
37,7,4,1,2514
38,1,1,1,38
38,2,1,1,76
38,3,2,1,340
38,4,2,1,520
38,5,3,1,1126
38,6,3,1,1464
38,7,4,1,2584
39,1,1,1,39
39,2,1,1,78
39,3,2,1,349
39,4,2,1,534
39,5,3,1,1156
39,6,3,1,1504
39,7,4,1,2654
40,1,1,1,40
40,2,1,1,80
40,3,2,1,358
40,4,2,1,548
40,5,3,1,1186
40,6,3,1,1544
40,7,4,1,2724
40,8,4,1,3336
41,1,1,1,41
41,2,1,1,82
41,3,2,1,367
41,4,2,1,562
41,5,3,1,1216
41,6,3,1,1584
41,7,4,1,2794
41,8,4,1,3424
42,1,1,1,42
42,2,1,1,84
42,3,2,1,376
42,4,2,1,576
42,5,3,1,1246
42,6,3,1,1624
42,7,4,1,2864
42,8,4,1,3512
43,1,1,1,43
43,2,1,1,86
43,3,2,1,385
43,4,2,1,590
43,5,3,1,1276
43,6,3,1,1664
43,7,4,1,2934
43,8,4,1,3600
44,1,1,1,44
44,2,1,1,88
44,3,2,1,394
44,4,2,1,604
44,5,3,1,1306
44,6,3,1,1704
44,7,4,1,3004
44,8,4,1,3688
45,1,1,1,45
45,2,1,1,90
45,3,2,1,403
45,4,2,1,618
45,5,3,1,1336
45,6,3,1,1744
45,7,4,1,3074
45,8,4,1,3776
45,9,5,1,5859
46,1,1,1,46
46,2,1,1,92
46,3,2,1,412
46,4,2,1,632
46,5,3,1,1366
46,6,3,1,1784
46,7,4,1,3144
46,8,4,1,3864
46,9,5,1,5994
47,1,1,1,47
47,2,1,1,94
47,3,2,1,421
47,4,2,1,646
47,5,3,1,1396
47,6,3,1,1824
47,7,4,1,3214
47,8,4,1,3952
47,9,5,1,6129
48,1,1,1,48
48,2,1,1,96
48,3,2,1,430
48,4,2,1,660
48,5,3,1,1426
48,6,3,1,1864
48,7,4,1,3284
48,8,4,1,4040
48,9,5,1,6264
49,1,1,1,49
49,2,1,1,98
49,3,2,1,439
49,4,2,1,674
49,5,3,1,1456
49,6,3,1,1904
49,7,4,1,3354
49,8,4,1,4128
49,9,5,1,6399
50,1,1,1,50
50,2,1,1,100
50,3,2,1,448
50,4,2,1,688
50,5,3,1,1486
50,6,3,1,1944
50,7,4,1,3424
50,8,4,1,4216
50,9,5,1,6534
50,10,5,1,7660
51,1,1,1,51
51,2,1,1,102
51,3,2,1,457
51,4,2,1,702
51,5,3,1,1516
51,6,3,1,1984
51,7,4,1,3494
51,8,4,1,4304
51,9,5,1,6669
51,10,5,1,7822
52,1,1,1,52
52,2,1,1,104
52,3,2,1,466
52,4,2,1,716
52,5,3,1,1546
52,6,3,1,2024
52,7,4,1,3564
52,8,4,1,4392
52,9,5,1,6804
52,10,5,1,7984
53,1,1,1,53
53,2,1,1,106
53,3,2,1,475
53,4,2,1,730
53,5,3,1,1576
53,6,3,1,2064
53,7,4,1,3634
53,8,4,1,4480
53,9,5,1,6939
53,10,5,1,8146
54,1,1,1,54
54,2,1,1,108
54,3,2,1,484
54,4,2,1,744
54,5,3,1,1606
54,6,3,1,2104
54,7,4,1,3704
54,8,4,1,4568
54,9,5,1,7074
54,10,5,1,8308
55,1,1,1,55
55,2,1,1,110
55,3,2,1,493
55,4,2,1,758
55,5,3,1,1636
55,6,3,1,2144
55,7,4,1,3774
55,8,4,1,4656
55,9,5,1,7209
55,10,5,1,8470
55,11,6,1,12187
56,1,1,1,56
56,2,1,1,112
56,3,2,1,502
56,4,2,1,772
56,5,3,1,1666
56,6,3,1,2184
56,7,4,1,3844
56,8,4,1,4744
56,9,5,1,7344
56,10,5,1,8632
56,11,6,1,12418
57,1,1,1,57
57,2,1,1,114
57,3,2,1,511
57,4,2,1,786
57,5,3,1,1696
57,6,3,1,2224
57,7,4,1,3914
57,8,4,1,4832
57,9,5,1,7479
57,10,5,1,8794
57,11,6,1,12649
58,1,1,1,58
58,2,1,1,116
58,3,2,1,520
58,4,2,1,800
58,5,3,1,1726
58,6,3,1,2264
58,7,4,1,3984
58,8,4,1,4920
58,9,5,1,7614
58,10,5,1,8956
58,11,6,1,12880
59,1,1,1,59
59,2,1,1,118
59,3,2,1,529
59,4,2,1,814
59,5,3,1,1756
59,6,3,1,2304
59,7,4,1,4054
59,8,4,1,5008
59,9,5,1,7749
59,10,5,1,9118
59,11,6,1,13111
60,1,1,1,60
60,2,1,1,120
60,3,2,1,538
60,4,2,1,828
60,5,3,1,1786
60,6,3,1,2344
60,7,4,1,4124
60,8,4,1,5096
60,9,5,1,7884
60,10,5,1,9280
60,11,6,1,13342
60,12,6,1,15284
61,1,1,1,61
61,2,1,1,122
61,3,2,1,547
61,4,2,1,842
61,5,3,1,1816
61,6,3,1,2384
61,7,4,1,4194
61,8,4,1,5184
61,9,5,1,8019
61,10,5,1,9442
61,11,6,1,13573
61,12,6,1,15554
62,1,1,1,62
62,2,1,1,124
62,3,2,1,556
62,4,2,1,856
62,5,3,1,1846
62,6,3,1,2424
62,7,4,1,4264
62,8,4,1,5272
62,9,5,1,8154
62,10,5,1,9604
62,11,6,1,13804
62,12,6,1,15824
63,1,1,1,63
63,2,1,1,126
63,3,2,1,565
63,4,2,1,870
63,5,3,1,1876
63,6,3,1,2464
63,7,4,1,4334
63,8,4,1,5360
63,9,5,1,8289
63,10,5,1,9766
63,11,6,1,14035
63,12,6,1,16094
64,1,1,1,64
64,2,1,1,128
64,3,2,1,574
64,4,2,1,884
64,5,3,1,1906
64,6,3,1,2504
64,7,4,1,4404
64,8,4,1,5448
64,9,5,1,8424
64,10,5,1,9928
64,11,6,1,14266
64,12,6,1,16364
65,1,1,1,65
65,2,1,1,130
65,3,2,1,583
65,4,2,1,898
65,5,3,1,1936
65,6,3,1,2544
65,7,4,1,4474
65,8,4,1,5536
65,9,5,1,8559
65,10,5,1,10090
65,11,6,1,14497
65,12,6,1,16634
65,13,6,1,23100
66,1,1,1,66
66,2,1,1,132
66,3,2,1,592
66,4,2,1,912
66,5,3,1,1966
66,6,3,1,2584
66,7,4,1,4544
66,8,4,1,5624
66,9,5,1,8694
66,10,5,1,10252
66,11,6,1,14728
66,12,6,1,16904
66,13,6,1,23586
67,1,1,1,67
67,2,1,1,134
67,3,2,1,601
67,4,2,1,926
67,5,3,1,1996
67,6,3,1,2624
67,7,4,1,4614
67,8,4,1,5712
67,9,5,1,8829
67,10,5,1,10414
67,11,6,1,14959
67,12,6,1,17174
67,13,6,1,24060
68,1,1,1,68
68,2,1,1,136
68,3,2,1,610
68,4,2,1,940
68,5,3,1,2026
68,6,3,1,2664
68,7,4,1,4684
68,8,4,1,5800
68,9,5,1,8964
68,10,5,1,10576
68,11,6,1,15190
68,12,6,1,17444
68,13,6,1,24534
69,1,1,1,69
69,2,1,1,138
69,3,2,1,619
69,4,2,1,954
69,5,3,1,2056
69,6,3,1,2704
69,7,4,1,4754
69,8,4,1,5888
69,9,5,1,9099
69,10,5,1,10738
69,11,6,1,15421
69,12,6,1,17714
69,13,6,1,25022
70,1,1,1,70
70,2,1,1,140
70,3,2,1,628
70,4,2,1,968
70,5,3,1,2086
70,6,3,1,2744
70,7,4,1,4824
70,8,4,1,5976
70,9,5,1,9234
70,10,5,1,10900
70,11,6,1,15652
70,12,6,1,17984
70,13,6,1,25522
70,14,7,1,27440
71,1,1,1,71
71,2,1,1,142
71,3,2,1,637
71,4,2,1,982
71,5,3,1,2116
71,6,3,1,2784
71,7,4,1,4894
71,8,4,1,6064
71,9,5,1,9369
71,10,5,1,11062
71,11,6,1,15883
71,12,6,1,18254
71,13,6,1,26010
71,14,7,1,27856
72,1,1,1,72
72,2,1,1,144
72,3,2,1,646
72,4,2,1,996
72,5,3,1,2146
72,6,3,1,2824
72,7,4,1,4964
72,8,4,1,6152
72,9,5,1,9504
72,10,5,1,11224
72,11,6,1,16114
72,12,6,1,18524
72,13,6,1,26498
72,14,7,1,28272
73,1,1,1,73
73,2,1,1,146
73,3,2,1,655
73,4,2,1,1010
73,5,3,1,2176
73,6,3,1,2864
73,7,4,1,5034
73,8,4,1,6240
73,9,5,1,9639
73,10,5,1,11386
73,11,6,1,16345
73,12,6,1,18794
73,13,7,1,25538
73,14,7,1,28688
74,1,1,1,74
74,2,1,1,148
74,3,2,1,664
74,4,2,1,1024
74,5,3,1,2206
74,6,3,1,2904
74,7,4,1,5104
74,8,4,1,6328
74,9,5,1,9774
74,10,5,1,11548
74,11,6,1,16576
74,12,6,1,19064
74,13,7,1,25902
74,14,7,1,29104
75,1,1,1,75
75,2,1,1,150
75,3,2,1,673
75,4,2,1,1038
75,5,3,1,2236
75,6,3,1,2944
75,7,4,1,5174
75,8,4,1,6416
75,9,5,1,9909
75,10,5,1,11710
75,11,6,1,16807
75,12,6,1,19334
75,13,7,1,26266
75,14,7,1,29520
75,15,7,1,39429
76,1,1,1,76
76,2,1,1,152
76,3,2,1,682
76,4,2,1,1052
76,5,3,1,2266
76,6,3,1,2984
76,7,4,1,5244
76,8,4,1,6504
76,9,5,1,10044
76,10,5,1,11872
76,11,6,1,17038
76,12,6,1,19604
76,13,7,1,26630
76,14,7,1,29936
76,15,7,1,40112
77,1,1,1,77
77,2,1,1,154
77,3,2,1,691
77,4,2,1,1066
77,5,3,1,2296
77,6,3,1,3024
77,7,4,1,5314
77,8,4,1,6592
77,9,5,1,10179
77,10,5,1,12034
77,11,6,1,17269
77,12,6,1,19874
77,13,7,1,26994
77,14,7,1,30352
77,15,7,1,40808
78,1,1,1,78
78,2,1,1,156
78,3,2,1,700
78,4,2,1,1080
78,5,3,1,2326
78,6,3,1,3064
78,7,4,1,5384
78,8,4,1,6680
78,9,5,1,10314
78,10,5,1,12196
78,11,6,1,17500
78,12,6,1,20144
78,13,7,1,27358
78,14,7,1,30768
78,15,7,1,41504
79,1,1,1,79
79,2,1,1,158
79,3,2,1,709
79,4,2,1,1094
79,5,3,1,2356
79,6,3,1,3104
79,7,4,1,5454
79,8,4,1,6768
79,9,5,1,10449
79,10,5,1,12358
79,11,6,1,17731
79,12,6,1,20414
79,13,7,1,27722
79,14,7,1,31184
79,15,7,1,42214
80,1,1,1,80
80,2,1,1,160
80,3,2,1,718
80,4,2,1,1108
80,5,3,1,2386
80,6,3,1,3144
80,7,4,1,5524
80,8,4,1,6856
80,9,5,1,10584
80,10,5,1,12520
80,11,6,1,17962
80,12,6,1,20684
80,13,7,1,28086
80,14,7,1,31600
80,15,7,1,42912
80,16,8,1,45776
81,1,1,1,81
81,2,1,1,162
81,3,2,1,727
81,4,2,1,1122
81,5,3,1,2416
81,6,3,1,3184
81,7,4,1,5594
81,8,4,1,6944
81,9,5,1,10719
81,10,5,1,12682
81,11,6,1,18193
81,12,6,1,20954
81,13,7,1,28450
81,14,7,1,32016
81,15,7,1,43623
81,16,8,1,46384
82,1,1,1,82
82,2,1,1,164
82,3,2,1,736
82,4,2,1,1136
82,5,3,1,2446
82,6,3,1,3224
82,7,4,1,5664
82,8,4,1,7032
82,9,5,1,10854
82,10,5,1,12844
82,11,6,1,18424
82,12,6,1,21224
82,13,7,1,28814
82,14,7,1,32432
82,15,7,1,44334
82,16,8,1,46992
83,1,1,1,83
83,2,1,1,166
83,3,2,1,745
83,4,2,1,1150
83,5,3,1,2476
83,6,3,1,3264
83,7,4,1,5734
83,8,4,1,7120
83,9,5,1,10989
83,10,5,1,13006
83,11,6,1,18655
83,12,6,1,21494
83,13,7,1,29178
83,14,7,1,32848
83,15,7,1,45058
83,16,8,1,47600
84,1,1,1,84
84,2,1,1,168
84,3,2,1,754
84,4,2,1,1164
84,5,3,1,2506
84,6,3,1,3304
84,7,4,1,5804
84,8,4,1,7208
84,9,5,1,11124
84,10,5,1,13168
84,11,6,1,18886
84,12,6,1,21764
84,13,7,1,29542
84,14,7,1,33264
84,15,7,1,45770
84,16,8,1,48208
85,1,1,1,85
85,2,1,1,170
85,3,2,1,763
85,4,2,1,1178
85,5,3,1,2536
85,6,3,1,3344
85,7,4,1,5874
85,8,4,1,7296
85,9,5,1,11259
85,10,5,1,13330
85,11,6,1,19117
85,12,6,1,22034
85,13,7,1,29906
85,14,7,1,33680
85,15,7,1,46495
85,16,8,1,48816
85,17,8,1,63117
86,1,1,1,86
86,2,1,1,172
86,3,2,1,772
86,4,2,1,1192
86,5,3,1,2566
86,6,3,1,3384
86,7,4,1,5944
86,8,4,1,7384
86,9,5,1,11394
86,10,5,1,13492
86,11,6,1,19348
86,12,6,1,22304
86,13,7,1,30270
86,14,7,1,34096
86,15,7,1,47220
86,16,8,1,49424
86,17,8,1,64090
87,1,1,1,87
87,2,1,1,174
87,3,2,1,781
87,4,2,1,1206
87,5,3,1,2596
87,6,3,1,3424
87,7,4,1,6014
87,8,4,1,7472
87,9,5,1,11529
87,10,5,1,13654
87,11,6,1,19579
87,12,6,1,22574
87,13,7,1,30634
87,14,7,1,34512
87,15,7,1,47959
87,16,8,1,50032
87,17,8,1,65047
88,1,1,1,88
88,2,1,1,176
88,3,2,1,790
88,4,2,1,1220
88,5,3,1,2626
88,6,3,1,3464
88,7,4,1,6084
88,8,4,1,7560
88,9,5,1,11664
88,10,5,1,13816
88,11,6,1,19810
88,12,6,1,22844
88,13,7,1,30998
88,14,7,1,34928
88,15,7,1,48686
88,16,8,1,50640
88,17,8,1,66004
89,1,1,1,89
89,2,1,1,178
89,3,2,1,799
89,4,2,1,1234
89,5,3,1,2656
89,6,3,1,3504
89,7,4,1,6154
89,8,4,1,7648
89,9,5,1,11799
89,10,5,1,13978
89,11,6,1,20041
89,12,6,1,23114
89,13,7,1,31362
89,14,7,1,35344
89,15,7,1,49426
89,16,8,1,51248
89,17,8,1,66977
90,1,1,1,90
90,2,1,1,180
90,3,2,1,808
90,4,2,1,1248
90,5,3,1,2686
90,6,3,1,3544
90,7,4,1,6224
90,8,4,1,7736
90,9,5,1,11934
90,10,5,1,14140
90,11,6,1,20272
90,12,6,1,23384
90,13,7,1,31726
90,14,7,1,35760
90,15,7,1,50166
90,16,8,1,51856
90,17,8,1,67966
90,18,9,1,71940
91,1,1,1,91
91,2,1,1,182
91,3,2,1,817
91,4,2,1,1262
91,5,3,1,2716
91,6,3,1,3584
91,7,4,1,6294
91,8,4,1,7824
91,9,5,1,12069
91,10,5,1,14302
91,11,6,1,20503
91,12,6,1,23654
91,13,7,1,32090
91,14,7,1,36176
91,15,7,1,50919
91,16,8,1,52464
91,17,8,1,68939
91,18,9,1,72790
92,1,1,1,92
92,2,1,1,184
92,3,2,1,826
92,4,2,1,1276
92,5,3,1,2746
92,6,3,1,3624
92,7,4,1,6364
92,8,4,1,7912
92,9,5,1,12204
92,10,5,1,14464
92,11,6,1,20734
92,12,6,1,23924
92,13,7,1,32454
92,14,7,1,36592
92,15,7,1,51660
92,16,8,1,53072
92,17,8,1,69912
92,18,9,1,73640
93,1,1,1,93
93,2,1,1,186
93,3,2,1,835
93,4,2,1,1290
93,5,3,1,2776
93,6,3,1,3664
93,7,4,1,6434
93,8,4,1,8000
93,9,5,1,12339
93,10,5,1,14626
93,11,6,1,20965
93,12,6,1,24194
93,13,7,1,32818
93,14,7,1,37008
93,15,7,1,52414
93,16,8,1,53680
93,17,8,1,70902
93,18,9,1,74490
94,1,1,1,94
94,2,1,1,188
94,3,2,1,844
94,4,2,1,1304
94,5,3,1,2806
94,6,3,1,3704
94,7,4,1,6504
94,8,4,1,8088
94,9,5,1,12474
94,10,5,1,14788
94,11,6,1,21196
94,12,6,1,24464
94,13,7,1,33182
94,14,7,1,37424
94,15,7,1,53168
94,16,8,1,54288
94,17,8,1,71908
94,18,9,1,75340
95,1,1,1,95
95,2,1,1,190
95,3,2,1,853
95,4,2,1,1318
95,5,3,1,2836
95,6,3,1,3744
95,7,4,1,6574
95,8,4,1,8176
95,9,5,1,12609
95,10,5,1,14950
95,11,6,1,21427
95,12,6,1,24734
95,13,7,1,33546
95,14,7,1,37840
95,15,7,1,53936
95,16,8,1,54896
95,17,8,1,72898
95,18,9,1,76190
95,19,9,1,96113
96,1,1,1,96
96,2,1,1,192
96,3,2,1,862
96,4,2,1,1332
96,5,3,1,2866
96,6,3,1,3784
96,7,4,1,6644
96,8,4,1,8264
96,9,5,1,12744
96,10,5,1,15112
96,11,6,1,21658
96,12,6,1,25004
96,13,7,1,33910
96,14,7,1,38256
96,15,7,1,54692
96,16,8,1,55504
96,17,8,1,73888
96,18,9,1,77040
96,19,9,1,97390
97,1,1,1,97
97,2,1,1,194
97,3,2,1,871
97,4,2,1,1346
97,5,3,1,2896
97,6,3,1,3824
97,7,4,1,6714
97,8,4,1,8352
97,9,5,1,12879
97,10,5,1,15274
97,11,6,1,21889
97,12,6,1,25274
97,13,7,1,34274
97,14,7,1,38672
97,15,7,1,55461
97,16,8,1,56112
97,17,8,1,74894
97,18,9,1,77890
97,19,9,1,98684
98,1,1,1,98
98,2,1,1,196
98,3,2,1,880
98,4,2,1,1360
98,5,3,1,2926
98,6,3,1,3864
98,7,4,1,6784
98,8,4,1,8440
98,9,5,1,13014
98,10,5,1,15436
98,11,6,1,22120
98,12,6,1,25544
98,13,7,1,34638
98,14,7,1,39088
98,15,7,1,56230
98,16,8,1,56720
98,17,8,1,75916
98,18,9,1,78740
98,19,9,1,99978
99,1,1,1,99
99,2,1,1,198
99,3,2,1,889
99,4,2,1,1374
99,5,3,1,2956
99,6,3,1,3904
99,7,4,1,6854
99,8,4,1,8528
99,9,5,1,13149
99,10,5,1,15598
99,11,6,1,22351
99,12,6,1,25814
99,13,7,1,35002
99,14,7,1,39504
99,15,8,1,51572
99,16,8,1,57328
99,17,8,1,76922
99,18,9,1,79590
99,19,9,1,101288
100,1,1,1,100
100,2,1,1,200
100,3,2,1,898
100,4,2,1,1388
100,5,3,1,2986
100,6,3,1,3944
100,7,4,1,6924
100,8,4,1,8616
100,9,5,1,13284
100,10,5,1,15760
100,11,6,1,22582
100,12,6,1,26084
100,13,7,1,35366
100,14,7,1,39920
100,15,8,1,52112
100,16,8,1,57936
100,17,8,1,77928
100,18,9,1,80440
100,19,9,1,102582
100,20,10,1,108060
101,1,1,1,101
101,2,1,1,202
101,3,2,1,907
101,4,2,1,1402
101,5,3,1,3016
101,6,3,1,3984
101,7,4,1,6994
101,8,4,1,8704
101,9,5,1,13419
101,10,5,1,15922
101,11,6,1,22813
101,12,6,1,26354
101,13,7,1,35730
101,14,7,1,40336
101,15,8,1,52652
101,16,8,1,58544
101,17,8,1,78952
101,18,9,1,81290
101,19,9,1,103893
101,20,10,1,109210
102,1,1,1,102
102,2,1,1,204
102,3,2,1,916
102,4,2,1,1416
102,5,3,1,3046
102,6,3,1,4024
102,7,4,1,7064
102,8,4,1,8792
102,9,5,1,13554
102,10,5,1,16084
102,11,6,1,23044
102,12,6,1,26624
102,13,7,1,36094
102,14,7,1,40752
102,15,8,1,53192
102,16,8,1,59152
102,17,8,1,79992
102,18,9,1,82140
102,19,9,1,105204
102,20,10,1,110360
103,1,1,1,103
103,2,1,1,206
103,3,2,1,925
103,4,2,1,1430
103,5,3,1,3076
103,6,3,1,4064
103,7,4,1,7134
103,8,4,1,8880
103,9,5,1,13689
103,10,5,1,16246
103,11,6,1,23275
103,12,6,1,26894
103,13,7,1,36458
103,14,7,1,41168
103,15,8,1,53732
103,16,8,1,59760
103,17,8,1,81016
103,18,9,1,82990
103,19,9,1,106534
103,20,10,1,111510
104,1,1,1,104
104,2,1,1,208
104,3,2,1,934
104,4,2,1,1444
104,5,3,1,3106
104,6,3,1,4104
104,7,4,1,7204
104,8,4,1,8968
104,9,5,1,13824
104,10,5,1,16408
104,11,6,1,23506
104,12,6,1,27164
104,13,7,1,36822
104,14,7,1,41584
104,15,8,1,54272
104,16,8,1,60368
104,17,8,1,82040
104,18,9,1,83840
104,19,9,1,107848
104,20,10,1,112660
105,1,1,1,105
105,2,1,1,210
105,3,2,1,943
105,4,2,1,1458
105,5,3,1,3136
105,6,3,1,4144
105,7,4,1,7274
105,8,4,1,9056
105,9,5,1,13959
105,10,5,1,16570
105,11,6,1,23737
105,12,6,1,27434
105,13,7,1,37186
105,14,7,1,42000
105,15,8,1,54812
105,16,8,1,60976
105,17,8,1,83081
105,18,9,1,84690
105,19,9,1,109179
105,20,10,1,113810
105,21,10,1,140539
106,1,1,1,106
106,2,1,1,212
106,3,2,1,952
106,4,2,1,1472
106,5,3,1,3166
106,6,3,1,4184
106,7,4,1,7344
106,8,4,1,9144
106,9,5,1,14094
106,10,5,1,16732
106,11,6,1,23968
106,12,6,1,27704
106,13,7,1,37550
106,14,7,1,42416
106,15,8,1,55352
106,16,8,1,61584
106,17,8,1,84138
106,18,9,1,85540
106,19,9,1,110510
106,20,10,1,114960
106,21,10,1,142236
107,1,1,1,107
107,2,1,1,214
107,3,2,1,961
107,4,2,1,1486
107,5,3,1,3196
107,6,3,1,4224
107,7,4,1,7414
107,8,4,1,9232
107,9,5,1,14229
107,10,5,1,16894
107,11,6,1,24199
107,12,6,1,27974
107,13,7,1,37914
107,14,7,1,42832
107,15,8,1,55892
107,16,8,1,62192
107,17,8,1,85179
107,18,9,1,86390
107,19,9,1,111860
107,20,10,1,116110
107,21,10,1,143913
108,1,1,1,108
108,2,1,1,216
108,3,2,1,970
108,4,2,1,1500
108,5,3,1,3226
108,6,3,1,4264
108,7,4,1,7484
108,8,4,1,9320
108,9,5,1,14364
108,10,5,1,17056
108,11,6,1,24430
108,12,6,1,28244
108,13,7,1,38278
108,14,7,1,43248
108,15,8,1,56432
108,16,8,1,62800
108,17,8,1,86220
108,18,9,1,87240
108,19,9,1,113194
108,20,10,1,117260
108,21,10,1,145590
109,1,1,1,109
109,2,1,1,218
109,3,2,1,979
109,4,2,1,1514
109,5,3,1,3256
109,6,3,1,4304
109,7,4,1,7554
109,8,4,1,9408
109,9,5,1,14499
109,10,5,1,17218
109,11,6,1,24661
109,12,6,1,28514
109,13,7,1,38642
109,14,7,1,43664
109,15,8,1,56972
109,16,8,1,63408
109,17,8,1,87279
109,18,9,1,88090
109,19,9,1,114545
109,20,10,1,118410
109,21,10,1,147292
110,1,1,1,110
110,2,1,1,220
110,3,2,1,988
110,4,2,1,1528
110,5,3,1,3286
110,6,3,1,4344
110,7,4,1,7624
110,8,4,1,9496
110,9,5,1,14634
110,10,5,1,17380
110,11,6,1,24892
110,12,6,1,28784
110,13,7,1,39006
110,14,7,1,44080
110,15,8,1,57512
110,16,8,1,64016
110,17,8,1,88354
110,18,9,1,88940
110,19,9,1,115896
110,20,10,1,119560
110,21,10,1,149014
110,22,10,1,185232
111,1,1,1,111
111,2,1,1,222
111,3,2,1,997
111,4,2,1,1542
111,5,3,1,3316
111,6,3,1,4384
111,7,4,1,7694
111,8,4,1,9584
111,9,5,1,14769
111,10,5,1,17542
111,11,6,1,25123
111,12,6,1,29054
111,13,7,1,39370
111,14,7,1,44496
111,15,8,1,58052
111,16,8,1,64624
111,17,8,1,89413
111,18,9,1,89790
111,19,9,1,117265
111,20,10,1,120710
111,21,10,1,150716
111,22,11,1,157712
112,1,1,1,112
112,2,1,1,224
112,3,2,1,1006
112,4,2,1,1556
112,5,3,1,3346
112,6,3,1,4424
112,7,4,1,7764
112,8,4,1,9672
112,9,5,1,14904
112,10,5,1,17704
112,11,6,1,25354
112,12,6,1,29324
112,13,7,1,39734
112,14,7,1,44912
112,15,8,1,58592
112,16,8,1,65232
112,17,8,1,90472
112,18,9,1,90640
112,19,9,1,118618
112,20,10,1,121860
112,21,10,1,152418
112,22,11,1,159224
113,1,1,1,113
113,2,1,1,226
113,3,2,1,1015
113,4,2,1,1570
113,5,3,1,3376
113,6,3,1,4464
113,7,4,1,7834
113,8,4,1,9760
113,9,5,1,15039
113,10,5,1,17866
113,11,6,1,25585
113,12,6,1,29594
113,13,7,1,40098
113,14,7,1,45328
113,15,8,1,59132
113,16,8,1,65840
113,17,8,1,91548
113,18,9,1,91490
113,19,9,1,119988
113,20,10,1,123010
113,21,10,1,154138
113,22,11,1,160736
114,1,1,1,114
114,2,1,1,228
114,3,2,1,1024
114,4,2,1,1584
114,5,3,1,3406
114,6,3,1,4504
114,7,4,1,7904
114,8,4,1,9848
114,9,5,1,15174
114,10,5,1,18028
114,11,6,1,25816
114,12,6,1,29864
114,13,7,1,40462
114,14,7,1,45744
114,15,8,1,59672
114,16,8,1,66448
114,17,8,1,92640
114,18,9,1,92340
114,19,9,1,121358
114,20,10,1,124160
114,21,10,1,155878
114,22,11,1,162248
115,1,1,1,115
115,2,1,1,230
115,3,2,1,1033
115,4,2,1,1598
115,5,3,1,3436
115,6,3,1,4544
115,7,4,1,7974
115,8,4,1,9936
115,9,5,1,15309
115,10,5,1,18190
115,11,6,1,26047
115,12,6,1,30134
115,13,7,1,40826
115,14,7,1,46160
115,15,8,1,60212
115,16,8,1,67056
115,17,8,1,93716
115,18,9,1,93190
115,19,9,1,122747
115,20,10,1,125310
115,21,10,1,157598
115,22,11,1,163760
115,23,11,1,198819
116,1,1,1,116
116,2,1,1,232
116,3,2,1,1042
116,4,2,1,1612
116,5,3,1,3466
116,6,3,1,4584
116,7,4,1,8044
116,8,4,1,10024
116,9,5,1,15444
116,10,5,1,18352
116,11,6,1,26278
116,12,6,1,30404
116,13,7,1,41190
116,14,7,1,46576
116,15,8,1,60752
116,16,8,1,67664
116,17,8,1,94792
116,18,9,1,94040
116,19,9,1,124120
116,20,10,1,126460
116,21,10,1,159318
116,22,11,1,165272
116,23,11,1,200952
117,1,1,1,117
117,2,1,1,234
117,3,2,1,1051
117,4,2,1,1626
117,5,3,1,3496
117,6,3,1,4624
117,7,4,1,8114
117,8,4,1,10112
117,9,5,1,15579
117,10,5,1,18514
117,11,6,1,26509
117,12,6,1,30674
117,13,7,1,41554
117,14,7,1,46992
117,15,8,1,61292
117,16,8,1,68272
117,17,8,1,95884
117,18,9,1,94890
117,19,9,1,125510
117,20,10,1,127610
117,21,10,1,161063
117,22,11,1,166784
117,23,11,1,203106
118,1,1,1,118
118,2,1,1,236
118,3,2,1,1060
118,4,2,1,1640
118,5,3,1,3526
118,6,3,1,4664
118,7,4,1,8184
118,8,4,1,10200
118,9,5,1,15714
118,10,5,1,18676
118,11,6,1,26740
118,12,6,1,30944
118,13,7,1,41918
118,14,7,1,47408
118,15,8,1,61832
118,16,8,1,68880
118,17,8,1,96992
118,18,9,1,95740
118,19,9,1,126900
118,20,10,1,128760
118,21,10,1,162828
118,22,11,1,168296
118,23,11,1,205260
119,1,1,1,119
119,2,1,1,238
119,3,2,1,1069
119,4,2,1,1654
119,5,3,1,3556
119,6,3,1,4704
119,7,4,1,8254
119,8,4,1,10288
119,9,5,1,15849
119,10,5,1,18838
119,11,6,1,26971
119,12,6,1,31214
119,13,7,1,42282
119,14,7,1,47824
119,15,8,1,62372
119,16,8,1,69488
119,17,8,1,98084
119,18,9,1,96590
119,19,9,1,128308
119,20,10,1,129910
119,21,10,1,164573
119,22,11,1,169808
119,23,11,1,207443
120,1,1,1,120
120,2,1,1,240
120,3,2,1,1078
120,4,2,1,1668
120,5,3,1,3586
120,6,3,1,4744
120,7,4,1,8324
120,8,4,1,10376
120,9,5,1,15984
120,10,5,1,19000
120,11,6,1,27202
120,12,6,1,31484
120,13,7,1,42646
120,14,7,1,48240
120,15,8,1,62912
120,16,8,1,70096
120,17,8,1,99176
120,18,9,1,97440
120,19,9,1,129700
120,20,10,1,131060
120,21,10,1,166318
120,22,11,1,171320
120,23,11,1,209606
120,24,11,1,256608
121,1,1,1,121
121,2,1,1,242
121,3,2,1,1087
121,4,2,1,1682
121,5,3,1,3616
121,6,3,1,4784
121,7,4,1,8394
121,8,4,1,10464
121,9,5,1,16119
121,10,5,1,19162
121,11,6,1,27433
121,12,6,1,31754
121,13,7,1,43010
121,14,7,1,48656
121,15,8,1,63452
121,16,8,1,70704
121,17,8,1,100285
121,18,9,1,98290
121,19,9,1,131109
121,20,10,1,132210
121,21,10,1,168081
121,22,11,1,172832
121,23,11,1,211790
121,24,11,1,259568
122,1,1,1,122
122,2,1,1,244
122,3,2,1,1096
122,4,2,1,1696
122,5,3,1,3646
122,6,3,1,4824
122,7,4,1,8464
122,8,4,1,10552
122,9,5,1,16254
122,10,5,1,19324
122,11,6,1,27664
122,12,6,1,32024
122,13,7,1,43374
122,14,7,1,49072
122,15,8,1,63992
122,16,8,1,71312
122,17,8,1,101410
122,18,9,1,99140
122,19,9,1,132518
122,20,10,1,133360
122,21,10,1,169864
122,22,11,1,174344
122,23,11,1,213974
122,24,11,1,262528
123,1,1,1,123
123,2,1,1,246
123,3,2,1,1105
123,4,2,1,1710
123,5,3,1,3676
123,6,3,1,4864
123,7,4,1,8534
123,8,4,1,10640
123,9,5,1,16389
123,10,5,1,19486
123,11,6,1,27895
123,12,6,1,32294
123,13,7,1,43738
123,14,7,1,49488
123,15,8,1,64532
123,16,8,1,71920
123,17,8,1,102519
123,18,9,1,99990
123,19,9,1,133944
123,20,10,1,134510
123,21,10,1,171627
123,22,11,1,175856
123,23,11,1,216180
123,24,11,1,265510
124,1,1,1,124
124,2,1,1,248
124,3,2,1,1114
124,4,2,1,1724
124,5,3,1,3706
124,6,3,1,4904
124,7,4,1,8604
124,8,4,1,10728
124,9,5,1,16524
124,10,5,1,19648
124,11,6,1,28126
124,12,6,1,32564
124,13,7,1,44102
124,14,7,1,49904
124,15,8,1,65072
124,16,8,1,72528
124,17,8,1,103628
124,18,9,1,100840
124,19,9,1,135354
124,20,10,1,135660
124,21,10,1,173390
124,22,11,1,177368
124,23,11,1,218366
124,24,11,1,268492
125,1,1,1,125
125,2,1,1,250
125,3,2,1,1123
125,4,2,1,1738
125,5,3,1,3736
125,6,3,1,4944
125,7,4,1,8674
125,8,4,1,10816
125,9,5,1,16659
125,10,5,1,19810
125,11,6,1,28357
125,12,6,1,32834
125,13,7,1,44466
125,14,7,1,50320
125,15,8,1,65612
125,16,8,1,73136
125,17,8,1,104753
125,18,9,1,101690
125,19,9,1,136781
125,20,10,1,136810
125,21,10,1,175176
125,22,11,1,178880
125,23,11,1,220573
125,24,11,1,271498
125,25,12,1,273524
126,1,1,1,126
126,2,1,1,252
126,3,2,1,1132
126,4,2,1,1752
126,5,3,1,3766
126,6,3,1,4984
126,7,4,1,8744
126,8,4,1,10904
126,9,5,1,16794
126,10,5,1,19972
126,11,6,1,28588
126,12,6,1,33104
126,13,7,1,44830
126,14,7,1,50736
126,15,8,1,66152
126,16,8,1,73744
126,17,8,1,105894
126,18,9,1,102540
126,19,9,1,138208
126,20,10,1,137960
126,21,10,1,176982
126,22,11,1,180392
126,23,11,1,222780
126,24,11,1,274504
126,25,12,1,276244
127,1,1,1,127
127,2,1,1,254
127,3,2,1,1141
127,4,2,1,1766
127,5,3,1,3796
127,6,3,1,5024
127,7,4,1,8814
127,8,4,1,10992
127,9,5,1,16929
127,10,5,1,20134
127,11,6,1,28819
127,12,6,1,33374
127,13,7,1,45194
127,14,7,1,51152
127,15,8,1,66692
127,16,8,1,74352
127,17,8,1,107019
127,18,9,1,103390
127,19,9,1,139653
127,20,10,1,139110
127,21,10,1,178768
127,22,11,1,181904
127,23,11,1,225002
127,24,11,1,277532
127,25,12,1,278940
128,1,1,1,128
128,2,1,1,256
128,3,2,1,1150
128,4,2,1,1780
128,5,3,1,3826
128,6,3,1,5064
128,7,4,1,8884
128,8,4,1,11080
128,9,5,1,17064
128,10,5,1,20296
128,11,6,1,29050
128,12,6,1,33644
128,13,7,1,45558
128,14,7,1,51568
128,15,8,1,67232
128,16,8,1,74960
128,17,8,1,108144
128,18,9,1,104240
128,19,9,1,141082
128,20,10,1,140260
128,21,10,1,180554
128,22,11,1,183416
128,23,11,1,227204
128,24,11,1,280560
128,25,12,1,281636
129,1,1,1,129
129,2,1,1,258
129,3,2,1,1159
129,4,2,1,1794
129,5,3,1,3856
129,6,3,1,5104
129,7,4,1,8954
129,8,4,1,11168
129,9,5,1,17199
129,10,5,1,20458
129,11,6,1,29281
129,12,6,1,33914
129,13,7,1,45922
129,14,7,1,51984
129,15,8,1,67772
129,16,8,1,75568
129,17,9,1,95529
129,18,9,1,105090
129,19,9,1,142528
129,20,10,1,141410
129,21,10,1,182360
129,22,11,1,184928
129,23,11,1,229427
129,24,11,1,283612
129,25,12,1,284347
130,1,1,1,130
130,2,1,1,260
130,3,2,1,1168
130,4,2,1,1808
130,5,3,1,3886
130,6,3,1,5144
130,7,4,1,9024
130,8,4,1,11256
130,9,5,1,17334
130,10,5,1,20620
130,11,6,1,29512
130,12,6,1,34184
130,13,7,1,46286
130,14,7,1,52400
130,15,8,1,68312
130,16,8,1,76176
130,17,9,1,96294
130,18,9,1,105940
130,19,9,1,143974
130,20,10,1,142560
130,21,10,1,184186
130,22,11,1,186440
130,23,11,1,231650
130,24,11,1,286664
130,25,12,1,287082
130,26,12,1,346732
131,1,1,1,131
131,2,1,1,262
131,3,2,1,1177
131,4,2,1,1822
131,5,3,1,3916
131,6,3,1,5184
131,7,4,1,9094
131,8,4,1,11344
131,9,5,1,17469
131,10,5,1,20782
131,11,6,1,29743
131,12,6,1,34454
131,13,7,1,46650
131,14,7,1,52816
131,15,8,1,68852
131,16,8,1,76784
131,17,9,1,97059
131,18,9,1,106790
131,19,9,1,145437
131,20,10,1,143710
131,21,10,1,185992
131,22,11,1,187952
131,23,11,1,233897
131,24,11,1,289738
131,25,12,1,289793
131,26,12,1,350360
132,1,1,1,132
132,2,1,1,264
132,3,2,1,1186
132,4,2,1,1836
132,5,3,1,3946
132,6,3,1,5224
132,7,4,1,9164
132,8,4,1,11432
132,9,5,1,17604
132,10,5,1,20944
132,11,6,1,29974
132,12,6,1,34724
132,13,7,1,47014
132,14,7,1,53232
132,15,8,1,69392
132,16,8,1,77392
132,17,9,1,97824
132,18,9,1,107640
132,19,9,1,146884
132,20,10,1,144860
132,21,10,1,187798
132,22,11,1,189464
132,23,11,1,236124
132,24,11,1,292812
132,25,12,1,292504
132,26,12,1,354012
133,1,1,1,133
133,2,1,1,266
133,3,2,1,1195
133,4,2,1,1850
133,5,3,1,3976
133,6,3,1,5264
133,7,4,1,9234
133,8,4,1,11520
133,9,5,1,17739
133,10,5,1,21106
133,11,6,1,30205
133,12,6,1,34994
133,13,7,1,47378
133,14,7,1,53648
133,15,8,1,69932
133,16,8,1,78000
133,17,9,1,98589
133,18,9,1,108490
133,19,9,1,148348
133,20,10,1,146010
133,21,10,1,189625
133,22,11,1,190976
133,23,11,1,238372
133,24,12,1,244240
133,25,12,1,295242
133,26,12,1,357666
134,1,1,1,134
134,2,1,1,268
134,3,2,1,1204
134,4,2,1,1864
134,5,3,1,4006
134,6,3,1,5304
134,7,4,1,9304
134,8,4,1,11608
134,9,5,1,17874
134,10,5,1,21268
134,11,6,1,30436
134,12,6,1,35264
134,13,7,1,47742
134,14,7,1,54064
134,15,8,1,70472
134,16,8,1,78608
134,17,9,1,99354
134,18,9,1,109340
134,19,9,1,149812
134,20,10,1,147160
134,21,10,1,191472
134,22,11,1,192488
134,23,11,1,240620
134,24,12,1,246184
134,25,12,1,298004
134,26,12,1,361344
135,1,1,1,135
135,2,1,1,270
135,3,2,1,1213
135,4,2,1,1878
135,5,3,1,4036
135,6,3,1,5344
135,7,4,1,9374
135,8,4,1,11696
135,9,5,1,18009
135,10,5,1,21430
135,11,6,1,30667
135,12,6,1,35534
135,13,7,1,48106
135,14,7,1,54480
135,15,8,1,71012
135,16,8,1,79216
135,17,9,1,100119
135,18,9,1,110190
135,19,9,1,151294
135,20,10,1,148310
135,21,10,1,193299
135,22,11,1,194000
135,23,11,1,242893
135,24,12,1,248128
135,25,12,1,300742
135,26,12,1,365022
135,27,13,1,367483
136,1,1,1,136
136,2,1,1,272
136,3,2,1,1222
136,4,2,1,1892
136,5,3,1,4066
136,6,3,1,5384
136,7,4,1,9444
136,8,4,1,11784
136,9,5,1,18144
136,10,5,1,21592
136,11,6,1,30898
136,12,6,1,35804
136,13,7,1,48470
136,14,7,1,54896
136,15,8,1,71552
136,16,8,1,79824
136,17,9,1,100884
136,18,9,1,111040
136,19,9,1,152760
136,20,10,1,149460
136,21,10,1,195126
136,22,11,1,195512
136,23,11,1,245146
136,24,12,1,250072
136,25,12,1,303480
136,26,12,1,368724
136,27,13,1,370786
137,1,1,1,137
137,2,1,1,274
137,3,2,1,1231
137,4,2,1,1906
137,5,3,1,4096
137,6,3,1,5424
137,7,4,1,9514
137,8,4,1,11872
137,9,5,1,18279
137,10,5,1,21754
137,11,6,1,31129
137,12,6,1,36074
137,13,7,1,48834
137,14,7,1,55312
137,15,8,1,72092
137,16,8,1,80432
137,17,9,1,101649
137,18,9,1,111890
137,19,9,1,154243
137,20,10,1,150610
137,21,10,1,196973
137,22,11,1,197024
137,23,11,1,247420
137,24,12,1,252016
137,25,12,1,306249
137,26,12,1,372428
137,27,13,1,374114
138,1,1,1,138
138,2,1,1,276
138,3,2,1,1240
138,4,2,1,1920
138,5,3,1,4126
138,6,3,1,5464
138,7,4,1,9584
138,8,4,1,11960
138,9,5,1,18414
138,10,5,1,21916
138,11,6,1,31360
138,12,6,1,36344
138,13,7,1,49198
138,14,7,1,55728
138,15,8,1,72632
138,16,8,1,81040
138,17,9,1,102414
138,18,9,1,112740
138,19,9,1,155726
138,20,10,1,151760
138,21,10,1,198840
138,22,11,1,198536
138,23,11,1,249694
138,24,12,1,253960
138,25,12,1,309042
138,26,12,1,376156
138,27,13,1,377442
139,1,1,1,139
139,2,1,1,278
139,3,2,1,1249
139,4,2,1,1934
139,5,3,1,4156
139,6,3,1,5504
139,7,4,1,9654
139,8,4,1,12048
139,9,5,1,18549
139,10,5,1,22078
139,11,6,1,31591
139,12,6,1,36614
139,13,7,1,49562
139,14,7,1,56144
139,15,8,1,73172
139,16,8,1,81648
139,17,9,1,103179
139,18,9,1,113590
139,19,9,1,157226
139,20,10,1,152910
139,21,10,1,200687
139,22,11,1,200048
139,23,11,1,251988
139,24,12,1,255904
139,25,12,1,311811
139,26,12,1,379886
139,27,13,1,380806
140,1,1,1,140
140,2,1,1,280
140,3,2,1,1258
140,4,2,1,1948
140,5,3,1,4186
140,6,3,1,5544
140,7,4,1,9724
140,8,4,1,12136
140,9,5,1,18684
140,10,5,1,22240
140,11,6,1,31822
140,12,6,1,36884
140,13,7,1,49926
140,14,7,1,56560
140,15,8,1,73712
140,16,8,1,82256
140,17,9,1,103944
140,18,9,1,114440
140,19,9,1,158710
140,20,10,1,154060
140,21,10,1,202534
140,22,11,1,201560
140,23,11,1,254262
140,24,12,1,257848
140,25,12,1,314580
140,26,12,1,383640
140,27,13,1,384146
140,28,13,1,458576
141,1,1,1,141
141,2,1,1,282
141,3,2,1,1267
141,4,2,1,1962
141,5,3,1,4216
141,6,3,1,5584
141,7,4,1,9794
141,8,4,1,12224
141,9,5,1,18819
141,10,5,1,22402
141,11,6,1,32053
141,12,6,1,37154
141,13,7,1,50290
141,14,7,1,56976
141,15,8,1,74252
141,16,8,1,82864
141,17,9,1,104709
141,18,9,1,115290
141,19,9,1,160211
141,20,10,1,155210
141,21,10,1,204402
141,22,11,1,203072
141,23,11,1,256557
141,24,12,1,259792
141,25,12,1,317369
141,26,12,1,387398
141,27,13,1,387511
141,28,13,1,462994
142,1,1,1,142
142,2,1,1,284
142,3,2,1,1276
142,4,2,1,1976
142,5,3,1,4246
142,6,3,1,5624
142,7,4,1,9864
142,8,4,1,12312
142,9,5,1,18954
142,10,5,1,22564
142,11,6,1,32284
142,12,6,1,37424
142,13,7,1,50654
142,14,7,1,57392
142,15,8,1,74792
142,16,8,1,83472
142,17,9,1,105474
142,18,9,1,116140
142,19,9,1,161712
142,20,10,1,156360
142,21,10,1,206290
142,22,11,1,204584
142,23,11,1,258852
142,24,12,1,261736
142,25,12,1,320182
142,26,12,1,391180
142,27,13,1,390876
142,28,13,1,467412
143,1,1,1,143
143,2,1,1,286
143,3,2,1,1285
143,4,2,1,1990
143,5,3,1,4276
143,6,3,1,5664
143,7,4,1,9934
143,8,4,1,12400
143,9,5,1,19089
143,10,5,1,22726
143,11,6,1,32515
143,12,6,1,37694
143,13,7,1,51018
143,14,7,1,57808
143,15,8,1,75332
143,16,8,1,84080
143,17,9,1,106239
143,18,9,1,116990
143,19,9,1,163232
143,20,10,1,157510
143,21,10,1,208158
143,22,11,1,206096
143,23,11,1,261171
143,24,12,1,263680
143,25,12,1,322971
143,26,12,1,394964
143,27,13,1,394258
143,28,13,1,471858
144,1,1,1,144
144,2,1,1,288
144,3,2,1,1294
144,4,2,1,2004
144,5,3,1,4306
144,6,3,1,5704
144,7,4,1,10004
144,8,4,1,12488
144,9,5,1,19224
144,10,5,1,22888
144,11,6,1,32746
144,12,6,1,37964
144,13,7,1,51382
144,14,7,1,58224
144,15,8,1,75872
144,16,8,1,84688
144,17,9,1,107004
144,18,9,1,117840
144,19,9,1,164736
144,20,10,1,158660
144,21,10,1,210026
144,22,11,1,207608
144,23,11,1,263470
144,24,12,1,265624
144,25,12,1,325760
144,26,12,1,398772
144,27,13,1,397616
144,28,13,1,476304
145,1,1,1,145
145,2,1,1,290
145,3,2,1,1303
145,4,2,1,2018
145,5,3,1,4336
145,6,3,1,5744
145,7,4,1,10074
145,8,4,1,12576
145,9,5,1,19359
145,10,5,1,23050
145,11,6,1,32977
145,12,6,1,38234
145,13,7,1,51746
145,14,7,1,58640
145,15,8,1,76412
145,16,8,1,85296
145,17,9,1,107769
145,18,9,1,118690
145,19,9,1,166257
145,20,10,1,159810
145,21,10,1,211915
145,22,11,1,209120
145,23,11,1,265790
145,24,12,1,267568
145,25,12,1,328580
145,26,12,1,402584
145,27,13,1,400999
145,28,13,1,480780
145,29,14,1,483731
146,1,1,1,146
146,2,1,1,292
146,3,2,1,1312
146,4,2,1,2032
146,5,3,1,4366
146,6,3,1,5784
146,7,4,1,10144
146,8,4,1,12664
146,9,5,1,19494
146,10,5,1,23212
146,11,6,1,33208
146,12,6,1,38504
146,13,7,1,52110
146,14,7,1,59056
146,15,8,1,76952
146,16,8,1,85904
146,17,9,1,108534
146,18,9,1,119540
146,19,9,1,167778
146,20,10,1,160960
146,21,10,1,213824
146,22,11,1,210632
146,23,11,1,268110
146,24,12,1,269512
146,25,12,1,331424
146,26,12,1,406420
146,27,13,1,404382
146,28,13,1,485256
146,29,14,1,487792
147,1,1,1,147
147,2,1,1,294
147,3,2,1,1321
147,4,2,1,2046
147,5,3,1,4396
147,6,3,1,5824
147,7,4,1,10214
147,8,4,1,12752
147,9,5,1,19629
147,10,5,1,23374
147,11,6,1,33439
147,12,6,1,38774
147,13,7,1,52474
147,14,7,1,59472
147,15,8,1,77492
147,16,8,1,86512
147,17,9,1,109299
147,18,9,1,120390
147,19,9,1,169317
147,20,10,1,162110
147,21,10,1,215713
147,22,11,1,212144
147,23,11,1,270449
147,24,12,1,271456
147,25,12,1,334244
147,26,12,1,410258
147,27,13,1,407801
147,28,13,1,489760
147,29,14,1,491825
148,1,1,1,148
148,2,1,1,296
148,3,2,1,1330
148,4,2,1,2060
148,5,3,1,4426
148,6,3,1,5864
148,7,4,1,10284
148,8,4,1,12840
148,9,5,1,19764
148,10,5,1,23536
148,11,6,1,33670
148,12,6,1,39044
148,13,7,1,52838
148,14,7,1,59888
148,15,8,1,78032
148,16,8,1,87120
148,17,9,1,110064
148,18,9,1,121240
148,19,9,1,170840
148,20,10,1,163260
148,21,10,1,217602
148,22,11,1,213656
148,23,11,1,272768
148,24,12,1,273400
148,25,12,1,337064
148,26,12,1,414120
148,27,13,1,411196
148,28,13,1,494264
148,29,14,1,495858
149,1,1,1,149
149,2,1,1,298
149,3,2,1,1339
149,4,2,1,2074
149,5,3,1,4456
149,6,3,1,5904
149,7,4,1,10354
149,8,4,1,12928
149,9,5,1,19899
149,10,5,1,23698
149,11,6,1,33901
149,12,6,1,39314
149,13,7,1,53202
149,14,7,1,60304
149,15,8,1,78572
149,16,8,1,87728
149,17,9,1,110829
149,18,9,1,122090
149,19,9,1,172380
149,20,10,1,164410
149,21,10,1,219513
149,22,11,1,215168
149,23,11,1,275108
149,24,12,1,275344
149,25,12,1,339904
149,26,12,1,417982
149,27,13,1,414616
149,28,13,1,498798
149,29,14,1,499934
150,1,1,1,150
150,2,1,1,300
150,3,2,1,1348
150,4,2,1,2088
150,5,3,1,4486
150,6,3,1,5944
150,7,4,1,10424
150,8,4,1,13016
150,9,5,1,20034
150,10,5,1,23860
150,11,6,1,34132
150,12,6,1,39584
150,13,7,1,53566
150,14,7,1,60720
150,15,8,1,79112
150,16,8,1,88336
150,17,9,1,111594
150,18,9,1,122940
150,19,9,1,173920
150,20,10,1,165560
150,21,10,1,221444
150,22,11,1,216680
150,23,11,1,277448
150,24,12,1,277288
150,25,12,1,342768
150,26,12,1,421868
150,27,13,1,418036
150,28,13,1,503332
150,29,14,1,504038
150,30,14,1,595436
151,1,1,1,151
151,2,1,1,302
151,3,2,1,1357
151,4,2,1,2102
151,5,3,1,4516
151,6,3,1,5984
151,7,4,1,10494
151,8,4,1,13104
151,9,5,1,20169
151,10,5,1,24022
151,11,6,1,34363
151,12,6,1,39854
151,13,7,1,53930
151,14,7,1,61136
151,15,8,1,79652
151,16,8,1,88944
151,17,9,1,112359
151,18,9,1,123790
151,19,9,1,175479
151,20,10,1,166710
151,21,10,1,223355
151,22,11,1,218192
151,23,11,1,279814
151,24,12,1,279232
151,25,12,1,345608
151,26,12,1,425756
151,27,13,1,421473
151,28,13,1,507894
151,29,14,1,508114
151,30,14,1,600722
152,1,1,1,152
152,2,1,1,304
152,3,2,1,1366
152,4,2,1,2116
152,5,3,1,4546
152,6,3,1,6024
152,7,4,1,10564
152,8,4,1,13192
152,9,5,1,20304
152,10,5,1,24184
152,11,6,1,34594
152,12,6,1,40124
152,13,7,1,54294
152,14,7,1,61552
152,15,8,1,80192
152,16,8,1,89552
152,17,9,1,113124
152,18,9,1,124640
152,19,9,1,177022
152,20,10,1,167860
152,21,10,1,225266
152,22,11,1,219704
152,23,11,1,282160
152,24,12,1,281176
152,25,12,1,348448
152,26,12,1,429668
152,27,13,1,424886
152,28,13,1,512456
152,29,14,1,512190
152,30,14,1,606036
153,1,1,1,153
153,2,1,1,306
153,3,2,1,1375
153,4,2,1,2130
153,5,3,1,4576
153,6,3,1,6064
153,7,4,1,10634
153,8,4,1,13280
153,9,5,1,20439
153,10,5,1,24346
153,11,6,1,34825
153,12,6,1,40394
153,13,7,1,54658
153,14,7,1,61968
153,15,8,1,80732
153,16,8,1,90160
153,17,9,1,113889
153,18,9,1,125490
153,19,9,1,178582
153,20,10,1,169010
153,21,10,1,227198
153,22,11,1,221216
153,23,11,1,284527
153,24,12,1,283120
153,25,12,1,351319
153,26,12,1,433580
153,27,13,1,428324
153,28,13,1,517044
153,29,14,1,516282
153,30,14,1,611354
154,1,1,1,154
154,2,1,1,308
154,3,2,1,1384
154,4,2,1,2144
154,5,3,1,4606
154,6,3,1,6104
154,7,4,1,10704
154,8,4,1,13368
154,9,5,1,20574
154,10,5,1,24508
154,11,6,1,35056
154,12,6,1,40664
154,13,7,1,55022
154,14,7,1,62384
154,15,8,1,81272
154,16,8,1,90768
154,17,9,1,114654
154,18,9,1,126340
154,19,9,1,180142
154,20,10,1,170160
154,21,10,1,229150
154,22,11,1,222728
154,23,11,1,286894
154,24,12,1,285064
154,25,12,1,354214
154,26,12,1,437516
154,27,13,1,431762
154,28,13,1,521632
154,29,14,1,520402
154,30,14,1,616700
155,1,1,1,155
155,2,1,1,310
155,3,2,1,1393
155,4,2,1,2158
155,5,3,1,4636
155,6,3,1,6144
155,7,4,1,10774
155,8,4,1,13456
155,9,5,1,20709
155,10,5,1,24670
155,11,6,1,35287
155,12,6,1,40934
155,13,7,1,55386
155,14,7,1,62800
155,15,8,1,81812
155,16,8,1,91376
155,17,9,1,115419
155,18,9,1,127190
155,19,9,1,181720
155,20,10,1,171310
155,21,10,1,231082
155,22,11,1,224240
155,23,11,1,289280
155,24,12,1,287008
155,25,12,1,357085
155,26,12,1,441454
155,27,13,1,435236
155,28,13,1,526248
155,29,14,1,524494
155,30,14,1,622048
155,31,15,1,625591
156,1,1,1,156
156,2,1,1,312
156,3,2,1,1402
156,4,2,1,2172
156,5,3,1,4666
156,6,3,1,6184
156,7,4,1,10844
156,8,4,1,13544
156,9,5,1,20844
156,10,5,1,24832
156,11,6,1,35518
156,12,6,1,41204
156,13,7,1,55750
156,14,7,1,63216
156,15,8,1,82352
156,16,8,1,91984
156,17,9,1,116184
156,18,9,1,128040
156,19,9,1,183282
156,20,10,1,172460
156,21,10,1,233014
156,22,11,1,225752
156,23,11,1,291646
156,24,12,1,288952
156,25,12,1,359956
156,26,12,1,445416
156,27,13,1,438686
156,28,13,1,530864
156,29,14,1,528586
156,30,14,1,627424
156,31,15,1,630424
157,1,1,1,157
157,2,1,1,314
157,3,2,1,1411
157,4,2,1,2186
157,5,3,1,4696
157,6,3,1,6224
157,7,4,1,10914
157,8,4,1,13632
157,9,5,1,20979
157,10,5,1,24994
157,11,6,1,35749
157,12,6,1,41474
157,13,7,1,56114
157,14,7,1,63632
157,15,8,1,82892
157,16,8,1,92592
157,17,9,1,116949
157,18,9,1,128890
157,19,9,1,184861
157,20,10,1,173610
157,21,10,1,234968
157,22,11,1,227264
157,23,11,1,294033
157,24,12,1,290896
157,25,12,1,362846
157,26,13,1,364994
157,27,13,1,442161
157,28,13,1,535506
157,29,14,1,532721
157,30,14,1,632800
157,31,15,1,635286
158,1,1,1,158
158,2,1,1,316
158,3,2,1,1420
158,4,2,1,2200
158,5,3,1,4726
158,6,3,1,6264
158,7,4,1,10984
158,8,4,1,13720
158,9,5,1,21114
158,10,5,1,25156
158,11,6,1,35980
158,12,6,1,41744
158,13,7,1,56478
158,14,7,1,64048
158,15,8,1,83432
158,16,8,1,93200
158,17,9,1,117714
158,18,9,1,129740
158,19,9,1,186440
158,20,10,1,174760
158,21,10,1,236942
158,22,11,1,228776
158,23,11,1,296420
158,24,12,1,292840
158,25,12,1,365760
158,26,13,1,367444
158,27,13,1,445636
158,28,13,1,540148
158,29,14,1,536884
158,30,14,1,638204
158,31,15,1,640148
159,1,1,1,159
159,2,1,1,318
159,3,2,1,1429
159,4,2,1,2214
159,5,3,1,4756
159,6,3,1,6304
159,7,4,1,11054
159,8,4,1,13808
159,9,5,1,21249
159,10,5,1,25318
159,11,6,1,36211
159,12,6,1,42014
159,13,7,1,56842
159,14,7,1,64464
159,15,8,1,83972
159,16,8,1,93808
159,17,9,1,118479
159,18,9,1,130590
159,19,9,1,188036
159,20,10,1,175910
159,21,10,1,238896
159,22,11,1,230288
159,23,11,1,298833
159,24,12,1,294784
159,25,12,1,368650
159,26,13,1,369894
159,27,13,1,449128
159,28,13,1,544818
159,29,14,1,541019
159,30,14,1,643610
159,31,15,1,645058
160,1,1,1,160
160,2,1,1,320
160,3,2,1,1438
160,4,2,1,2228
160,5,3,1,4786
160,6,3,1,6344
160,7,4,1,11124
160,8,4,1,13896
160,9,5,1,21384
160,10,5,1,25480
160,11,6,1,36442
160,12,6,1,42284
160,13,7,1,57206
160,14,7,1,64880
160,15,8,1,84512
160,16,8,1,94416
160,17,9,1,119244
160,18,9,1,131440
160,19,9,1,189616
160,20,10,1,177060
160,21,10,1,240850
160,22,11,1,231800
160,23,11,1,301226
160,24,12,1,296728
160,25,12,1,371540
160,26,13,1,372344
160,27,13,1,452596
160,28,13,1,549488
160,29,14,1,545154
160,30,14,1,649044
160,31,15,1,649940
160,32,15,1,760752
161,1,1,1,161
161,2,1,1,322
161,3,2,1,1447
161,4,2,1,2242
161,5,3,1,4816
161,6,3,1,6384
161,7,4,1,11194
161,8,4,1,13984
161,9,5,1,21519
161,10,5,1,25642
161,11,6,1,36673
161,12,6,1,42554
161,13,7,1,57570
161,14,7,1,65296
161,15,8,1,85052
161,16,8,1,95024
161,17,9,1,120009
161,18,9,1,132290
161,19,9,1,191213
161,20,10,1,178210
161,21,10,1,242825
161,22,11,1,233312
161,23,11,1,303640
161,24,12,1,298672
161,25,12,1,374462
161,26,13,1,374794
161,27,13,1,456089
161,28,13,1,554184
161,29,14,1,549305
161,30,14,1,654478
161,31,15,1,654851
161,32,15,1,767038
162,1,1,1,162
162,2,1,1,324
162,3,2,1,1456
162,4,2,1,2256
162,5,3,1,4846
162,6,3,1,6424
162,7,4,1,11264
162,8,4,1,14072
162,9,5,1,21654
162,10,5,1,25804
162,11,6,1,36904
162,12,6,1,42824
162,13,7,1,57934
162,14,7,1,65712
162,15,8,1,85592
162,16,8,1,95632
162,17,9,1,120774
162,18,9,1,133140
162,19,9,1,192810
162,20,10,1,179360
162,21,10,1,244820
162,22,11,1,234824
162,23,11,1,306054
162,24,12,1,300616
162,25,12,1,377408
162,26,13,1,377244
162,27,13,1,459582
162,28,13,1,558880
162,29,14,1,553484
162,30,14,1,659940
162,31,15,1,659762
162,32,15,1,773324
163,1,1,1,163
163,2,1,1,326
163,3,2,1,1465
163,4,2,1,2270
163,5,3,1,4876
163,6,3,1,6464
163,7,4,1,11334
163,8,4,1,14160
163,9,5,1,21789
163,10,5,1,25966
163,11,6,1,37135
163,12,6,1,43094
163,13,7,1,58298
163,14,7,1,66128
163,15,8,1,86132
163,16,8,1,96240
163,17,9,1,121539
163,18,9,1,133990
163,19,10,1,165337
163,20,10,1,180510
163,21,10,1,246795
163,22,11,1,236336
163,23,11,1,308487
163,24,12,1,302560
163,25,12,1,380330
163,26,13,1,379694
163,27,13,1,463111
163,28,13,1,563604
163,29,14,1,557635
163,30,14,1,665404
163,31,15,1,664686
163,32,15,1,779642
164,1,1,1,164
164,2,1,1,328
164,3,2,1,1474
164,4,2,1,2284
164,5,3,1,4906
164,6,3,1,6504
164,7,4,1,11404
164,8,4,1,14248
164,9,5,1,21924
164,10,5,1,26128
164,11,6,1,37366
164,12,6,1,43364
164,13,7,1,58662
164,14,7,1,66544
164,15,8,1,86672
164,16,8,1,96848
164,17,9,1,122304
164,18,9,1,134840
164,19,10,1,166382
164,20,10,1,181660
164,21,10,1,248770
164,22,11,1,237848
164,23,11,1,310900
164,24,12,1,304504
164,25,12,1,383252
164,26,13,1,382144
164,27,13,1,466616
164,28,13,1,568328
164,29,14,1,561786
164,30,14,1,670896
164,31,15,1,669582
164,32,15,1,785960
165,1,1,1,165
165,2,1,1,330
165,3,2,1,1483
165,4,2,1,2298
165,5,3,1,4936
165,6,3,1,6544
165,7,4,1,11474
165,8,4,1,14336
165,9,5,1,22059
165,10,5,1,26290
165,11,6,1,37597
165,12,6,1,43634
165,13,7,1,59026
165,14,7,1,66960
165,15,8,1,87212
165,16,8,1,97456
165,17,9,1,123069
165,18,9,1,135690
165,19,10,1,167427
165,20,10,1,182810
165,21,10,1,250765
165,22,11,1,239360
165,23,11,1,313334
165,24,12,1,306448
165,25,12,1,386193
165,26,13,1,384594
165,27,13,1,470146
165,28,13,1,573078
165,29,14,1,565980
165,30,14,1,676388
165,31,15,1,674507
165,32,15,1,792308
165,33,15,1,916794
166,1,1,1,166
166,2,1,1,332
166,3,2,1,1492
166,4,2,1,2312
166,5,3,1,4966
166,6,3,1,6584
166,7,4,1,11544
166,8,4,1,14424
166,9,5,1,22194
166,10,5,1,26452
166,11,6,1,37828
166,12,6,1,43904
166,13,7,1,59390
166,14,7,1,67376
166,15,8,1,87752
166,16,8,1,98064
166,17,9,1,123834
166,18,9,1,136540
166,19,10,1,168472
166,20,10,1,183960
166,21,10,1,252780
166,22,11,1,240872
166,23,11,1,315768
166,24,12,1,308392
166,25,12,1,389158
166,26,13,1,387044
166,27,13,1,473676
166,28,13,1,577828
166,29,14,1,570202
166,30,14,1,681908
166,31,15,1,679432
166,32,15,1,798656
166,33,15,1,924628
167,1,1,1,167
167,2,1,1,334
167,3,2,1,1501
167,4,2,1,2326
167,5,3,1,4996
167,6,3,1,6624
167,7,4,1,11614
167,8,4,1,14512
167,9,5,1,22329
167,10,5,1,26614
167,11,6,1,38059
167,12,6,1,44174
167,13,7,1,59754
167,14,7,1,67792
167,15,8,1,88292
167,16,8,1,98672
167,17,9,1,124599
167,18,9,1,137390
167,19,10,1,169517
167,20,10,1,185110
167,21,10,1,254775
167,22,11,1,242384
167,23,11,1,318226
167,24,12,1,310336
167,25,12,1,392099
167,26,13,1,389494
167,27,13,1,477223
167,28,13,1,582606
167,29,14,1,574396
167,30,14,1,687430
167,31,15,1,684405
167,32,15,1,805036
167,33,15,1,932494
168,1,1,1,168
168,2,1,1,336
168,3,2,1,1510
168,4,2,1,2340
168,5,3,1,5026
168,6,3,1,6664
168,7,4,1,11684
168,8,4,1,14600
168,9,5,1,22464
168,10,5,1,26776
168,11,6,1,38290
168,12,6,1,44444
168,13,7,1,60118
168,14,7,1,68208
168,15,8,1,88832
168,16,8,1,99280
168,17,9,1,125364
168,18,9,1,138240
168,19,10,1,170562
168,20,10,1,186260
168,21,10,1,256770
168,22,11,1,243896
168,23,11,1,320664
168,24,12,1,312280
168,25,12,1,395040
168,26,13,1,391944
168,27,13,1,480746
168,28,13,1,587384
168,29,14,1,578590
168,30,14,1,692980
168,31,15,1,689350
168,32,15,1,811416
168,33,15,1,940372
169,1,1,1,169
169,2,1,1,338
169,3,2,1,1519
169,4,2,1,2354
169,5,3,1,5056
169,6,3,1,6704
169,7,4,1,11754
169,8,4,1,14688
169,9,5,1,22599
169,10,5,1,26938
169,11,6,1,38521
169,12,6,1,44714
169,13,7,1,60482
169,14,7,1,68624
169,15,8,1,89372
169,16,8,1,99888
169,17,9,1,126129
169,18,9,1,139090
169,19,10,1,171607
169,20,10,1,187410
169,21,10,1,258786
169,22,11,1,245408
169,23,11,1,323123
169,24,12,1,314224
169,25,12,1,398008
169,26,13,1,394394
169,27,13,1,484294
169,28,13,1,592188
169,29,14,1,582801
169,30,14,1,698530
169,31,15,1,694324
169,32,15,1,817826
169,33,15,1,948280
170,1,1,1,170
170,2,1,1,340
170,3,2,1,1528
170,4,2,1,2368
170,5,3,1,5086
170,6,3,1,6744
170,7,4,1,11824
170,8,4,1,14776
170,9,5,1,22734
170,10,5,1,27100
170,11,6,1,38752
170,12,6,1,44984
170,13,7,1,60846
170,14,7,1,69040
170,15,8,1,89912
170,16,8,1,100496
170,17,9,1,126894
170,18,9,1,139940
170,19,10,1,172652
170,20,10,1,188560
170,21,10,1,260822
170,22,11,1,246920
170,23,11,1,325582
170,24,12,1,316168
170,25,12,1,401000
170,26,13,1,396844
170,27,13,1,487842
170,28,13,1,596992
170,29,14,1,587040
170,30,14,1,704108
170,31,15,1,699298
170,32,15,1,824236
170,33,15,1,956210
170,34,16,1,958204
171,1,1,1,171
171,2,1,1,342
171,3,2,1,1537
171,4,2,1,2382
171,5,3,1,5116
171,6,3,1,6784
171,7,4,1,11894
171,8,4,1,14864
171,9,5,1,22869
171,10,5,1,27262
171,11,6,1,38983
171,12,6,1,45254
171,13,7,1,61210
171,14,7,1,69456
171,15,8,1,90452
171,16,8,1,101104
171,17,9,1,127659
171,18,9,1,140790
171,19,10,1,173697
171,20,10,1,189710
171,21,10,1,262838
171,22,11,1,248432
171,23,11,1,328062
171,24,12,1,318112
171,25,12,1,403968
171,26,13,1,399294
171,27,13,1,491424
171,28,13,1,601824
171,29,14,1,591251
171,30,14,1,709688
171,31,15,1,704287
171,32,15,1,830678
171,33,16,1,831306
171,34,16,1,965568
172,1,1,1,172
172,2,1,1,344
172,3,2,1,1546
172,4,2,1,2396
172,5,3,1,5146
172,6,3,1,6824
172,7,4,1,11964
172,8,4,1,14952
172,9,5,1,23004
172,10,5,1,27424
172,11,6,1,39214
172,12,6,1,45524
172,13,7,1,61574
172,14,7,1,69872
172,15,8,1,90992
172,16,8,1,101712
172,17,9,1,128424
172,18,9,1,141640
172,19,10,1,174742
172,20,10,1,190860
172,21,10,1,264854
172,22,11,1,249944
172,23,11,1,330522
172,24,12,1,320056
172,25,12,1,406936
172,26,13,1,401744
172,27,13,1,494982
172,28,13,1,606656
172,29,14,1,595462
172,30,14,1,715296
172,31,15,1,709248
172,32,15,1,837120
172,33,16,1,837124
172,34,16,1,972964
173,1,1,1,173
173,2,1,1,346
173,3,2,1,1555
173,4,2,1,2410
173,5,3,1,5176
173,6,3,1,6864
173,7,4,1,12034
173,8,4,1,15040
173,9,5,1,23139
173,10,5,1,27586
173,11,6,1,39445
173,12,6,1,45794
173,13,7,1,61938
173,14,7,1,70288
173,15,8,1,91532
173,16,8,1,102320
173,17,9,1,129189
173,18,9,1,142490
173,19,10,1,175787
173,20,10,1,192010
173,21,10,1,266890
173,22,11,1,251456
173,23,11,1,333003
173,24,12,1,322000
173,25,12,1,409931
173,26,13,1,404194
173,27,13,1,498565
173,28,13,1,611516
173,29,14,1,599713
173,30,14,1,720904
173,31,15,1,714238
173,32,15,1,843592
173,33,16,1,842958
173,34,16,1,980364
174,1,1,1,174
174,2,1,1,348
174,3,2,1,1564
174,4,2,1,2424
174,5,3,1,5206
174,6,3,1,6904
174,7,4,1,12104
174,8,4,1,15128
174,9,5,1,23274
174,10,5,1,27748
174,11,6,1,39676
174,12,6,1,46064
174,13,7,1,62302
174,14,7,1,70704
174,15,8,1,92072
174,16,8,1,102928
174,17,9,1,129954
174,18,9,1,143340
174,19,10,1,176832
174,20,10,1,193160
174,21,10,1,268946
174,22,11,1,252968
174,23,11,1,335484
174,24,12,1,323944
174,25,12,1,412950
174,26,13,1,406644
174,27,13,1,502148
174,28,13,1,616376
174,29,14,1,603992
174,30,14,1,726540
174,31,15,1,719228
174,32,15,1,850064
174,33,16,1,848824
174,34,16,1,987796
175,1,1,1,175
175,2,1,1,350
175,3,2,1,1573
175,4,2,1,2438
175,5,3,1,5236
175,6,3,1,6944
175,7,4,1,12174
175,8,4,1,15216
175,9,5,1,23409
175,10,5,1,27910
175,11,6,1,39907
175,12,6,1,46334
175,13,7,1,62666
175,14,7,1,71120
175,15,8,1,92612
175,16,8,1,103536
175,17,9,1,130719
175,18,9,1,144190
175,19,10,1,177877
175,20,10,1,194310
175,21,10,1,270982
175,22,11,1,254480
175,23,11,1,337987
175,24,12,1,325888
175,25,12,1,415945
175,26,13,1,409094
175,27,13,1,505750
175,28,13,1,621266
175,29,14,1,608243
175,30,14,1,732180
175,31,15,1,724260
175,32,15,1,856568
175,33,16,1,854658
175,34,16,1,995226
175,35,16,1,1143614
176,1,1,1,176
176,2,1,1,352
176,3,2,1,1582
176,4,2,1,2452
176,5,3,1,5266
176,6,3,1,6984
176,7,4,1,12244
176,8,4,1,15304
176,9,5,1,23544
176,10,5,1,28072
176,11,6,1,40138
176,12,6,1,46604
176,13,7,1,63030
176,14,7,1,71536
176,15,8,1,93152
176,16,8,1,104144
176,17,9,1,131484
176,18,9,1,145040
176,19,10,1,178922
176,20,10,1,195460
176,21,10,1,273018
176,22,11,1,255992
176,23,11,1,340470
176,24,12,1,327832
176,25,12,1,418940
176,26,13,1,411544
176,27,13,1,509328
176,28,13,1,626156
176,29,14,1,612494
176,30,14,1,737848
176,31,15,1,729264
176,32,15,1,863072
176,33,16,1,860492
176,34,16,1,1002688
176,35,16,1,1152728
177,1,1,1,177
177,2,1,1,354
177,3,2,1,1591
177,4,2,1,2466
177,5,3,1,5296
177,6,3,1,7024
177,7,4,1,12314
177,8,4,1,15392
177,9,5,1,23679
177,10,5,1,28234
177,11,6,1,40369
177,12,6,1,46874
177,13,7,1,63394
177,14,7,1,71952
177,15,8,1,93692
177,16,8,1,104752
177,17,9,1,132249
177,18,9,1,145890
177,19,10,1,179967
177,20,10,1,196610
177,21,10,1,275075
177,22,11,1,257504
177,23,11,1,342974
177,24,12,1,329776
177,25,12,1,421960
177,26,13,1,413994
177,27,13,1,512931
177,28,13,1,631074
177,29,14,1,616764
177,30,14,1,743518
177,31,15,1,734297
177,32,15,1,869608
177,33,16,1,866371
177,34,16,1,1010156
177,35,16,1,1161874
178,1,1,1,178
178,2,1,1,356
178,3,2,1,1600
178,4,2,1,2480
178,5,3,1,5326
178,6,3,1,7064
178,7,4,1,12384
178,8,4,1,15480
178,9,5,1,23814
178,10,5,1,28396
178,11,6,1,40600
178,12,6,1,47144
178,13,7,1,63758
178,14,7,1,72368
178,15,8,1,94232
178,16,8,1,105360
178,17,9,1,133014
178,18,9,1,146740
178,19,10,1,181012
178,20,10,1,197760
178,21,10,1,277152
178,22,11,1,259016
178,23,11,1,345478
178,24,12,1,331720
178,25,12,1,425004
178,26,13,1,416444
178,27,13,1,516534
178,28,13,1,635992
178,29,14,1,621062
178,30,14,1,749216
178,31,15,1,739330
178,32,15,1,876144
178,33,16,1,872282
178,34,16,1,1017656
178,35,16,1,1171054
179,1,1,1,179
179,2,1,1,358
179,3,2,1,1609
179,4,2,1,2494
179,5,3,1,5356
179,6,3,1,7104
179,7,4,1,12454
179,8,4,1,15568
179,9,5,1,23949
179,10,5,1,28558
179,11,6,1,40831
179,12,6,1,47414
179,13,7,1,64122
179,14,7,1,72784
179,15,8,1,94772
179,16,8,1,105968
179,17,9,1,133779
179,18,9,1,147590
179,19,10,1,182057
179,20,10,1,198910
179,21,10,1,279209
179,22,11,1,260528
179,23,11,1,348003
179,24,12,1,333664
179,25,12,1,428024
179,26,13,1,418894
179,27,13,1,520169
179,28,13,1,640940
179,29,14,1,625332
179,30,14,1,754918
179,31,15,1,744382
179,32,15,1,882714
179,33,16,1,878161
179,34,16,1,1025152
179,35,16,1,1180243
180,1,1,1,180
180,2,1,1,360
180,3,2,1,1618
180,4,2,1,2508
180,5,3,1,5386
180,6,3,1,7144
180,7,4,1,12524
180,8,4,1,15656
180,9,5,1,24084
180,10,5,1,28720
180,11,6,1,41062
180,12,6,1,47684
180,13,7,1,64486
180,14,7,1,73200
180,15,8,1,95312
180,16,8,1,106576
180,17,9,1,134544
180,18,9,1,148440
180,19,10,1,183102
180,20,10,1,200060
180,21,10,1,281266
180,22,11,1,262040
180,23,11,1,350508
180,24,12,1,335608
180,25,12,1,431044
180,26,13,1,421344
180,27,13,1,523780
180,28,13,1,645888
180,29,14,1,629602
180,30,14,1,760648
180,31,15,1,749406
180,32,15,1,889284
180,33,16,1,884040
180,34,16,1,1032680
180,35,16,1,1189456
180,36,17,1,1191656
181,1,1,1,181
181,2,1,1,362
181,3,2,1,1627
181,4,2,1,2522
181,5,3,1,5416
181,6,3,1,7184
181,7,4,1,12594
181,8,4,1,15744
181,9,5,1,24219
181,10,5,1,28882
181,11,6,1,41293
181,12,6,1,47954
181,13,7,1,64850
181,14,7,1,73616
181,15,8,1,95852
181,16,8,1,107184
181,17,9,1,135309
181,18,9,1,149290
181,19,10,1,184147
181,20,10,1,201210
181,21,10,1,283343
181,22,11,1,263552
181,23,11,1,353034
181,24,12,1,337552
181,25,12,1,434087
181,26,13,1,423794
181,27,13,1,527416
181,28,13,1,650864
181,29,14,1,633910
181,30,14,1,766380
181,31,15,1,754459
181,32,15,1,895886
181,33,16,1,889940
181,34,16,1,1040218
181,35,16,1,1198707
181,36,17,1,1200262
182,1,1,1,182
182,2,1,1,364
182,3,2,1,1636
182,4,2,1,2536
182,5,3,1,5446
182,6,3,1,7224
182,7,4,1,12664
182,8,4,1,15832
182,9,5,1,24354
182,10,5,1,29044
182,11,6,1,41524
182,12,6,1,48224
182,13,7,1,65214
182,14,7,1,74032
182,15,8,1,96392
182,16,8,1,107792
182,17,9,1,136074
182,18,9,1,150140
182,19,10,1,185192
182,20,10,1,202360
182,21,10,1,285440
182,22,11,1,265064
182,23,11,1,355560
182,24,12,1,339496
182,25,12,1,437154
182,26,13,1,426244
182,27,13,1,531052
182,28,13,1,655840
182,29,14,1,638246
182,30,14,1,772140
182,31,15,1,759512
182,32,15,1,902488
182,33,16,1,895872
182,34,16,1,1047788
182,35,16,1,1207992
182,36,17,1,1208868
183,1,1,1,183
183,2,1,1,366
183,3,2,1,1645
183,4,2,1,2550
183,5,3,1,5476
183,6,3,1,7264
183,7,4,1,12734
183,8,4,1,15920
183,9,5,1,24489
183,10,5,1,29206
183,11,6,1,41755
183,12,6,1,48494
183,13,7,1,65578
183,14,7,1,74448
183,15,8,1,96932
183,16,8,1,108400
183,17,9,1,136839
183,18,9,1,150990
183,19,10,1,186237
183,20,10,1,203510
183,21,10,1,287517
183,22,11,1,266576
183,23,11,1,358108
183,24,12,1,341440
183,25,12,1,440197
183,26,13,1,428694
183,27,13,1,534709
183,28,14,1,529550
183,29,14,1,642554
183,30,14,1,777904
183,31,15,1,764607
183,32,15,1,909124
183,33,16,1,901772
183,34,16,1,1055354
183,35,16,1,1217288
183,36,17,1,1217494
184,1,1,1,184
184,2,1,1,368
184,3,2,1,1654
184,4,2,1,2564
184,5,3,1,5506
184,6,3,1,7304
184,7,4,1,12804
184,8,4,1,16008
184,9,5,1,24624
184,10,5,1,29368
184,11,6,1,41986
184,12,6,1,48764
184,13,7,1,65942
184,14,7,1,74864
184,15,8,1,97472
184,16,8,1,109008
184,17,9,1,137604
184,18,9,1,151840
184,19,10,1,187282
184,20,10,1,204660
184,21,10,1,289594
184,22,11,1,268088
184,23,11,1,360636
184,24,12,1,343384
184,25,12,1,443240
184,26,13,1,431144
184,27,13,1,538342
184,28,14,1,532588
184,29,14,1,646862
184,30,14,1,783696
184,31,15,1,769674
184,32,15,1,915760
184,33,16,1,907672
184,34,16,1,1062952
184,35,16,1,1226612
184,36,17,1,1226120
185,1,1,1,185
185,2,1,1,370
185,3,2,1,1663
185,4,2,1,2578
185,5,3,1,5536
185,6,3,1,7344
185,7,4,1,12874
185,8,4,1,16096
185,9,5,1,24759
185,10,5,1,29530
185,11,6,1,42217
185,12,6,1,49034
185,13,7,1,66306
185,14,7,1,75280
185,15,8,1,98012
185,16,8,1,109616
185,17,9,1,138369
185,18,9,1,152690
185,19,10,1,188327
185,20,10,1,205810
185,21,10,1,291692
185,22,11,1,269600
185,23,11,1,363185
185,24,12,1,345328
185,25,12,1,446309
185,26,13,1,433594
185,27,13,1,542000
185,28,14,1,535626
185,29,14,1,651191
185,30,14,1,789490
185,31,15,1,774770
185,32,15,1,922428
185,33,16,1,913619
185,34,16,1,1070560
185,35,16,1,1235971
185,36,17,1,1234800
185,37,17,1,1409872
186,1,1,1,186
186,2,1,1,372
186,3,2,1,1672
186,4,2,1,2592
186,5,3,1,5566
186,6,3,1,7384
186,7,4,1,12944
186,8,4,1,16184
186,9,5,1,24894
186,10,5,1,29692
186,11,6,1,42448
186,12,6,1,49304
186,13,7,1,66670
186,14,7,1,75696
186,15,8,1,98552
186,16,8,1,110224
186,17,9,1,139134
186,18,9,1,153540
186,19,10,1,189372
186,20,10,1,206960
186,21,10,1,293810
186,22,11,1,271112
186,23,11,1,365734
186,24,12,1,347272
186,25,12,1,449402
186,26,13,1,436044
186,27,13,1,545658
186,28,14,1,538664
186,29,14,1,655548
186,30,14,1,795312
186,31,15,1,779866
186,32,15,1,929096
186,33,16,1,919598
186,34,16,1,1078200
186,35,16,1,1245366
186,36,17,1,1243480
186,37,17,1,1420410
187,1,1,1,187
187,2,1,1,374
187,3,2,1,1681
187,4,2,1,2606
187,5,3,1,5596
187,6,3,1,7424
187,7,4,1,13014
187,8,4,1,16272
187,9,5,1,25029
187,10,5,1,29854
187,11,6,1,42679
187,12,6,1,49574
187,13,7,1,67034
187,14,7,1,76112
187,15,8,1,99092
187,16,8,1,110832
187,17,9,1,139899
187,18,9,1,154390
187,19,10,1,190417
187,20,10,1,208110
187,21,10,1,295908
187,22,11,1,272624
187,23,11,1,368304
187,24,12,1,349216
187,25,12,1,452471
187,26,13,1,438494
187,27,13,1,549346
187,28,14,1,541702
187,29,14,1,659877
187,30,14,1,801134
187,31,15,1,784981
187,32,15,1,935798
187,33,16,1,925545
187,34,16,1,1085836
187,35,16,1,1254772
187,36,17,1,1252178
187,37,17,1,1430987
188,1,1,1,188
188,2,1,1,376
188,3,2,1,1690
188,4,2,1,2620
188,5,3,1,5626
188,6,3,1,7464
188,7,4,1,13084
188,8,4,1,16360
188,9,5,1,25164
188,10,5,1,30016
188,11,6,1,42910
188,12,6,1,49844
188,13,7,1,67398
188,14,7,1,76528
188,15,8,1,99632
188,16,8,1,111440
188,17,9,1,140664
188,18,9,1,155240
188,19,10,1,191462
188,20,10,1,209260
188,21,10,1,298006
188,22,11,1,274136
188,23,11,1,370854
188,24,12,1,351160
188,25,12,1,455540
188,26,13,1,440944
188,27,13,1,553010
188,28,14,1,544740
188,29,14,1,664206
188,30,14,1,806984
188,31,15,1,790068
188,32,15,1,942500
188,33,16,1,931492
188,34,16,1,1093504
188,35,16,1,1264204
188,36,17,1,1260876
188,37,17,1,1441578
189,1,1,1,189
189,2,1,1,378
189,3,2,1,1699
189,4,2,1,2634
189,5,3,1,5656
189,6,3,1,7504
189,7,4,1,13154
189,8,4,1,16448
189,9,5,1,25299
189,10,5,1,30178
189,11,6,1,43141
189,12,6,1,50114
189,13,7,1,67762
189,14,7,1,76944
189,15,8,1,100172
189,16,8,1,112048
189,17,9,1,141429
189,18,9,1,156090
189,19,10,1,192507
189,20,10,1,210410
189,21,10,1,300124
189,22,11,1,275648
189,23,11,1,373425
189,24,12,1,353104
189,25,12,1,458632
189,26,13,1,443394
189,27,13,1,556699
189,28,14,1,547778
189,29,14,1,668572
189,30,14,1,812836
189,31,15,1,795184
189,32,15,1,949234
189,33,16,1,937459
189,34,16,1,1101178
189,35,16,1,1273668
189,36,17,1,1269614
189,37,17,1,1452205
190,1,1,1,190
190,2,1,1,380
190,3,2,1,1708
190,4,2,1,2648
190,5,3,1,5686
190,6,3,1,7544
190,7,4,1,13224
190,8,4,1,16536
190,9,5,1,25434
190,10,5,1,30340
190,11,6,1,43372
190,12,6,1,50384
190,13,7,1,68126
190,14,7,1,77360
190,15,8,1,100712
190,16,8,1,112656
190,17,9,1,142194
190,18,9,1,156940
190,19,10,1,193552
190,20,10,1,211560
190,21,10,1,302262
190,22,11,1,277160
190,23,11,1,375996
190,24,12,1,355048
190,25,12,1,461748
190,26,13,1,445844
190,27,13,1,560388
190,28,14,1,550816
190,29,14,1,672966
190,30,14,1,818716
190,31,15,1,800300
190,32,15,1,955968
190,33,16,1,943458
190,34,16,1,1108884
190,35,16,1,1283166
190,36,17,1,1278352
190,37,17,1,1462860
190,38,18,1,1465308
191,1,1,1,191
191,2,1,1,382
191,3,2,1,1717
191,4,2,1,2662
191,5,3,1,5716
191,6,3,1,7584
191,7,4,1,13294
191,8,4,1,16624
191,9,5,1,25569
191,10,5,1,30502
191,11,6,1,43603
191,12,6,1,50654
191,13,7,1,68490
191,14,7,1,77776
191,15,8,1,101252
191,16,8,1,113264
191,17,9,1,142959
191,18,9,1,157790
191,19,10,1,194597
191,20,10,1,212710
191,21,10,1,304380
191,22,11,1,278672
191,23,11,1,378589
191,24,12,1,356992
191,25,12,1,464840
191,26,13,1,448294
191,27,13,1,564100
191,28,14,1,553854
191,29,14,1,677332
191,30,14,1,824596
191,31,15,1,805458
191,32,15,1,962732
191,33,16,1,949425
191,34,16,1,1116594
191,35,16,1,1292673
191,36,17,1,1287140
191,37,17,1,1473551
191,38,18,1,1475244
192,1,1,1,192
192,2,1,1,384
192,3,2,1,1726
192,4,2,1,2676
192,5,3,1,5746
192,6,3,1,7624
192,7,4,1,13364
192,8,4,1,16712
192,9,5,1,25704
192,10,5,1,30664
192,11,6,1,43834
192,12,6,1,50924
192,13,7,1,68854
192,14,7,1,78192
192,15,8,1,101792
192,16,8,1,113872
192,17,9,1,143724
192,18,9,1,158640
192,19,10,1,195642
192,20,10,1,213860
192,21,10,1,306498
192,22,11,1,280184
192,23,11,1,381162
192,24,12,1,358936
192,25,12,1,467932
192,26,13,1,450744
192,27,13,1,567788
192,28,14,1,556892
192,29,14,1,681698
192,30,14,1,830504
192,31,15,1,810588
192,32,15,1,969496
192,33,16,1,955392
192,34,16,1,1124336
192,35,16,1,1302204
192,36,17,1,1295928
192,37,17,1,1484254
192,38,18,1,1485216
193,1,1,1,193
193,2,1,1,386
193,3,2,1,1735
193,4,2,1,2690
193,5,3,1,5776
193,6,3,1,7664
193,7,4,1,13434
193,8,4,1,16800
193,9,5,1,25839
193,10,5,1,30826
193,11,6,1,44065
193,12,6,1,51194
193,13,7,1,69218
193,14,7,1,78608
193,15,8,1,102332
193,16,8,1,114480
193,17,9,1,144489
193,18,9,1,159490
193,19,10,1,196687
193,20,10,1,215010
193,21,10,1,308638
193,22,11,1,281696
193,23,11,1,383756
193,24,12,1,360880
193,25,12,1,471051
193,26,13,1,453194
193,27,13,1,571501
193,28,14,1,559930
193,29,14,1,686086
193,30,14,1,836414
193,31,15,1,815747
193,32,15,1,976292
193,33,16,1,961408
193,34,16,1,1132080
193,35,17,1,1124016
193,36,17,1,1304740
193,37,17,1,1494991
193,38,18,1,1495166
194,1,1,1,194
194,2,1,1,388
194,3,2,1,1744
194,4,2,1,2704
194,5,3,1,5806
194,6,3,1,7704
194,7,4,1,13504
194,8,4,1,16888
194,9,5,1,25974
194,10,5,1,30988
194,11,6,1,44296
194,12,6,1,51464
194,13,7,1,69582
194,14,7,1,79024
194,15,8,1,102872
194,16,8,1,115088
194,17,9,1,145254
194,18,9,1,160340
194,19,10,1,197732
194,20,10,1,216160
194,21,10,1,310798
194,22,11,1,283208
194,23,11,1,386350
194,24,12,1,362824
194,25,12,1,474194
194,26,13,1,455644
194,27,13,1,575214
194,28,14,1,562968
194,29,14,1,690502
194,30,14,1,842352
194,31,15,1,820906
194,32,15,1,983088
194,33,16,1,967456
194,34,16,1,1139856
194,35,17,1,1130966
194,36,17,1,1313552
194,37,17,1,1505754
194,38,18,1,1505152
195,1,1,1,195
195,2,1,1,390
195,3,2,1,1753
195,4,2,1,2718
195,5,3,1,5836
195,6,3,1,7744
195,7,4,1,13574
195,8,4,1,16976
195,9,5,1,26109
195,10,5,1,31150
195,11,6,1,44527
195,12,6,1,51734
195,13,7,1,69946
195,14,7,1,79440
195,15,8,1,103412
195,16,8,1,115696
195,17,9,1,146019
195,18,9,1,161190
195,19,10,1,198777
195,20,10,1,217310
195,21,10,1,312938
195,22,11,1,284720
195,23,11,1,388966
195,24,12,1,364768
195,25,12,1,477313
195,26,13,1,458094
195,27,13,1,578957
195,28,14,1,566006
195,29,14,1,694890
195,30,14,1,848290
195,31,15,1,826084
195,32,15,1,989914
195,33,16,1,973472
195,34,16,1,1147632
195,35,17,1,1137970
195,36,17,1,1322410
195,37,17,1,1516550
195,38,18,1,1515162
195,39,18,1,1719992
196,1,1,1,196
196,2,1,1,392
196,3,2,1,1762
196,4,2,1,2732
196,5,3,1,5866
196,6,3,1,7784
196,7,4,1,13644
196,8,4,1,17064
196,9,5,1,26244
196,10,5,1,31312
196,11,6,1,44758
196,12,6,1,52004
196,13,7,1,70310
196,14,7,1,79856
196,15,8,1,103952
196,16,8,1,116304
196,17,9,1,146784
196,18,9,1,162040
196,19,10,1,199822
196,20,10,1,218460
196,21,10,1,315078
196,22,11,1,286232
196,23,11,1,391562
196,24,12,1,366712
196,25,12,1,480432
196,26,13,1,460544
196,27,13,1,582676
196,28,14,1,569044
196,29,14,1,699278
196,30,14,1,854256
196,31,15,1,831234
196,32,15,1,996740
196,33,16,1,979488
196,34,16,1,1155440
196,35,17,1,1144942
196,36,17,1,1331268
196,37,17,1,1527360
196,38,18,1,1525208
196,39,18,1,1732082
197,1,1,1,197
197,2,1,1,394
197,3,2,1,1771
197,4,2,1,2746
197,5,3,1,5896
197,6,3,1,7824
197,7,4,1,13714
197,8,4,1,17152
197,9,5,1,26379
197,10,5,1,31474
197,11,6,1,44989
197,12,6,1,52274
197,13,7,1,70674
197,14,7,1,80272
197,15,8,1,104492
197,16,8,1,116912
197,17,9,1,147549
197,18,9,1,162890
197,19,10,1,200867
197,20,10,1,219610
197,21,10,1,317239
197,22,11,1,287744
197,23,11,1,394179
197,24,12,1,368656
197,25,12,1,483573
197,26,13,1,462994
197,27,13,1,586420
197,28,14,1,572082
197,29,14,1,703703
197,30,14,1,860224
197,31,15,1,836413
197,32,15,1,1003598
197,33,16,1,985522
197,34,16,1,1163250
197,35,17,1,1151947
197,36,17,1,1340154
197,37,17,1,1538204
197,38,18,1,1535236
197,39,18,1,1744211
198,1,1,1,198
198,2,1,1,396
198,3,2,1,1780
198,4,2,1,2760
198,5,3,1,5926
198,6,3,1,7864
198,7,4,1,13784
198,8,4,1,17240
198,9,5,1,26514
198,10,5,1,31636
198,11,6,1,45220
198,12,6,1,52544
198,13,7,1,71038
198,14,7,1,80688
198,15,8,1,105032
198,16,8,1,117520
198,17,9,1,148314
198,18,9,1,163740
198,19,10,1,201912
198,20,10,1,220760
198,21,10,1,319420
198,22,11,1,289256
198,23,11,1,396796
198,24,12,1,370600
198,25,12,1,486738
198,26,13,1,465444
198,27,13,1,590164
198,28,14,1,575120
198,29,14,1,708156
198,30,14,1,866220
198,31,15,1,841592
198,32,15,1,1010456
198,33,16,1,991588
198,34,16,1,1171092
198,35,17,1,1158952
198,36,17,1,1349040
198,37,17,1,1549072
198,38,18,1,1545300
198,39,18,1,1756376
199,1,1,1,199
199,2,1,1,398
199,3,2,1,1789
199,4,2,1,2774
199,5,3,1,5956
199,6,3,1,7904
199,7,4,1,13854
199,8,4,1,17328
199,9,5,1,26649
199,10,5,1,31798
199,11,6,1,45451
199,12,6,1,52814
199,13,7,1,71402
199,14,7,1,81104
199,15,8,1,105572
199,16,8,1,118128
199,17,9,1,149079
199,18,9,1,164590
199,19,10,1,202957
199,20,10,1,221910
199,21,10,1,321581
199,22,11,1,290768
199,23,11,1,399436
199,24,12,1,372544
199,25,12,1,489879
199,26,13,1,467894
199,27,13,1,593929
199,28,14,1,578158
199,29,14,1,712581
199,30,14,1,872216
199,31,15,1,846813
199,32,15,1,1017344
199,33,16,1,997622
199,34,16,1,1178934
199,35,17,1,1165970
199,36,17,1,1357968
199,37,17,1,1559976
199,38,18,1,1555370
199,39,18,1,1768554
200,1,1,1,200
200,2,1,1,400
200,3,2,1,1798
200,4,2,1,2788
200,5,3,1,5986
200,6,3,1,7944
200,7,4,1,13924
200,8,4,1,17416
200,9,5,1,26784
200,10,5,1,31960
200,11,6,1,45682
200,12,6,1,53084
200,13,7,1,71766
200,14,7,1,81520
200,15,8,1,106112
200,16,8,1,118736
200,17,9,1,149844
200,18,9,1,165440
200,19,10,1,204002
200,20,10,1,223060
200,21,10,1,323742
200,22,11,1,292280
200,23,11,1,402056
200,24,12,1,374488
200,25,12,1,493020
200,26,13,1,470344
200,27,13,1,597670
200,28,14,1,581196
200,29,14,1,717006
200,30,14,1,878240
200,31,15,1,852006
200,32,15,1,1024232
200,33,16,1,1003656
200,34,16,1,1186808
200,35,17,1,1172956
200,36,17,1,1366896
200,37,17,1,1570892
200,38,18,1,1565472
200,39,18,1,1780758
200,40,19,1,1783472
201,1,1,1,201
201,2,1,1,402
201,3,2,1,1807
201,4,2,1,2802
201,5,3,1,6016
201,6,3,1,7984
201,7,4,1,13994
201,8,4,1,17504
201,9,5,1,26919
201,10,5,1,32122
201,11,6,1,45913
201,12,6,1,53354
201,13,7,1,72130
201,14,7,1,81936
201,15,8,1,106652
201,16,8,1,119344
201,17,9,1,150609
201,18,9,1,166290
201,19,10,1,205047
201,20,10,1,224210
201,21,11,1,271068
201,22,11,1,293792
201,23,11,1,404697
201,24,12,1,376432
201,25,12,1,496188
201,26,13,1,472794
201,27,13,1,601436
201,28,14,1,584234
201,29,14,1,721453
201,30,14,1,884266
201,31,15,1,857228
201,32,15,1,1031152
201,33,16,1,1009739
201,34,16,1,1194684
201,35,17,1,1179975
201,36,17,1,1375856
201,37,17,1,1581842
201,38,18,1,1575592
201,39,18,1,1792998
201,40,19,1,1794896
202,1,1,1,202
202,2,1,1,404
202,3,2,1,1816
202,4,2,1,2816
202,5,3,1,6046
202,6,3,1,8024
202,7,4,1,14064
202,8,4,1,17592
202,9,5,1,27054
202,10,5,1,32284
202,11,6,1,46144
202,12,6,1,53624
202,13,7,1,72494
202,14,7,1,82352
202,15,8,1,107192
202,16,8,1,119952
202,17,9,1,151374
202,18,9,1,167140
202,19,10,1,206092
202,20,10,1,225360
202,21,11,1,272454
202,22,11,1,295304
202,23,11,1,407338
202,24,12,1,378376
202,25,12,1,499380
202,26,13,1,475244
202,27,13,1,605202
202,28,14,1,587272
202,29,14,1,725928
202,30,14,1,890320
202,31,15,1,862450
202,32,15,1,1038072
202,33,16,1,1015854
202,34,16,1,1202592
202,35,17,1,1186994
202,36,17,1,1384816
202,37,17,1,1592818
202,38,18,1,1585748
202,39,18,1,1805276
202,40,19,1,1806320
203,1,1,1,203
203,2,1,1,406
203,3,2,1,1825
203,4,2,1,2830
203,5,3,1,6076
203,6,3,1,8064
203,7,4,1,14134
203,8,4,1,17680
203,9,5,1,27189
203,10,5,1,32446
203,11,6,1,46375
203,12,6,1,53894
203,13,7,1,72858
203,14,7,1,82768
203,15,8,1,107732
203,16,8,1,120560
203,17,9,1,152139
203,18,9,1,167990
203,19,10,1,207137
203,20,10,1,226510
203,21,11,1,273840
203,22,11,1,296816
203,23,11,1,410001
203,24,12,1,380320
203,25,12,1,502548
203,26,13,1,477694
203,27,13,1,608995
203,28,14,1,590310
203,29,14,1,730375
203,30,14,1,896374
203,31,15,1,867704
203,32,15,1,1045022
203,33,16,1,1021937
203,34,16,1,1210500
203,35,17,1,1194069
203,36,17,1,1393814
203,37,17,1,1603827
203,38,18,1,1595896
203,39,18,1,1817567
203,40,19,1,1817762
204,1,1,1,204
204,2,1,1,408
204,3,2,1,1834
204,4,2,1,2844
204,5,3,1,6106
204,6,3,1,8104
204,7,4,1,14204
204,8,4,1,17768
204,9,5,1,27324
204,10,5,1,32608
204,11,6,1,46606
204,12,6,1,54164
204,13,7,1,73222
204,14,7,1,83184
204,15,8,1,108272
204,16,8,1,121168
204,17,9,1,152904
204,18,9,1,168840
204,19,10,1,208182
204,20,10,1,227660
204,21,11,1,275226
204,22,11,1,298328
204,23,11,1,412644
204,24,12,1,382264
204,25,12,1,505716
204,26,13,1,480144
204,27,13,1,612764
204,28,14,1,593348
204,29,14,1,734822
204,30,14,1,902456
204,31,15,1,872930
204,32,15,1,1051972
204,33,16,1,1028020
204,34,16,1,1218440
204,35,17,1,1201112
204,36,17,1,1402812
204,37,17,1,1614850
204,38,18,1,1606080
204,39,18,1,1829882
204,40,19,1,1829204
205,1,1,1,205
205,2,1,1,410
205,3,2,1,1843
205,4,2,1,2858
205,5,3,1,6136
205,6,3,1,8144
205,7,4,1,14274
205,8,4,1,17856
205,9,5,1,27459
205,10,5,1,32770
205,11,6,1,46837
205,12,6,1,54434
205,13,7,1,73586
205,14,7,1,83600
205,15,8,1,108812
205,16,8,1,121776
205,17,9,1,153669
205,18,9,1,169690
205,19,10,1,209227
205,20,10,1,228810
205,21,11,1,276612
205,22,11,1,299840
205,23,11,1,415308
205,24,12,1,384208
205,25,12,1,508910
205,26,13,1,482594
205,27,13,1,616558
205,28,14,1,596386
205,29,14,1,739306
205,30,14,1,908540
205,31,15,1,878185
205,32,15,1,1058954
205,33,16,1,1034121
205,34,16,1,1226382
205,35,17,1,1208188
205,36,17,1,1411842
205,37,17,1,1625907
205,38,18,1,1616274
205,39,18,1,1842236
205,40,19,1,1840706
205,41,19,1,2078427
206,1,1,1,206
206,2,1,1,412
206,3,2,1,1852
206,4,2,1,2872
206,5,3,1,6166
206,6,3,1,8184
206,7,4,1,14344
206,8,4,1,17944
206,9,5,1,27594
206,10,5,1,32932
206,11,6,1,47068
206,12,6,1,54704
206,13,7,1,73950
206,14,7,1,84016
206,15,8,1,109352
206,16,8,1,122384
206,17,9,1,154434
206,18,9,1,170540
206,19,10,1,210272
206,20,10,1,229960
206,21,11,1,277998
206,22,11,1,301352
206,23,11,1,417972
206,24,12,1,386152
206,25,12,1,512128
206,26,13,1,485044
206,27,13,1,620352
206,28,14,1,599424
206,29,14,1,743818
206,30,14,1,914652
206,31,15,1,883440
206,32,15,1,1065936
206,33,16,1,1040254
206,34,16,1,1234356
206,35,17,1,1215264
206,36,17,1,1420872
206,37,17,1,1636988
206,38,18,1,1626504
206,39,18,1,1854626
206,40,19,1,1852208
206,41,19,1,2092212
207,1,1,1,207
207,2,1,1,414
207,3,2,1,1861
207,4,2,1,2886
207,5,3,1,6196
207,6,3,1,8224
207,7,4,1,14414
207,8,4,1,18032
207,9,5,1,27729
207,10,5,1,33094
207,11,6,1,47299
207,12,6,1,54974
207,13,7,1,74314
207,14,7,1,84432
207,15,8,1,109892
207,16,8,1,122992
207,17,9,1,155199
207,18,9,1,171390
207,19,10,1,211317
207,20,10,1,231110
207,21,11,1,279384
207,22,11,1,302864
207,23,11,1,420659
207,24,12,1,388096
207,25,12,1,515322
207,26,13,1,487494
207,27,13,1,624176
207,28,14,1,602462
207,29,14,1,748302
207,30,14,1,920764
207,31,15,1,888711
207,32,15,1,1072948
207,33,16,1,1046355
207,34,16,1,1242330
207,35,17,1,1222376
207,36,17,1,1429940
207,37,17,1,1648105
207,38,18,1,1636730
207,39,18,1,1867029
207,40,19,1,1863732
207,41,19,1,2106036
208,1,1,1,208
208,2,1,1,416
208,3,2,1,1870
208,4,2,1,2900
208,5,3,1,6226
208,6,3,1,8264
208,7,4,1,14484
208,8,4,1,18120
208,9,5,1,27864
208,10,5,1,33256
208,11,6,1,47530
208,12,6,1,55244
208,13,7,1,74678
208,14,7,1,84848
208,15,8,1,110432
208,16,8,1,123600
208,17,9,1,155964
208,18,9,1,172240
208,19,10,1,212362
208,20,10,1,232260
208,21,11,1,280770
208,22,11,1,304376
208,23,11,1,423326
208,24,12,1,390040
208,25,12,1,518516
208,26,13,1,489944
208,27,13,1,627976
208,28,14,1,605500
208,29,14,1,752786
208,30,14,1,926904
208,31,15,1,893954
208,32,15,1,1079960
208,33,16,1,1052456
208,34,16,1,1250336
208,35,17,1,1229456
208,36,17,1,1439008
208,37,17,1,1659234
208,38,18,1,1646992
208,39,18,1,1879458
208,40,19,1,1875256
208,41,19,1,2119874
209,1,1,1,209
209,2,1,1,418
209,3,2,1,1879
209,4,2,1,2914
209,5,3,1,6256
209,6,3,1,8304
209,7,4,1,14554
209,8,4,1,18208
209,9,5,1,27999
209,10,5,1,33418
209,11,6,1,47761
209,12,6,1,55514
209,13,7,1,75042
209,14,7,1,85264
209,15,8,1,110972
209,16,8,1,124208
209,17,9,1,156729
209,18,9,1,173090
209,19,10,1,213407
209,20,10,1,233410
209,21,11,1,282156
209,22,11,1,305888
209,23,11,1,426014
209,24,12,1,391984
209,25,12,1,521735
209,26,13,1,492394
209,27,13,1,631801
209,28,14,1,608538
209,29,14,1,757290
209,30,14,1,933046
209,31,15,1,899226
209,32,15,1,1087004
209,33,16,1,1058606
209,34,16,1,1258344
209,35,17,1,1236569
209,36,17,1,1448108
209,37,17,1,1670397
209,38,18,1,1657260
209,39,18,1,1891923
209,40,19,1,1886836
209,41,19,1,2133752
210,1,1,1,210
210,2,1,1,420
210,3,2,1,1888
210,4,2,1,2928
210,5,3,1,6286
210,6,3,1,8344
210,7,4,1,14624
210,8,4,1,18296
210,9,5,1,28134
210,10,5,1,33580
210,11,6,1,47992
210,12,6,1,55784
210,13,7,1,75406
210,14,7,1,85680
210,15,8,1,111512
210,16,8,1,124816
210,17,9,1,157494
210,18,9,1,173940
210,19,10,1,214452
210,20,10,1,234560
210,21,11,1,283542
210,22,11,1,307400
210,23,11,1,428702
210,24,12,1,393928
210,25,12,1,524978
210,26,13,1,494844
210,27,13,1,635626
210,28,14,1,611576
210,29,14,1,761822
210,30,14,1,939216
210,31,15,1,904498
210,32,15,1,1094048
210,33,16,1,1064788
210,34,16,1,1266384
210,35,17,1,1243682
210,36,17,1,1457208
210,37,17,1,1681586
210,38,18,1,1667564
210,39,18,1,1904426
210,40,19,1,1898416
210,41,19,1,2147654
210,42,20,1,2150808
211,1,1,1,211
211,2,1,1,422
211,3,2,1,1897
211,4,2,1,2942
211,5,3,1,6316
211,6,3,1,8384
211,7,4,1,14694
211,8,4,1,18384
211,9,5,1,28269
211,10,5,1,33742
211,11,6,1,48223
211,12,6,1,56054
211,13,7,1,75770
211,14,7,1,86096
211,15,8,1,112052
211,16,8,1,125424
211,17,9,1,158259
211,18,9,1,174790
211,19,10,1,215497
211,20,10,1,235710
211,21,11,1,284928
211,22,11,1,308912
211,23,11,1,431412
211,24,12,1,395872
211,25,12,1,528197
211,26,13,1,497294
211,27,13,1,639474
211,28,14,1,614614
211,29,14,1,766326
211,30,15,1,748512
211,31,15,1,909802
211,32,15,1,1101122
211,33,16,1,1070938
211,34,16,1,1274424
211,35,17,1,1250807
211,36,17,1,1466346
211,37,17,1,1692808
211,38,18,1,1677864
211,39,19,1,1670568
211,40,19,1,1910022
211,41,19,1,2161598
211,42,20,1,2163794
212,1,1,1,212
212,2,1,1,424
212,3,2,1,1906
212,4,2,1,2956
212,5,3,1,6346
212,6,3,1,8424
212,7,4,1,14764
212,8,4,1,18472
212,9,5,1,28404
212,10,5,1,33904
212,11,6,1,48454
212,12,6,1,56324
212,13,7,1,76134
212,14,7,1,86512
212,15,8,1,112592
212,16,8,1,126032
212,17,9,1,159024
212,18,9,1,175640
212,19,10,1,216542
212,20,10,1,236860
212,21,11,1,286314
212,22,11,1,310424
212,23,11,1,434102
212,24,12,1,397816
212,25,12,1,531416
212,26,13,1,499744
212,27,13,1,643298
212,28,14,1,617652
212,29,14,1,770830
212,30,15,1,752224
212,31,15,1,915078
212,32,15,1,1108196
212,33,16,1,1077088
212,34,16,1,1282496
212,35,17,1,1257900
212,36,17,1,1475484
212,37,17,1,1704046
212,38,18,1,1688200
212,39,18,1,1929482
212,40,19,1,1921628
212,41,19,1,2175554
212,42,20,1,2176808
213,1,1,1,213
213,2,1,1,426
213,3,2,1,1915
213,4,2,1,2970
213,5,3,1,6376
213,6,3,1,8464
213,7,4,1,14834
213,8,4,1,18560
213,9,5,1,28539
213,10,5,1,34066
213,11,6,1,48685
213,12,6,1,56594
213,13,7,1,76498
213,14,7,1,86928
213,15,8,1,113132
213,16,8,1,126640
213,17,9,1,159789
213,18,9,1,176490
213,19,10,1,217587
213,20,10,1,238010
213,21,11,1,287700
213,22,11,1,311936
213,23,11,1,436813
213,24,12,1,399760
213,25,12,1,534661
213,26,13,1,502194
213,27,13,1,647147
213,28,14,1,620690
213,29,14,1,775373
213,30,15,1,755936
213,31,15,1,920383
213,32,15,1,1115304
213,33,16,1,1083258
213,34,16,1,1290570
213,35,17,1,1265026
213,36,17,1,1484654
213,37,17,1,1715320
213,38,18,1,1698542
213,39,18,1,1942061
213,40,19,1,1933288
213,41,19,1,2189550
213,42,20,1,2189856
214,1,1,1,214
214,2,1,1,428
214,3,2,1,1924
214,4,2,1,2984
214,5,3,1,6406
214,6,3,1,8504
214,7,4,1,14904
214,8,4,1,18648
214,9,5,1,28674
214,10,5,1,34228
214,11,6,1,48916
214,12,6,1,56864
214,13,7,1,76862
214,14,7,1,87344
214,15,8,1,113672
214,16,8,1,127248
214,17,9,1,160554
214,18,9,1,177340
214,19,10,1,218632
214,20,10,1,239160
214,21,11,1,289086
214,22,11,1,313448
214,23,11,1,439524
214,24,12,1,401704
214,25,12,1,537930
214,26,13,1,504644
214,27,13,1,650996
214,28,14,1,623728
214,29,14,1,779944
214,30,15,1,759648
214,31,15,1,925688
214,32,15,1,1122412
214,33,16,1,1089460
214,34,16,1,1298676
214,35,17,1,1272152
214,36,17,1,1493824
214,37,17,1,1726620
214,38,18,1,1708920
214,39,18,1,1954678
214,40,19,1,1944948
214,41,19,1,2203572
214,42,20,1,2202952
215,1,1,1,215
215,2,1,1,430
215,3,2,1,1933
215,4,2,1,2998
215,5,3,1,6436
215,6,3,1,8544
215,7,4,1,14974
215,8,4,1,18736
215,9,5,1,28809
215,10,5,1,34390
215,11,6,1,49147
215,12,6,1,57134
215,13,7,1,77226
215,14,7,1,87760
215,15,8,1,114212
215,16,8,1,127856
215,17,9,1,161319
215,18,9,1,178190
215,19,10,1,219677
215,20,10,1,240310
215,21,11,1,290472
215,22,11,1,314960
215,23,11,1,442256
215,24,12,1,403648
215,25,12,1,541175
215,26,13,1,507094
215,27,13,1,654875
215,28,14,1,626766
215,29,14,1,784487
215,30,15,1,763360
215,31,15,1,931035
215,32,15,1,1129552
215,33,16,1,1095630
215,34,16,1,1306784
215,35,17,1,1279318
215,36,17,1,1503030
215,37,17,1,1737959
215,38,18,1,1719294
215,39,18,1,1967310
215,40,19,1,1956632
215,41,19,1,2217633
215,42,20,1,2216024
215,43,20,1,2489923
216,1,1,1,216
216,2,1,1,432
216,3,2,1,1942
216,4,2,1,3012
216,5,3,1,6466
216,6,3,1,8584
216,7,4,1,15044
216,8,4,1,18824
216,9,5,1,28944
216,10,5,1,34552
216,11,6,1,49378
216,12,6,1,57404
216,13,7,1,77590
216,14,7,1,88176
216,15,8,1,114752
216,16,8,1,128464
216,17,9,1,162084
216,18,9,1,179040
216,19,10,1,220722
216,20,10,1,241460
216,21,11,1,291858
216,22,11,1,316472
216,23,11,1,444968
216,24,12,1,405592
216,25,12,1,544420
216,26,13,1,509544
216,27,13,1,658730
216,28,14,1,629804
216,29,14,1,789030
216,30,15,1,767072
216,31,15,1,936354
216,32,15,1,1136692
216,33,16,1,1101800
216,34,16,1,1314924
216,35,17,1,1286452
216,36,17,1,1512236
216,37,18,1,1491326
216,38,18,1,1729704
216,39,18,1,1979970
216,40,19,1,1968316
216,41,19,1,2231710
216,42,20,1,2229136
216,43,20,1,2505536
217,1,1,1,217
217,2,1,1,434
217,3,2,1,1951
217,4,2,1,3026
217,5,3,1,6496
217,6,3,1,8624
217,7,4,1,15114
217,8,4,1,18912
217,9,5,1,29079
217,10,5,1,34714
217,11,6,1,49609
217,12,6,1,57674
217,13,7,1,77954
217,14,7,1,88592
217,15,8,1,115292
217,16,8,1,129072
217,17,9,1,162849
217,18,9,1,179890
217,19,10,1,221767
217,20,10,1,242610
217,21,11,1,293244
217,22,11,1,317984
217,23,11,1,447701
217,24,12,1,407536
217,25,12,1,547690
217,26,13,1,511994
217,27,13,1,662610
217,28,14,1,632842
217,29,14,1,793593
217,30,15,1,770784
217,31,15,1,941702
217,32,15,1,1143866
217,33,16,1,1108015
217,34,16,1,1323068
217,35,17,1,1293619
217,36,17,1,1521480
217,37,18,1,1499562
217,38,18,1,1740124
217,39,18,1,1992669
217,40,19,1,1980058
217,41,19,1,2245829
217,42,20,1,2242278
217,43,20,1,2521190
218,1,1,1,218
218,2,1,1,436
218,3,2,1,1960
218,4,2,1,3040
218,5,3,1,6526
218,6,3,1,8664
218,7,4,1,15184
218,8,4,1,19000
218,9,5,1,29214
218,10,5,1,34876
218,11,6,1,49840
218,12,6,1,57944
218,13,7,1,78318
218,14,7,1,89008
218,15,8,1,115832
218,16,8,1,129680
218,17,9,1,163614
218,18,9,1,180740
218,19,10,1,222812
218,20,10,1,243760
218,21,11,1,294630
218,22,11,1,319496
218,23,11,1,450434
218,24,12,1,409480
218,25,12,1,550984
218,26,13,1,514444
218,27,13,1,666490
218,28,14,1,635880
218,29,14,1,798184
218,30,15,1,774496
218,31,15,1,947050
218,32,15,1,1151040
218,33,16,1,1114262
218,34,16,1,1331244
218,35,17,1,1300786
218,36,17,1,1530724
218,37,18,1,1507834
218,38,18,1,1750580
218,39,18,1,2005408
218,40,19,1,1991800
218,41,19,1,2259974
218,42,20,1,2255460
218,43,20,1,2536886
219,1,1,1,219
219,2,1,1,438
219,3,2,1,1969
219,4,2,1,3054
219,5,3,1,6556
219,6,3,1,8704
219,7,4,1,15254
219,8,4,1,19088
219,9,5,1,29349
219,10,5,1,35038
219,11,6,1,50071
219,12,6,1,58214
219,13,7,1,78682
219,14,7,1,89424
219,15,8,1,116372
219,16,8,1,130288
219,17,9,1,164379
219,18,9,1,181590
219,19,10,1,223857
219,20,10,1,244910
219,21,11,1,296016
219,22,11,1,321008
219,23,11,1,453189
219,24,12,1,411424
219,25,12,1,554254
219,26,13,1,516894
219,27,13,1,670393
219,28,14,1,638918
219,29,14,1,802747
219,30,15,1,778208
219,31,15,1,952416
219,32,15,1,1158246
219,33,16,1,1120477
219,34,16,1,1339422
219,35,17,1,1307999
219,36,17,1,1540004
219,37,18,1,1516070
219,38,18,1,1761028
219,39,18,1,2018162
219,40,19,1,2003566
219,41,19,1,2274164
219,42,20,1,2268618
219,43,20,1,2552599
220,1,1,1,220
220,2,1,1,440
220,3,2,1,1978
220,4,2,1,3068
220,5,3,1,6586
220,6,3,1,8744
220,7,4,1,15324
220,8,4,1,19176
220,9,5,1,29484
220,10,5,1,35200
220,11,6,1,50302
220,12,6,1,58484
220,13,7,1,79046
220,14,7,1,89840
220,15,8,1,116912
220,16,8,1,130896
220,17,9,1,165144
220,18,9,1,182440
220,19,10,1,224902
220,20,10,1,246060
220,21,11,1,297402
220,22,11,1,322520
220,23,11,1,455924
220,24,12,1,413368
220,25,12,1,557524
220,26,13,1,519344
220,27,13,1,674272
220,28,14,1,641956
220,29,14,1,807310
220,30,15,1,781920
220,31,15,1,957754
220,32,15,1,1165452
220,33,16,1,1126692
220,34,16,1,1347632
220,35,17,1,1315180
220,36,17,1,1549284
220,37,18,1,1524306
220,38,18,1,1771512
220,39,18,1,2030942
220,40,19,1,2015332
220,41,19,1,2288368
220,42,20,1,2281816
220,43,20,1,2568344
220,44,20,1,2862864
221,1,1,1,221
221,2,1,1,442
221,3,2,1,1987
221,4,2,1,3082
221,5,3,1,6616
221,6,3,1,8784
221,7,4,1,15394
221,8,4,1,19264
221,9,5,1,29619
221,10,5,1,35362
221,11,6,1,50533
221,12,6,1,58754
221,13,7,1,79410
221,14,7,1,90256
221,15,8,1,117452
221,16,8,1,131504
221,17,9,1,165909
221,18,9,1,183290
221,19,10,1,225947
221,20,10,1,247210
221,21,11,1,298788
221,22,11,1,324032
221,23,11,1,458680
221,24,12,1,415312
221,25,12,1,560818
221,26,13,1,521794
221,27,13,1,678176
221,28,14,1,644994
221,29,14,1,811904
221,30,15,1,785632
221,31,15,1,963121
221,32,15,1,1172692
221,33,16,1,1132927
221,34,16,1,1355846
221,35,17,1,1322394
221,36,17,1,1558602
221,37,18,1,1532592
221,38,18,1,1782010
221,39,18,1,2043764
221,40,19,1,2027138
221,41,19,1,2302614
221,42,20,1,2295044
221,43,20,1,2584130
221,44,20,1,2881268
222,1,1,1,222
222,2,1,1,444
222,3,2,1,1996
222,4,2,1,3096
222,5,3,1,6646
222,6,3,1,8824
222,7,4,1,15464
222,8,4,1,19352
222,9,5,1,29754
222,10,5,1,35524
222,11,6,1,50764
222,12,6,1,59024
222,13,7,1,79774
222,14,7,1,90672
222,15,8,1,117992
222,16,8,1,132112
222,17,9,1,166674
222,18,9,1,184140
222,19,10,1,226992
222,20,10,1,248360
222,21,11,1,300174
222,22,11,1,325544
222,23,11,1,461436
222,24,12,1,417256
222,25,12,1,564136
222,26,13,1,524244
222,27,13,1,682080
222,28,14,1,648032
222,29,14,1,816526
222,30,15,1,789344
222,31,15,1,968488
222,32,15,1,1179932
222,33,16,1,1139194
222,34,16,1,1364092
222,35,17,1,1329608
222,36,17,1,1567920
222,37,18,1,1540914
222,38,18,1,1792544
222,39,18,1,2056624
222,40,19,1,2038944
222,41,19,1,2316888
222,42,20,1,2308312
222,43,20,1,2599960
222,44,20,1,2899712
223,1,1,1,223
223,2,1,1,446
223,3,2,1,2005
223,4,2,1,3110
223,5,3,1,6676
223,6,3,1,8864
223,7,4,1,15534
223,8,4,1,19440
223,9,5,1,29889
223,10,5,1,35686
223,11,6,1,50995
223,12,6,1,59294
223,13,7,1,80138
223,14,7,1,91088
223,15,8,1,118532
223,16,8,1,132720
223,17,9,1,167439
223,18,9,1,184990
223,19,10,1,228037
223,20,10,1,249510
223,21,11,1,301560
223,22,11,1,327056
223,23,11,1,464213
223,24,12,1,419200
223,25,12,1,567430
223,26,13,1,526694
223,27,13,1,686012
223,28,14,1,651070
223,29,14,1,821120
223,30,15,1,793056
223,31,15,1,973896
223,32,15,1,1187204
223,33,16,1,1145429
223,34,16,1,1372340
223,35,17,1,1336843
223,36,17,1,1577274
223,37,18,1,1549200
223,38,18,1,1803068
223,39,18,1,2069497
223,40,19,1,2050806
223,41,19,1,2331204
223,42,20,1,2321556
223,43,20,1,2615807
223,44,20,1,2918200
224,1,1,1,224
224,2,1,1,448
224,3,2,1,2014
224,4,2,1,3124
224,5,3,1,6706
224,6,3,1,8904
224,7,4,1,15604
224,8,4,1,19528
224,9,5,1,30024
224,10,5,1,35848
224,11,6,1,51226
224,12,6,1,59564
224,13,7,1,80502
224,14,7,1,91504
224,15,8,1,119072
224,16,8,1,133328
224,17,9,1,168204
224,18,9,1,185840
224,19,10,1,229082
224,20,10,1,250660
224,21,11,1,302946
224,22,11,1,328568
224,23,11,1,466970
224,24,12,1,421144
224,25,12,1,570724
224,26,13,1,529144
224,27,13,1,689920
224,28,14,1,654108
224,29,14,1,825714
224,30,15,1,796768
224,31,15,1,979276
224,32,15,1,1194476
224,33,16,1,1151664
224,34,16,1,1380620
224,35,17,1,1344046
224,36,17,1,1586628
224,37,18,1,1557486
224,38,18,1,1813628
224,39,18,1,2082394
224,40,19,1,2062668
224,41,19,1,2345536
224,42,20,1,2334840
224,43,20,1,2631684
224,44,20,1,2936732
225,1,1,1,225
225,2,1,1,450
225,3,2,1,2023
225,4,2,1,3138
225,5,3,1,6736
225,6,3,1,8944
225,7,4,1,15674
225,8,4,1,19616
225,9,5,1,30159
225,10,5,1,36010
225,11,6,1,51457
225,12,6,1,59834
225,13,7,1,80866
225,14,7,1,91920
225,15,8,1,119612
225,16,8,1,133936
225,17,9,1,168969
225,18,9,1,186690
225,19,10,1,230127
225,20,10,1,251810
225,21,11,1,304332
225,22,11,1,330080
225,23,11,1,469748
225,24,12,1,423088
225,25,12,1,574043
225,26,13,1,531594
225,27,13,1,693853
225,28,14,1,657146
225,29,14,1,830342
225,30,15,1,800480
225,31,15,1,984685
225,32,15,1,1201778
225,33,16,1,1157946
225,34,16,1,1388904
225,35,17,1,1351282
225,36,17,1,1596020
225,37,18,1,1565794
225,38,18,1,1824194
225,39,18,1,2095330
225,40,19,1,2074552
225,41,19,1,2359910
225,42,20,1,2348154
225,43,20,1,2647605
225,44,20,1,2955312
225,45,21,1,2959479
226,1,1,1,226
226,2,1,1,452
226,3,2,1,2032
226,4,2,1,3152
226,5,3,1,6766
226,6,3,1,8984
226,7,4,1,15744
226,8,4,1,19704
226,9,5,1,30294
226,10,5,1,36172
226,11,6,1,51688
226,12,6,1,60104
226,13,7,1,81230
226,14,7,1,92336
226,15,8,1,120152
226,16,8,1,134544
226,17,9,1,169734
226,18,9,1,187540
226,19,10,1,231172
226,20,10,1,252960
226,21,11,1,305718
226,22,11,1,331592
226,23,11,1,472526
226,24,12,1,425032
226,25,12,1,577386
226,26,13,1,534044
226,27,13,1,697786
226,28,14,1,660184
226,29,14,1,834998
226,30,15,1,804192
226,31,15,1,990094
226,32,15,1,1209080
226,33,16,1,1164260
226,34,16,1,1397220
226,35,17,1,1358518
226,36,17,1,1605412
226,37,18,1,1574138
226,38,18,1,1834796
226,39,18,1,2108302
226,40,19,1,2086436
226,41,19,1,2374310
226,42,20,1,2361508
226,43,20,1,2663568
226,44,20,1,2973936
226,45,21,1,2977094
227,1,1,1,227
227,2,1,1,454
227,3,2,1,2041
227,4,2,1,3166
227,5,3,1,6796
227,6,3,1,9024
227,7,4,1,15814
227,8,4,1,19792
227,9,5,1,30429
227,10,5,1,36334
227,11,6,1,51919
227,12,6,1,60374
227,13,7,1,81594
227,14,7,1,92752
227,15,8,1,120692
227,16,8,1,135152
227,17,9,1,170499
227,18,9,1,188390
227,19,10,1,232217
227,20,10,1,254110
227,21,11,1,307104
227,22,11,1,333104
227,23,11,1,475326
227,24,12,1,426976
227,25,12,1,580705
227,26,13,1,536494
227,27,13,1,701744
227,28,14,1,663222
227,29,14,1,839626
227,30,15,1,807904
227,31,15,1,995523
227,32,15,1,1216414
227,33,16,1,1170542
227,34,16,1,1405538
227,35,17,1,1365799
227,36,17,1,1614840
227,37,18,1,1582446
227,38,18,1,1845408
227,39,18,1,2121287
227,40,19,1,2098380
227,41,19,1,2388749
227,42,20,1,2374834
227,43,20,1,2679548
227,44,20,1,2992608
227,45,21,1,2994765
228,1,1,1,228
228,2,1,1,456
228,3,2,1,2050
228,4,2,1,3180
228,5,3,1,6826
228,6,3,1,9064
228,7,4,1,15884
228,8,4,1,19880
228,9,5,1,30564
228,10,5,1,36496
228,11,6,1,52150
228,12,6,1,60644
228,13,7,1,81958
228,14,7,1,93168
228,15,8,1,121232
228,16,8,1,135760
228,17,9,1,171264
228,18,9,1,189240
228,19,10,1,233262
228,20,10,1,255260
228,21,11,1,308490
228,22,11,1,334616
228,23,11,1,478106
228,24,12,1,428920
228,25,12,1,584024
228,26,13,1,538944
228,27,13,1,705678
228,28,14,1,666260
228,29,14,1,844254
228,30,15,1,811616
228,31,15,1,1000924
228,32,15,1,1223748
228,33,16,1,1176824
228,34,16,1,1413888
228,35,17,1,1373048
228,36,17,1,1624268
228,37,18,1,1590754
228,38,18,1,1856056
228,39,18,1,2134298
228,40,19,1,2110324
228,41,19,1,2403202
228,42,20,1,2388192
228,43,20,1,2695560
228,44,20,1,3011324
228,45,21,1,3012448
229,1,1,1,229
229,2,1,1,458
229,3,2,1,2059
229,4,2,1,3194
229,5,3,1,6856
229,6,3,1,9104
229,7,4,1,15954
229,8,4,1,19968
229,9,5,1,30699
229,10,5,1,36658
229,11,6,1,52381
229,12,6,1,60914
229,13,7,1,82322
229,14,7,1,93584
229,15,8,1,121772
229,16,8,1,136368
229,17,9,1,172029
229,18,9,1,190090
229,19,10,1,234307
229,20,10,1,256410
229,21,11,1,309876
229,22,11,1,336128
229,23,11,1,480907
229,24,12,1,430864
229,25,12,1,587367
229,26,13,1,541394
229,27,13,1,709637
229,28,14,1,669298
229,29,14,1,848907
229,30,15,1,815328
229,31,15,1,1006354
229,32,15,1,1231112
229,33,16,1,1183126
229,34,16,1,1422238
229,35,17,1,1380330
229,36,17,1,1633734
229,37,18,1,1599112
229,38,18,1,1866700
229,39,18,1,2147345
229,40,19,1,2122290
229,41,19,1,2417695
229,42,20,1,2401556
229,43,20,1,2711613
229,44,20,1,3030088
229,45,21,1,3030175
230,1,1,1,230
230,2,1,1,460
230,3,2,1,2068
230,4,2,1,3208
230,5,3,1,6886
230,6,3,1,9144
230,7,4,1,16024
230,8,4,1,20056
230,9,5,1,30834
230,10,5,1,36820
230,11,6,1,52612
230,12,6,1,61184
230,13,7,1,82686
230,14,7,1,94000
230,15,8,1,122312
230,16,8,1,136976
230,17,9,1,172794
230,18,9,1,190940
230,19,10,1,235352
230,20,10,1,257560
230,21,11,1,311262
230,22,11,1,337640
230,23,11,1,483708
230,24,12,1,432808
230,25,12,1,590734
230,26,13,1,543844
230,27,13,1,713596
230,28,14,1,672336
230,29,14,1,853588
230,30,15,1,819040
230,31,15,1,1011784
230,32,15,1,1238476
230,33,16,1,1189460
230,34,16,1,1430620
230,35,17,1,1387612
230,36,17,1,1643200
230,37,18,1,1607506
230,38,18,1,1877380
230,39,18,1,2160430
230,40,19,1,2134256
230,41,19,1,2432212
230,42,20,1,2414964
230,43,20,1,2727706
230,44,20,1,3048896
230,45,21,1,3047940
230,46,21,1,3384248
231,1,1,1,231
231,2,1,1,462
231,3,2,1,2077
231,4,2,1,3222
231,5,3,1,6916
231,6,3,1,9184
231,7,4,1,16094
231,8,4,1,20144
231,9,5,1,30969
231,10,5,1,36982
231,11,6,1,52843
231,12,6,1,61454
231,13,7,1,83050
231,14,7,1,94416
231,15,8,1,122852
231,16,8,1,137584
231,17,9,1,173559
231,18,9,1,191790
231,19,10,1,236397
231,20,10,1,258710
231,21,11,1,312648
231,22,11,1,339152
231,23,11,1,486530
231,24,12,1,434752
231,25,12,1,594077
231,26,13,1,546294
231,27,13,1,717581
231,28,14,1,675374
231,29,14,1,858241
231,30,15,1,822752
231,31,15,1,1017246
231,32,15,1,1245872
231,33,16,1,1195762
231,34,16,1,1439004
231,35,17,1,1394920
231,36,17,1,1652702
231,37,18,1,1615864
231,38,18,1,1888070
231,39,18,1,2173528
231,40,19,1,2146282
231,41,19,1,2446771
231,42,20,1,2428404
231,43,20,1,2743814
231,44,21,1,2735556
231,45,21,1,3065740
231,46,21,1,3404912
232,1,1,1,232
232,2,1,1,464
232,3,2,1,2086
232,4,2,1,3236
232,5,3,1,6946
232,6,3,1,9224
232,7,4,1,16164
232,8,4,1,20232
232,9,5,1,31104
232,10,5,1,37144
232,11,6,1,53074
232,12,6,1,61724
232,13,7,1,83414
232,14,7,1,94832
232,15,8,1,123392
232,16,8,1,138192
232,17,9,1,174324
232,18,9,1,192640
232,19,10,1,237442
232,20,10,1,259860
232,21,11,1,314034
232,22,11,1,340664
232,23,11,1,489332
232,24,12,1,436696
232,25,12,1,597420
232,26,13,1,548744
232,27,13,1,721542
232,28,14,1,678412
232,29,14,1,862894
232,30,15,1,826464
232,31,15,1,1022680
232,32,15,1,1253268
232,33,16,1,1202064
232,34,16,1,1447420
232,35,17,1,1402196
232,36,17,1,1662204
232,37,18,1,1624222
232,38,18,1,1898796
232,39,18,1,2186650
232,40,19,1,2158308
232,41,19,1,2461342
232,42,20,1,2441884
232,43,20,1,2759952
232,44,21,1,2750572
232,45,21,1,3083562
232,46,21,1,3425624
233,1,1,1,233
233,2,1,1,466
233,3,2,1,2095
233,4,2,1,3250
233,5,3,1,6976
233,6,3,1,9264
233,7,4,1,16234
233,8,4,1,20320
233,9,5,1,31239
233,10,5,1,37306
233,11,6,1,53305
233,12,6,1,61994
233,13,7,1,83778
233,14,7,1,95248
233,15,8,1,123932
233,16,8,1,138800
233,17,9,1,175089
233,18,9,1,193490
233,19,10,1,238487
233,20,10,1,261010
233,21,11,1,315420
233,22,11,1,342176
233,23,11,1,492155
233,24,12,1,438640
233,25,12,1,600788
233,26,13,1,551194
233,27,13,1,725528
233,28,14,1,681450
233,29,14,1,867579
233,30,15,1,830176
233,31,15,1,1028143
233,32,15,1,1260694
233,33,16,1,1208411
233,34,16,1,1455836
233,35,17,1,1409505
233,36,17,1,1671740
233,37,18,1,1632622
233,38,18,1,1909518
233,39,18,1,2199811
233,40,19,1,2170356
233,41,19,1,2475953
233,42,20,1,2455336
233,43,20,1,2776128
233,44,21,1,2765594
233,45,21,1,3101428
233,46,21,1,3446384
234,1,1,1,234
234,2,1,1,468
234,3,2,1,2104
234,4,2,1,3264
234,5,3,1,7006
234,6,3,1,9304
234,7,4,1,16304
234,8,4,1,20408
234,9,5,1,31374
234,10,5,1,37468
234,11,6,1,53536
234,12,6,1,62264
234,13,7,1,84142
234,14,7,1,95664
234,15,8,1,124472
234,16,8,1,139408
234,17,9,1,175854
234,18,9,1,194340
234,19,10,1,239532
234,20,10,1,262160
234,21,11,1,316806
234,22,11,1,343688
234,23,11,1,494978
234,24,12,1,440584
234,25,12,1,604180
234,26,13,1,553644
234,27,13,1,729514
234,28,14,1,684488
234,29,14,1,872292
234,30,15,1,833888
234,31,15,1,1033606
234,32,15,1,1268120
234,33,16,1,1214790
234,34,16,1,1464284
234,35,17,1,1416814
234,36,17,1,1681276
234,37,18,1,1641058
234,38,18,1,1920276
234,39,18,1,2213008
234,40,19,1,2182404
234,41,19,1,2490590
234,42,20,1,2468828
234,43,20,1,2792346
234,44,21,1,2780616
234,45,21,1,3119322
234,46,21,1,3467184
235,1,1,1,235
235,2,1,1,470
235,3,2,1,2113
235,4,2,1,3278
235,5,3,1,7036
235,6,3,1,9344
235,7,4,1,16374
235,8,4,1,20496
235,9,5,1,31509
235,10,5,1,37630
235,11,6,1,53767
235,12,6,1,62534
235,13,7,1,84506
235,14,7,1,96080
235,15,8,1,125012
235,16,8,1,140016
235,17,9,1,176619
235,18,9,1,195190
235,19,10,1,240577
235,20,10,1,263310
235,21,11,1,318192
235,22,11,1,345200
235,23,11,1,497823
235,24,12,1,442528
235,25,12,1,607548
235,26,13,1,556094
235,27,13,1,733525
235,28,14,1,687526
235,29,14,1,876977
235,30,15,1,837600
235,31,15,1,1039105
235,32,15,1,1275578
235,33,16,1,1221137
235,34,16,1,1472734
235,35,17,1,1424169
235,36,17,1,1690848
235,37,18,1,1649458
235,38,18,1,1931040
235,39,18,1,2226218
235,40,19,1,2194508
235,41,19,1,2505266
235,42,20,1,2482350
235,43,20,1,2808579
235,44,21,1,2795682
235,45,21,1,3137260
235,46,21,1,3488032
235,47,22,1,3492404
236,1,1,1,236
236,2,1,1,472
236,3,2,1,2122
236,4,2,1,3292
236,5,3,1,7066
236,6,3,1,9384
236,7,4,1,16444
236,8,4,1,20584
236,9,5,1,31644
236,10,5,1,37792
236,11,6,1,53998
236,12,6,1,62804
236,13,7,1,84870
236,14,7,1,96496
236,15,8,1,125552
236,16,8,1,140624
236,17,9,1,177384
236,18,9,1,196040
236,19,10,1,241622
236,20,10,1,264460
236,21,11,1,319578
236,22,11,1,346712
236,23,11,1,500648
236,24,12,1,444472
236,25,12,1,610916
236,26,13,1,558544
236,27,13,1,737512
236,28,14,1,690564
236,29,14,1,881662
236,30,15,1,841312
236,31,15,1,1044576
236,32,15,1,1283036
236,33,16,1,1227484
236,34,16,1,1481216
236,35,17,1,1431492
236,36,17,1,1700420
236,37,18,1,1657858
236,38,18,1,1941840
236,39,18,1,2239454
236,40,19,1,2206612
236,41,19,1,2519956
236,42,20,1,2495912
236,43,20,1,2824840
236,44,21,1,2810748
236,45,21,1,3155214
236,46,21,1,3508920
236,47,22,1,3512170
237,1,1,1,237
237,2,1,1,474
237,3,2,1,2131
237,4,2,1,3306
237,5,3,1,7096
237,6,3,1,9424
237,7,4,1,16514
237,8,4,1,20672
237,9,5,1,31779
237,10,5,1,37954
237,11,6,1,54229
237,12,6,1,63074
237,13,7,1,85234
237,14,7,1,96912
237,15,8,1,126092
237,16,8,1,141232
237,17,9,1,178149
237,18,9,1,196890
237,19,10,1,242667
237,20,10,1,265610
237,21,11,1,320964
237,22,11,1,348224
237,23,11,1,503494
237,24,12,1,446416
237,25,12,1,614308
237,26,13,1,560994
237,27,13,1,741524
237,28,14,1,693602
237,29,14,1,886374
237,30,15,1,845024
237,31,15,1,1050076
237,32,15,1,1290524
237,33,16,1,1233853
237,34,16,1,1489698
237,35,17,1,1438848
237,36,17,1,1710026
237,37,18,1,1666279
237,38,18,1,1952640
237,39,18,1,2252726
237,40,19,1,2218742
237,41,19,1,2534686
237,42,20,1,2509450
237,43,20,1,2841142
237,44,21,1,2825892
237,45,21,1,3173210
237,46,21,1,3529856
237,47,22,1,3531992
238,1,1,1,238
238,2,1,1,476
238,3,2,1,2140
238,4,2,1,3320
238,5,3,1,7126
238,6,3,1,9464
238,7,4,1,16584
238,8,4,1,20760
238,9,5,1,31914
238,10,5,1,38116
238,11,6,1,54460
238,12,6,1,63344
238,13,7,1,85598
238,14,7,1,97328
238,15,8,1,126632
238,16,8,1,141840
238,17,9,1,178914
238,18,9,1,197740
238,19,10,1,243712
238,20,10,1,266760
238,21,11,1,322350
238,22,11,1,349736
238,23,11,1,506340
238,24,12,1,448360
238,25,12,1,617724
238,26,13,1,563444
238,27,13,1,745536
238,28,14,1,696640
238,29,14,1,891114
238,30,15,1,848736
238,31,15,1,1055576
238,32,15,1,1298012
238,33,16,1,1240254
238,34,16,1,1498212
238,35,17,1,1446204
238,36,17,1,1719632
238,37,18,1,1674736
238,38,18,1,1963476
238,39,18,1,2266036
238,40,19,1,2230872
238,41,19,1,2549440
238,42,20,1,2523028
238,43,20,1,2857484
238,44,21,1,2841036
238,45,21,1,3191236
238,46,21,1,3550832
238,47,22,1,3551856
239,1,1,1,239
239,2,1,1,478
239,3,2,1,2149
239,4,2,1,3334
239,5,3,1,7156
239,6,3,1,9504
239,7,4,1,16654
239,8,4,1,20848
239,9,5,1,32049
239,10,5,1,38278
239,11,6,1,54691
239,12,6,1,63614
239,13,7,1,85962
239,14,7,1,97744
239,15,8,1,127172
239,16,8,1,142448
239,17,9,1,179679
239,18,9,1,198590
239,19,10,1,244757
239,20,10,1,267910
239,21,11,1,323736
239,22,11,1,351248
239,23,11,1,509207
239,24,12,1,450304
239,25,12,1,621116
239,26,13,1,565894
239,27,13,1,749574
239,28,14,1,699678
239,29,14,1,895826
239,30,15,1,852448
239,31,15,1,1061106
239,32,15,1,1305532
239,33,16,1,1246623
239,34,16,1,1506728
239,35,17,1,1453580
239,36,17,1,1729274
239,37,18,1,1683157
239,38,18,1,1974314
239,39,18,1,2279359
239,40,19,1,2243054
239,41,19,1,2564236
239,42,20,1,2536632
239,43,20,1,2873841
239,44,21,1,2856192
239,45,21,1,3209303
239,46,21,1,3571856
239,47,22,1,3571733
240,1,1,1,240
240,2,1,1,480
240,3,2,1,2158
240,4,2,1,3348
240,5,3,1,7186
240,6,3,1,9544
240,7,4,1,16724
240,8,4,1,20936
240,9,5,1,32184
240,10,5,1,38440
240,11,6,1,54922
240,12,6,1,63884
240,13,7,1,86326
240,14,7,1,98160
240,15,8,1,127712
240,16,8,1,143056
240,17,9,1,180444
240,18,9,1,199440
240,19,10,1,245802
240,20,10,1,269060
240,21,11,1,325122
240,22,11,1,352760
240,23,11,1,512054
240,24,12,1,452248
240,25,12,1,624508
240,26,13,1,568344
240,27,13,1,753588
240,28,14,1,702716
240,29,14,1,900538
240,30,15,1,856160
240,31,15,1,1066608
240,32,15,1,1313052
240,33,16,1,1252992
240,34,16,1,1515276
240,35,17,1,1460924
240,36,17,1,1738916
240,37,18,1,1691578
240,38,18,1,1985188
240,39,18,1,2292706
240,40,19,1,2255236
240,41,19,1,2579044
240,42,20,1,2550276
240,43,20,1,2890228
240,44,21,1,2871348
240,45,21,1,3227388
240,46,21,1,3592920
240,47,22,1,3591646
240,48,22,1,3973580
241,1,1,1,241
241,2,1,1,482
241,3,2,1,2167
241,4,2,1,3362
241,5,3,1,7216
241,6,3,1,9584
241,7,4,1,16794
241,8,4,1,21024
241,9,5,1,32319
241,10,5,1,38602
241,11,6,1,55153
241,12,6,1,64154
241,13,7,1,86690
241,14,7,1,98576
241,15,8,1,128252
241,16,8,1,143664
241,17,9,1,181209
241,18,9,1,200290
241,19,10,1,246847
241,20,10,1,270210
241,21,11,1,326508
241,22,11,1,354272
241,23,11,1,514922
241,24,12,1,454192
241,25,12,1,627925
241,26,13,1,570794
241,27,13,1,757627
241,28,14,1,705754
241,29,14,1,905280
241,30,15,1,859872
241,31,15,1,1072139
241,32,16,1,1034784
241,33,16,1,1259404
241,34,16,1,1523824
241,35,17,1,1468301
241,36,17,1,1748592
241,37,18,1,1700045
241,38,18,1,1996062
241,39,19,1,1955727
241,40,19,1,2267448
241,41,19,1,2593892
241,42,20,1,2563900
241,43,20,1,2906653
241,44,21,1,2886570
241,45,21,1,3245515
241,46,21,1,3614032
241,47,22,1,3611600
241,48,22,1,3996658
242,1,1,1,242
242,2,1,1,484
242,3,2,1,2176
242,4,2,1,3376
242,5,3,1,7246
242,6,3,1,9624
242,7,4,1,16864
242,8,4,1,21112
242,9,5,1,32454
242,10,5,1,38764
242,11,6,1,55384
242,12,6,1,64424
242,13,7,1,87054
242,14,7,1,98992
242,15,8,1,128792
242,16,8,1,144272
242,17,9,1,181974
242,18,9,1,201140
242,19,10,1,247892
242,20,10,1,271360
242,21,11,1,327894
242,22,11,1,355784
242,23,11,1,517790
242,24,12,1,456136
242,25,12,1,631366
242,26,13,1,573244
242,27,13,1,761666
242,28,14,1,708792
242,29,14,1,910050
242,30,15,1,863584
242,31,15,1,1077670
242,32,16,1,1039264
242,33,16,1,1265848
242,34,16,1,1532404
242,35,17,1,1475678
242,36,17,1,1758268
242,37,18,1,1708548
242,38,18,1,2006972
242,39,19,1,1965386
242,40,19,1,2279660
242,41,19,1,2608766
242,42,20,1,2577560
242,43,20,1,2923120
242,44,21,1,2901792
242,45,21,1,3263670
242,46,21,1,3635184
242,47,22,1,3631602
242,48,22,1,4019784
243,1,1,1,243
243,2,1,1,486
243,3,2,1,2185
243,4,2,1,3390
243,5,3,1,7276
243,6,3,1,9664
243,7,4,1,16934
243,8,4,1,21200
243,9,5,1,32589
243,10,5,1,38926
243,11,6,1,55615
243,12,6,1,64694
243,13,7,1,87418
243,14,7,1,99408
243,15,8,1,129332
243,16,8,1,144880
243,17,9,1,182739
243,18,9,1,201990
243,19,10,1,248937
243,20,10,1,272510
243,21,11,1,329280
243,22,11,1,357296
243,23,12,1,425026
243,24,12,1,458080
243,25,12,1,634783
243,26,13,1,575694
243,27,13,1,765730
243,28,14,1,711830
243,29,14,1,914792
243,30,15,1,867296
243,31,15,1,1083225
243,32,16,1,1043744
243,33,16,1,1272260
243,34,16,1,1540986
243,35,17,1,1483103
243,36,17,1,1767980
243,37,18,1,1717015
243,38,18,1,2017884
243,39,19,1,1975090
243,40,19,1,2291920
243,41,19,1,2623679
243,42,20,1,2591246
243,43,20,1,2939602
243,44,21,1,2917038
243,45,21,1,3281869
243,46,21,1,3656384
243,47,22,1,3651617
243,48,22,1,4042954
244,1,1,1,244
244,2,1,1,488
244,3,2,1,2194
244,4,2,1,3404
244,5,3,1,7306
244,6,3,1,9704
244,7,4,1,17004
244,8,4,1,21288
244,9,5,1,32724
244,10,5,1,39088
244,11,6,1,55846
244,12,6,1,64964
244,13,7,1,87782
244,14,7,1,99824
244,15,8,1,129872
244,16,8,1,145488
244,17,9,1,183504
244,18,9,1,202840
244,19,10,1,249982
244,20,10,1,273660
244,21,11,1,330666
244,22,11,1,358808
244,23,12,1,426820
244,24,12,1,460024
244,25,12,1,638200
244,26,13,1,578144
244,27,13,1,769770
244,28,14,1,714868
244,29,14,1,919534
244,30,15,1,871008
244,31,15,1,1088752
244,32,16,1,1048224
244,33,16,1,1278672
244,34,16,1,1549600
244,35,17,1,1490496
244,36,17,1,1777692
244,37,18,1,1725482
244,38,18,1,2028832
244,39,19,1,1984758
244,40,19,1,2304180
244,41,19,1,2638606
244,42,20,1,2604972
244,43,20,1,2956112
244,44,21,1,2932284
244,45,21,1,3300084
244,46,21,1,3677624
244,47,22,1,3671662
244,48,22,1,4066172
245,1,1,1,245
245,2,1,1,490
245,3,2,1,2203
245,4,2,1,3418
245,5,3,1,7336
245,6,3,1,9744
245,7,4,1,17074
245,8,4,1,21376
245,9,5,1,32859
245,10,5,1,39250
245,11,6,1,56077
245,12,6,1,65234
245,13,7,1,88146
245,14,7,1,100240
245,15,8,1,130412
245,16,8,1,146096
245,17,9,1,184269
245,18,9,1,203690
245,19,10,1,251027
245,20,10,1,274810
245,21,11,1,332052
245,22,11,1,360320
245,23,12,1,428614
245,24,12,1,461968
245,25,12,1,641641
245,26,13,1,580594
245,27,13,1,773835
245,28,14,1,717906
245,29,14,1,924303
245,30,15,1,874720
245,31,15,1,1094308
245,32,16,1,1052704
245,33,16,1,1285108
245,34,16,1,1558214
245,35,17,1,1497922
245,36,17,1,1787438
245,37,18,1,1733982
245,38,18,1,2039780
245,39,19,1,1994463
245,40,19,1,2316474
245,41,19,1,2653573
245,42,20,1,2618682
245,43,20,1,2972663
245,44,21,1,2947600
245,45,21,1,3318341
245,46,21,1,3698912
245,47,22,1,3691757
245,48,22,1,4089434
245,49,23,1,4094042
246,1,1,1,246
246,2,1,1,492
246,3,2,1,2212
246,4,2,1,3432
246,5,3,1,7366
246,6,3,1,9784
246,7,4,1,17144
246,8,4,1,21464
246,9,5,1,32994
246,10,5,1,39412
246,11,6,1,56308
246,12,6,1,65504
246,13,7,1,88510
246,14,7,1,100656
246,15,8,1,130952
246,16,8,1,146704
246,17,9,1,185034
246,18,9,1,204540
246,19,10,1,252072
246,20,10,1,275960
246,21,11,1,333438
246,22,11,1,361832
246,23,12,1,430408
246,24,12,1,463912
246,25,12,1,645106
246,26,13,1,583044
246,27,13,1,777900
246,28,14,1,720944
246,29,14,1,929100
246,30,15,1,878432
246,31,15,1,1099864
246,32,16,1,1057184
246,33,16,1,1291576
246,34,16,1,1566860
246,35,17,1,1505348
246,36,17,1,1797184
246,37,18,1,1742518
246,38,18,1,2050764
246,39,19,1,2004168
246,40,19,1,2328768
246,41,19,1,2668564
246,42,20,1,2632432
246,43,20,1,2989254
246,44,21,1,2962916
246,45,21,1,3336628
246,46,21,1,3720240
246,47,22,1,3711894
246,48,22,1,4112744
246,49,23,1,4116140
247,1,1,1,247
247,2,1,1,494
247,3,2,1,2221
247,4,2,1,3446
247,5,3,1,7396
247,6,3,1,9824
247,7,4,1,17214
247,8,4,1,21552
247,9,5,1,33129
247,10,5,1,39574
247,11,6,1,56539
247,12,6,1,65774
247,13,7,1,88874
247,14,7,1,101072
247,15,8,1,131492
247,16,8,1,147312
247,17,9,1,185799
247,18,9,1,205390
247,19,10,1,253117
247,20,10,1,277110
247,21,11,1,334824
247,22,11,1,363344
247,23,12,1,432202
247,24,12,1,465856
247,25,12,1,648547
247,26,13,1,585494
247,27,13,1,781991
247,28,14,1,723982
247,29,14,1,933869
247,30,15,1,882144
247,31,15,1,1105452
247,32,16,1,1061664
247,33,16,1,1298012
247,34,16,1,1575508
247,35,17,1,1512810
247,36,17,1,1806966
247,37,18,1,1751018
247,38,18,1,2061750
247,39,19,1,2013920
247,40,19,1,2341102
247,41,19,1,2683597
247,42,20,1,2646188
247,43,20,1,3005860
247,44,21,1,2978252
247,45,21,1,3354956
247,46,21,1,3741616
247,47,22,1,3732043
247,48,22,1,4136098
247,49,23,1,4138274
248,1,1,1,248
248,2,1,1,496
248,3,2,1,2230
248,4,2,1,3460
248,5,3,1,7426
248,6,3,1,9864
248,7,4,1,17284
248,8,4,1,21640
248,9,5,1,33264
248,10,5,1,39736
248,11,6,1,56770
248,12,6,1,66044
248,13,7,1,89238
248,14,7,1,101488
248,15,8,1,132032
248,16,8,1,147920
248,17,9,1,186564
248,18,9,1,206240
248,19,10,1,254162
248,20,10,1,278260
248,21,11,1,336210
248,22,11,1,364856
248,23,12,1,433996
248,24,12,1,467800
248,25,12,1,651988
248,26,13,1,587944
248,27,13,1,786058
248,28,14,1,727020
248,29,14,1,938638
248,30,15,1,885856
248,31,15,1,1111012
248,32,16,1,1066144
248,33,16,1,1304448
248,34,16,1,1584188
248,35,17,1,1520240
248,36,17,1,1816748
248,37,18,1,1759518
248,38,18,1,2072772
248,39,19,1,2023636
248,40,19,1,2353436
248,41,19,1,2698644
248,42,20,1,2659984
248,43,20,1,3022496
248,44,21,1,2993588
248,45,21,1,3373302
248,46,21,1,3763032
248,47,22,1,3752226
248,48,22,1,4159500
248,49,23,1,4160432
249,1,1,1,249
249,2,1,1,498
249,3,2,1,2239
249,4,2,1,3474
249,5,3,1,7456
249,6,3,1,9904
249,7,4,1,17354
249,8,4,1,21728
249,9,5,1,33399
249,10,5,1,39898
249,11,6,1,57001
249,12,6,1,66314
249,13,7,1,89602
249,14,7,1,101904
249,15,8,1,132572
249,16,8,1,148528
249,17,9,1,187329
249,18,9,1,207090
249,19,10,1,255207
249,20,10,1,279410
249,21,11,1,337596
249,22,11,1,366368
249,23,12,1,435790
249,24,12,1,469744
249,25,12,1,655454
249,26,13,1,590394
249,27,13,1,790150
249,28,14,1,730058
249,29,14,1,943437
249,30,15,1,889568
249,31,15,1,1116601
249,32,16,1,1070624
249,33,16,1,1310919
249,34,16,1,1592868
249,35,17,1,1527703
249,36,17,1,1826564
249,37,18,1,1768069
249,38,18,1,2083794
249,39,19,1,2033389
249,40,19,1,2365812
249,41,19,1,2713733
249,42,20,1,2673792
249,43,20,1,3039170
249,44,21,1,3008990
249,45,21,1,3391690
249,46,21,1,3784496
249,47,22,1,3772456
249,48,22,1,4182946
249,49,23,1,4182636
250,1,1,1,250
250,2,1,1,500
250,3,2,1,2248
250,4,2,1,3488
250,5,3,1,7486
250,6,3,1,9944
250,7,4,1,17424
250,8,4,1,21816
250,9,5,1,33534
250,10,5,1,40060
250,11,6,1,57232
250,12,6,1,66584
250,13,7,1,89966
250,14,7,1,102320
250,15,8,1,133112
250,16,8,1,149136
250,17,9,1,188094
250,18,9,1,207940
250,19,10,1,256252
250,20,10,1,280560
250,21,11,1,338982
250,22,11,1,367880
250,23,12,1,437584
250,24,12,1,471688
250,25,12,1,658944
250,26,13,1,592844
250,27,13,1,794242
250,28,14,1,733096
250,29,14,1,948264
250,30,15,1,893280
250,31,15,1,1122190
250,32,16,1,1075104
250,33,16,1,1317422
250,34,16,1,1601580
250,35,17,1,1535166
250,36,17,1,1836380
250,37,18,1,1776656
250,38,18,1,2094852
250,39,19,1,2043142
250,40,19,1,2378188
250,41,19,1,2728850
250,42,20,1,2687640
250,43,20,1,3055888
250,44,21,1,3024392
250,45,21,1,3410106
250,46,21,1,3806000
250,47,22,1,3792730
250,48,22,1,4206440
250,49,23,1,4204866
250,50,23,1,4636308
251,1,1,1,251
251,2,1,1,502
251,3,2,1,2257
251,4,2,1,3502
251,5,3,1,7516
251,6,3,1,9984
251,7,4,1,17494
251,8,4,1,21904
251,9,5,1,33669
251,10,5,1,40222
251,11,6,1,57463
251,12,6,1,66854
251,13,7,1,90330
251,14,7,1,102736
251,15,8,1,133652
251,16,8,1,149744
251,17,9,1,188859
251,18,9,1,208790
251,19,10,1,257297
251,20,10,1,281710
251,21,11,1,340368
251,22,11,1,369392
251,23,12,1,439378
251,24,12,1,473632
251,25,12,1,662410
251,26,13,1,595294
251,27,13,1,798359
251,28,14,1,736134
251,29,14,1,953063
251,30,15,1,896992
251,31,15,1,1127812
251,32,16,1,1079584
251,33,16,1,1323893
251,34,16,1,1610294
251,35,17,1,1542647
251,36,17,1,1846232
251,37,18,1,1785207
251,38,18,1,2105912
251,39,19,1,2052905
251,40,19,1,2390600
251,41,19,1,2744009
251,42,20,1,2701482
251,43,20,1,3072623
251,44,21,1,3039818
251,45,21,1,3428566
251,46,21,1,3827552
251,47,22,1,3813017
251,48,22,1,4229978
251,49,23,1,4227144
251,50,23,1,4661970
252,1,1,1,252
252,2,1,1,504
252,3,2,1,2266
252,4,2,1,3516
252,5,3,1,7546
252,6,3,1,10024
252,7,4,1,17564
252,8,4,1,21992
252,9,5,1,33804
252,10,5,1,40384
252,11,6,1,57694
252,12,6,1,67124
252,13,7,1,90694
252,14,7,1,103152
252,15,8,1,134192
252,16,8,1,150352
252,17,9,1,189624
252,18,9,1,209640
252,19,10,1,258342
252,20,10,1,282860
252,21,11,1,341754
252,22,11,1,370904
252,23,12,1,441172
252,24,12,1,475576
252,25,12,1,665876
252,26,13,1,597744
252,27,13,1,802452
252,28,14,1,739172
252,29,14,1,957862
252,30,15,1,900704
252,31,15,1,1133406
252,32,16,1,1084064
252,33,16,1,1330364
252,34,16,1,1619040
252,35,17,1,1550096
252,36,17,1,1856084
252,37,18,1,1793758
252,38,18,1,2117008
252,39,19,1,2062632
252,40,19,1,2403012
252,41,19,1,2759184
252,42,20,1,2715364
252,43,20,1,3089388
252,44,21,1,3055244
252,45,21,1,3447044
252,46,21,1,3849144
252,47,22,1,3833338
252,48,22,1,4253564
252,49,23,1,4249444
252,50,23,1,4687680
253,1,1,1,253
253,2,1,1,506
253,3,2,1,2275
253,4,2,1,3530
253,5,3,1,7576
253,6,3,1,10064
253,7,4,1,17634
253,8,4,1,22080
253,9,5,1,33939
253,10,5,1,40546
253,11,6,1,57925
253,12,6,1,67394
253,13,7,1,91058
253,14,7,1,103568
253,15,8,1,134732
253,16,8,1,150960
253,17,9,1,190389
253,18,9,1,210490
253,19,10,1,259387
253,20,10,1,284010
253,21,11,1,343140
253,22,11,1,372416
253,23,12,1,442966
253,24,12,1,477520
253,25,12,1,669367
253,26,13,1,600194
253,27,13,1,806570
253,28,14,1,742210
253,29,14,1,962688
253,30,15,1,904416
253,31,15,1,1139029
253,32,16,1,1088544
253,33,16,1,1336875
253,34,16,1,1627786
253,35,17,1,1557578
253,36,17,1,1865970
253,37,18,1,1802326
253,38,18,1,2128104
253,39,19,1,2072396
253,40,19,1,2415466
253,41,19,1,2774401
253,42,20,1,2729254
253,43,21,1,2693196
253,44,21,1,3070732
253,45,21,1,3465566
253,46,22,1,3441128
253,47,22,1,3853703
253,48,22,1,4277194
253,49,23,1,4271790
253,50,23,1,4713438
254,1,1,1,254
254,2,1,1,508
254,3,2,1,2284
254,4,2,1,3544
254,5,3,1,7606
254,6,3,1,10104
254,7,4,1,17704
254,8,4,1,22168
254,9,5,1,34074
254,10,5,1,40708
254,11,6,1,58156
254,12,6,1,67664
254,13,7,1,91422
254,14,7,1,103984
254,15,8,1,135272
254,16,8,1,151568
254,17,9,1,191154
254,18,9,1,211340
254,19,10,1,260432
254,20,10,1,285160
254,21,11,1,344526
254,22,11,1,373928
254,23,12,1,444760
254,24,12,1,479464
254,25,12,1,672882
254,26,13,1,602644
254,27,13,1,810688
254,28,14,1,745248
254,29,14,1,967542
254,30,15,1,908128
254,31,15,1,1144652
254,32,16,1,1093024
254,33,16,1,1343418
254,34,16,1,1636564
254,35,17,1,1565060
254,36,17,1,1875856
254,37,18,1,1810930
254,38,18,1,2139236
254,39,19,1,2082160
254,40,19,1,2427920
254,41,19,1,2789644
254,42,20,1,2743184
254,43,20,1,3123048
254,44,21,1,3086220
254,45,21,1,3484120
254,46,22,1,3458300
254,47,22,1,3874116
254,48,22,1,4300872
254,49,23,1,4294164
254,50,23,1,4739244
255,1,1,1,255
255,2,1,1,510
255,3,2,1,2293
255,4,2,1,3558
255,5,3,1,7636
255,6,3,1,10144
255,7,4,1,17774
255,8,4,1,22256
255,9,5,1,34209
255,10,5,1,40870
255,11,6,1,58387
255,12,6,1,67934
255,13,7,1,91786
255,14,7,1,104400
255,15,8,1,135812
255,16,8,1,152176
255,17,9,1,191919
255,18,9,1,212190
255,19,10,1,261477
255,20,10,1,286310
255,21,11,1,345912
255,22,11,1,375440
255,23,12,1,446554
255,24,12,1,481408
255,25,12,1,676373
255,26,13,1,605094
255,27,13,1,814833
255,28,14,1,748286
255,29,14,1,972368
255,30,15,1,911840
255,31,15,1,1150301
255,32,16,1,1097504
255,33,16,1,1349929
255,34,16,1,1645346
255,35,17,1,1572593
255,36,17,1,1885778
255,37,18,1,1819498
255,38,18,1,2150370
255,39,19,1,2091959
255,40,19,1,2440410
255,41,19,1,2804932
255,42,20,1,2757108
255,43,21,1,2718299
255,44,21,1,3101736
255,45,21,1,3502718
255,46,22,1,3475482
255,47,22,1,3894544
255,48,22,1,4324594
255,49,23,1,4316598
255,50,23,1,4765098
255,51,24,1,4770059
256,1,1,1,256
256,2,1,1,512
256,3,2,1,2302
256,4,2,1,3572
256,5,3,1,7666
256,6,3,1,10184
256,7,4,1,17844
256,8,4,1,22344
256,9,5,1,34344
256,10,5,1,41032
256,11,6,1,58618
256,12,6,1,68204
256,13,7,1,92150
256,14,7,1,104816
256,15,8,1,136352
256,16,8,1,152784
256,17,9,1,192684
256,18,9,1,213040
256,19,10,1,262522
256,20,10,1,287460
256,21,11,1,347298
256,22,11,1,376952
256,23,12,1,448348
256,24,12,1,483352
256,25,12,1,679864
256,26,13,1,607544
256,27,13,1,818954
256,28,14,1,751324
256,29,14,1,977194
256,30,15,1,915552
256,31,15,1,1155922
256,32,16,1,1101984
256,33,16,1,1356440
256,34,16,1,1654160
256,35,17,1,1580094
256,36,17,1,1895700
256,37,18,1,1828066
256,38,18,1,2161540
256,39,19,1,2101722
256,40,19,1,2452900
256,41,19,1,2820234
256,42,20,1,2771072
256,43,20,1,3156816
256,44,21,1,3117252
256,45,21,1,3521336
256,46,22,1,3492728
256,47,22,1,3915006
256,48,22,1,4348368
256,49,23,1,4339040
256,50,23,1,4791000
256,51,24,1,4794616
257,1,1,1,257
257,2,1,1,514
257,3,2,1,2311
257,4,2,1,3586
257,5,3,1,7696
257,6,3,1,10224
257,7,4,1,17914
257,8,4,1,22432
257,9,5,1,34479
257,10,5,1,41194
257,11,6,1,58849
257,12,6,1,68474
257,13,7,1,92514
257,14,7,1,105232
257,15,8,1,136892
257,16,8,1,153392
257,17,9,1,193449
257,18,9,1,213890
257,19,10,1,263567
257,20,10,1,288610
257,21,11,1,348684
257,22,11,1,378464
257,23,12,1,450142
257,24,12,1,485296
257,25,12,1,683381
257,26,13,1,609994
257,27,13,1,823100
257,28,14,1,754362
257,29,14,1,982052
257,30,15,1,919264
257,31,15,1,1161572
257,32,16,1,1106464
257,33,16,1,1362986
257,34,16,1,1662976
257,35,17,1,1587628
257,36,17,1,1905658
257,37,18,1,1836692
257,38,18,1,2172710
257,39,19,1,2111522
257,40,19,1,2465432
257,41,19,1,2835576
257,42,20,1,2785038
257,43,20,1,3173757
257,44,21,1,3132812
257,45,21,1,3539998
257,46,22,1,3509996
257,47,22,1,3935518
257,48,22,1,4372190
257,49,23,1,4361530
257,50,23,1,4816950
257,51,24,1,4819224
258,1,1,1,258
258,2,1,1,516
258,3,2,1,2320
258,4,2,1,3600
258,5,3,1,7726
258,6,3,1,10264
258,7,4,1,17984
258,8,4,1,22520
258,9,5,1,34614
258,10,5,1,41356
258,11,6,1,59080
258,12,6,1,68744
258,13,7,1,92878
258,14,7,1,105648
258,15,8,1,137432
258,16,8,1,154000
258,17,9,1,194214
258,18,9,1,214740
258,19,10,1,264612
258,20,10,1,289760
258,21,11,1,350070
258,22,11,1,379976
258,23,12,1,451936
258,24,12,1,487240
258,25,12,1,686922
258,26,13,1,612444
258,27,13,1,827246
258,28,14,1,757400
258,29,14,1,986938
258,30,15,1,922976
258,31,15,1,1167222
258,32,16,1,1110944
258,33,16,1,1369564
258,34,16,1,1671824
258,35,17,1,1595162
258,36,17,1,1915616
258,37,18,1,1845354
258,38,18,1,2183916
258,39,19,1,2121322
258,40,19,1,2477964
258,41,19,1,2850942
258,42,20,1,2799044
258,43,20,1,3190742
258,44,21,1,3148372
258,45,21,1,3558690
258,46,22,1,3527296
258,47,22,1,3956076
258,48,22,1,4396064
258,49,23,1,4384066
258,50,23,1,4842952
258,51,24,1,4843900
259,1,1,1,259
259,2,1,1,518
259,3,2,1,2329
259,4,2,1,3614
259,5,3,1,7756
259,6,3,1,10304
259,7,4,1,18054
259,8,4,1,22608
259,9,5,1,34749
259,10,5,1,41518
259,11,6,1,59311
259,12,6,1,69014
259,13,7,1,93242
259,14,7,1,106064
259,15,8,1,137972
259,16,8,1,154608
259,17,9,1,194979
259,18,9,1,215590
259,19,10,1,265657
259,20,10,1,290910
259,21,11,1,351456
259,22,11,1,381488
259,23,12,1,453730
259,24,12,1,489184
259,25,12,1,690439
259,26,13,1,614894
259,27,13,1,831418
259,28,14,1,760438
259,29,14,1,991796
259,30,15,1,926688
259,31,15,1,1172907
259,32,16,1,1115424
259,33,16,1,1376110
259,34,16,1,1680676
259,35,17,1,1602714
259,36,17,1,1925612
259,37,18,1,1853980
259,38,18,1,2195126
259,39,19,1,2131187
259,40,19,1,2490532
259,41,19,1,2866350
259,42,20,1,2813058
259,43,20,1,3207744
259,44,21,1,3163992
259,45,21,1,3577429
259,46,22,1,3544588
259,47,22,1,3976649
259,48,22,1,4419986
259,49,23,1,4406632
259,50,23,1,4869006
259,51,24,1,4868593
260,1,1,1,260
260,2,1,1,520
260,3,2,1,2338
260,4,2,1,3628
260,5,3,1,7786
260,6,3,1,10344
260,7,4,1,18124
260,8,4,1,22696
260,9,5,1,34884
260,10,5,1,41680
260,11,6,1,59542
260,12,6,1,69284
260,13,7,1,93606
260,14,7,1,106480
260,15,8,1,138512
260,16,8,1,155216
260,17,9,1,195744
260,18,9,1,216440
260,19,10,1,266702
260,20,10,1,292060
260,21,11,1,352842
260,22,11,1,383000
260,23,12,1,455524
260,24,12,1,491128
260,25,12,1,693956
260,26,13,1,617344
260,27,13,1,835566
260,28,14,1,763476
260,29,14,1,996654
260,30,15,1,930400
260,31,15,1,1178564
260,32,16,1,1119904
260,33,16,1,1382656
260,34,16,1,1689560
260,35,17,1,1610234
260,36,17,1,1935608
260,37,18,1,1862606
260,38,18,1,2206372
260,39,19,1,2141016
260,40,19,1,2503100
260,41,19,1,2881770
260,42,20,1,2827112
260,43,20,1,3224776
260,44,21,1,3179612
260,45,21,1,3596186
260,46,22,1,3561924
260,47,22,1,3997258
260,48,22,1,4443960
260,49,23,1,4429220
260,50,23,1,4895112
260,51,24,1,4893300
260,52,24,1,5378280
261,1,1,1,261
261,2,1,1,522
261,3,2,1,2347
261,4,2,1,3642
261,5,3,1,7816
261,6,3,1,10384
261,7,4,1,18194
261,8,4,1,22784
261,9,5,1,35019
261,10,5,1,41842
261,11,6,1,59773
261,12,6,1,69554
261,13,7,1,93970
261,14,7,1,106896
261,15,8,1,139052
261,16,8,1,155824
261,17,9,1,196509
261,18,9,1,217290
261,19,10,1,267747
261,20,10,1,293210
261,21,11,1,354228
261,22,11,1,384512
261,23,12,1,457318
261,24,12,1,493072
261,25,12,1,697498
261,26,13,1,619794
261,27,13,1,839739
261,28,14,1,766514
261,29,14,1,1001538
261,30,15,1,934112
261,31,15,1,1184250
261,32,16,1,1124384
261,33,16,1,1389226
261,34,16,1,1698446
261,35,17,1,1617787
261,36,17,1,1945640
261,37,18,1,1871255
261,38,18,1,2217620
261,39,19,1,2150882
261,40,19,1,2515714
261,41,19,1,2897230
261,42,20,1,2841160
261,43,20,1,3241846
261,44,21,1,3195280
261,45,21,1,3614987
261,46,22,1,3579278
261,47,22,1,4017914
261,48,22,1,4467982
261,49,23,1,4451861
261,50,23,1,4921270
261,51,24,1,4918091
261,52,24,1,5406712
262,1,1,1,262
262,2,1,1,524
262,3,2,1,2356
262,4,2,1,3656
262,5,3,1,7846
262,6,3,1,10424
262,7,4,1,18264
262,8,4,1,22872
262,9,5,1,35154
262,10,5,1,42004
262,11,6,1,60004
262,12,6,1,69824
262,13,7,1,94334
262,14,7,1,107312
262,15,8,1,139592
262,16,8,1,156432
262,17,9,1,197274
262,18,9,1,218140
262,19,10,1,268792
262,20,10,1,294360
262,21,11,1,355614
262,22,11,1,386024
262,23,12,1,459112
262,24,12,1,495016
262,25,12,1,701064
262,26,13,1,622244
262,27,13,1,843912
262,28,14,1,769552
262,29,14,1,1006450
262,30,15,1,937824
262,31,15,1,1189936
262,32,16,1,1128864
262,33,16,1,1395828
262,34,16,1,1707364
262,35,17,1,1625340
262,36,17,1,1955672
262,37,18,1,1879940
262,38,18,1,2228904
262,39,19,1,2160748
262,40,19,1,2528328
262,41,19,1,2912716
262,42,20,1,2855248
262,43,20,1,3258958
262,44,21,1,3210948
262,45,21,1,3633820
262,46,22,1,3596676
262,47,22,1,4038618
262,48,22,1,4492056
262,49,23,1,4474544
262,50,23,1,4947480
262,51,24,1,4942908
262,52,24,1,5435200
263,1,1,1,263
263,2,1,1,526
263,3,2,1,2365
263,4,2,1,3670
263,5,3,1,7876
263,6,3,1,10464
263,7,4,1,18334
263,8,4,1,22960
263,9,5,1,35289
263,10,5,1,42166
263,11,6,1,60235
263,12,6,1,70094
263,13,7,1,94698
263,14,7,1,107728
263,15,8,1,140132
263,16,8,1,157040
263,17,9,1,198039
263,18,9,1,218990
263,19,10,1,269837
263,20,10,1,295510
263,21,11,1,357000
263,22,11,1,387536
263,23,12,1,460906
263,24,12,1,496960
263,25,12,1,704606
263,26,13,1,624694
263,27,13,1,848112
263,28,14,1,772590
263,29,14,1,1011334
263,30,15,1,941536
263,31,15,1,1195646
263,32,16,1,1133344
263,33,16,1,1402398
263,34,16,1,1716286
263,35,17,1,1632931
263,36,17,1,1965742
263,37,18,1,1888589
263,38,18,1,2240192
263,39,19,1,2170636
263,40,19,1,2540976
263,41,19,1,2928241
263,42,20,1,2869348
263,43,20,1,3276085
263,44,21,1,3226640
263,45,21,1,3652697
263,46,22,1,3614054
263,47,22,1,4059337
263,48,22,1,4516178
263,49,23,1,4497266
263,50,23,1,4973742
263,51,24,1,4967744
263,52,24,1,5463740
264,1,1,1,264
264,2,1,1,528
264,3,2,1,2374
264,4,2,1,3684
264,5,3,1,7906
264,6,3,1,10504
264,7,4,1,18404
264,8,4,1,23048
264,9,5,1,35424
264,10,5,1,42328
264,11,6,1,60466
264,12,6,1,70364
264,13,7,1,95062
264,14,7,1,108144
264,15,8,1,140672
264,16,8,1,157648
264,17,9,1,198804
264,18,9,1,219840
264,19,10,1,270882
264,20,10,1,296660
264,21,11,1,358386
264,22,11,1,389048
264,23,12,1,462700
264,24,12,1,498904
264,25,12,1,708148
264,26,13,1,627144
264,27,13,1,852288
264,28,14,1,775628
264,29,14,1,1016218
264,30,15,1,945248
264,31,15,1,1201328
264,32,16,1,1137824
264,33,16,1,1408968
264,34,16,1,1725240
264,35,17,1,1640490
264,36,17,1,1975812
264,37,18,1,1897238
264,38,18,1,2251516
264,39,19,1,2180488
264,40,19,1,2553624
264,41,19,1,2943780
264,42,20,1,2883488
264,43,20,1,3293240
264,44,21,1,3242332
264,45,21,1,3671590
264,46,22,1,3631476
264,47,22,1,4080090
264,48,22,1,4540344
264,49,23,1,4520014
264,50,23,1,5000056
264,51,24,1,4992640
264,52,24,1,5492336
265,1,1,1,265
265,2,1,1,530
265,3,2,1,2383
265,4,2,1,3698
265,5,3,1,7936
265,6,3,1,10544
265,7,4,1,18474
265,8,4,1,23136
265,9,5,1,35559
265,10,5,1,42490
265,11,6,1,60697
265,12,6,1,70634
265,13,7,1,95426
265,14,7,1,108560
265,15,8,1,141212
265,16,8,1,158256
265,17,9,1,199569
265,18,9,1,220690
265,19,10,1,271927
265,20,10,1,297810
265,21,11,1,359772
265,22,11,1,390560
265,23,12,1,464494
265,24,12,1,500848
265,25,12,1,711716
265,26,13,1,629594
265,27,13,1,856489
265,28,14,1,778666
265,29,14,1,1021135
265,30,15,1,948960
265,31,15,1,1207039
265,32,16,1,1142304
265,33,16,1,1415571
265,34,16,1,1734196
265,35,17,1,1648082
265,36,17,1,1985918
265,37,18,1,1905918
265,38,18,1,2262842
265,39,19,1,2190377
265,40,19,1,2566320
265,41,19,1,2959359
265,42,20,1,2897618
265,43,20,1,3310436
265,44,21,1,3258090
265,45,21,1,3690525
265,46,22,1,3648932
265,47,22,1,4100893
265,48,22,1,4564558
265,49,23,1,4542810
265,50,23,1,5026422
265,51,24,1,5017551
265,52,24,1,5520984
265,53,24,1,6039098
266,1,1,1,266
266,2,1,1,532
266,3,2,1,2392
266,4,2,1,3712
266,5,3,1,7966
266,6,3,1,10584
266,7,4,1,18544
266,8,4,1,23224
266,9,5,1,35694
266,10,5,1,42652
266,11,6,1,60928
266,12,6,1,70904
266,13,7,1,95790
266,14,7,1,108976
266,15,8,1,141752
266,16,8,1,158864
266,17,9,1,200334
266,18,9,1,221540
266,19,10,1,272972
266,20,10,1,298960
266,21,11,1,361158
266,22,11,1,392072
266,23,12,1,466288
266,24,12,1,502792
266,25,12,1,715308
266,26,13,1,632044
266,27,13,1,860690
266,28,14,1,781704
266,29,14,1,1026080
266,30,15,1,952672
266,31,15,1,1212750
266,32,16,1,1146784
266,33,16,1,1422206
266,34,16,1,1743184
266,35,17,1,1655674
266,36,17,1,1996024
266,37,18,1,1914634
266,38,18,1,2274204
266,39,19,1,2200266
266,40,19,1,2579016
266,41,19,1,2974962
266,42,20,1,2911788
266,43,20,1,3327672
266,44,21,1,3273848
266,45,21,1,3709490
266,46,22,1,3666432
266,47,22,1,4121742
266,48,22,1,4588816
266,49,23,1,4565634
266,50,23,1,5052840
266,51,24,1,5042538
266,52,24,1,5549688
266,53,24,1,6071612
267,1,1,1,267
267,2,1,1,534
267,3,2,1,2401
267,4,2,1,3726
267,5,3,1,7996
267,6,3,1,10624
267,7,4,1,18614
267,8,4,1,23312
267,9,5,1,35829
267,10,5,1,42814
267,11,6,1,61159
267,12,6,1,71174
267,13,7,1,96154
267,14,7,1,109392
267,15,8,1,142292
267,16,8,1,159472
267,17,9,1,201099
267,18,9,1,222390
267,19,10,1,274017
267,20,10,1,300110
267,21,11,1,362544
267,22,11,1,393584
267,23,12,1,468082
267,24,12,1,504736
267,25,12,1,718876
267,26,13,1,634494
267,27,13,1,864917
267,28,14,1,784742
267,29,14,1,1030997
267,30,15,1,956384
267,31,15,1,1218498
267,32,16,1,1151264
267,33,16,1,1428809
267,34,16,1,1752172
267,35,17,1,1663310
267,36,17,1,2006168
267,37,18,1,1923314
267,38,18,1,2285570
267,39,19,1,2210185
267,40,19,1,2591746
267,41,20,1,2525222
267,42,20,1,2925974
267,43,20,1,3344923
267,44,21,1,3289626
267,45,21,1,3728496
267,46,22,1,3683904
267,47,22,1,4142604
267,48,22,1,4613122
267,49,23,1,4588518
267,50,23,1,5079302
267,51,24,1,5067544
267,52,24,1,5578444
267,53,24,1,6104180
268,1,1,1,268
268,2,1,1,536
268,3,2,1,2410
268,4,2,1,3740
268,5,3,1,8026
268,6,3,1,10664
268,7,4,1,18684
268,8,4,1,23400
268,9,5,1,35964
268,10,5,1,42976
268,11,6,1,61390
268,12,6,1,71444
268,13,7,1,96518
268,14,7,1,109808
268,15,8,1,142832
268,16,8,1,160080
268,17,9,1,201864
268,18,9,1,223240
268,19,10,1,275062
268,20,10,1,301260
268,21,11,1,363930
268,22,11,1,395096
268,23,12,1,469876
268,24,12,1,506680
268,25,12,1,722444
268,26,13,1,636944
268,27,13,1,869120
268,28,14,1,787780
268,29,14,1,1035914
268,30,15,1,960096
268,31,15,1,1224218
268,32,16,1,1155744
268,33,16,1,1435412
268,34,16,1,1761192
268,35,17,1,1670914
268,36,17,1,2016312
268,37,18,1,1931994
268,38,18,1,2296972
268,39,19,1,2220068
268,40,19,1,2604476
268,41,20,1,2536432
268,42,20,1,2940200
268,43,20,1,3362204
268,44,21,1,3305404
268,45,21,1,3747520
268,46,22,1,3701420
268,47,22,1,4163498
268,48,22,1,4637472
268,49,23,1,4611414
268,50,23,1,5105816
268,51,24,1,5092560
268,52,24,1,5607256
268,53,24,1,6136816
269,1,1,1,269
269,2,1,1,538
269,3,2,1,2419
269,4,2,1,3754
269,5,3,1,8056
269,6,3,1,10704
269,7,4,1,18754
269,8,4,1,23488
269,9,5,1,36099
269,10,5,1,43138
269,11,6,1,61621
269,12,6,1,71714
269,13,7,1,96882
269,14,7,1,110224
269,15,8,1,143372
269,16,8,1,160688
269,17,9,1,202629
269,18,9,1,224090
269,19,10,1,276107
269,20,10,1,302410
269,21,11,1,365316
269,22,11,1,396608
269,23,12,1,471670
269,24,12,1,508624
269,25,12,1,726037
269,26,13,1,639394
269,27,13,1,873348
269,28,14,1,790818
269,29,14,1,1040857
269,30,15,1,963808
269,31,15,1,1229967
269,32,16,1,1160224
269,33,16,1,1442057
269,34,16,1,1770214
269,35,17,1,1678551
269,36,17,1,2026492
269,37,18,1,1940730
269,38,18,1,2308376
269,39,19,1,2229988
269,40,19,1,2617250
269,41,20,1,2547669
269,42,20,1,2954416
269,43,20,1,3379523
269,44,21,1,3321226
269,45,21,1,3766586
269,46,22,1,3718970
269,47,22,1,4184439
269,48,22,1,4661870
269,49,23,1,4634356
269,50,23,1,5132374
269,51,24,1,5117660
269,52,24,1,5636120
269,53,25,1,5635539
270,1,1,1,270
270,2,1,1,540
270,3,2,1,2428
270,4,2,1,3768
270,5,3,1,8086
270,6,3,1,10744
270,7,4,1,18824
270,8,4,1,23576
270,9,5,1,36234
270,10,5,1,43300
270,11,6,1,61852
270,12,6,1,71984
270,13,7,1,97246
270,14,7,1,110640
270,15,8,1,143912
270,16,8,1,161296
270,17,9,1,203394
270,18,9,1,224940
270,19,10,1,277152
270,20,10,1,303560
270,21,11,1,366702
270,22,11,1,398120
270,23,12,1,473464
270,24,12,1,510568
270,25,12,1,729654
270,26,13,1,641844
270,27,13,1,877576
270,28,14,1,793856
270,29,14,1,1045828
270,30,15,1,967520
270,31,15,1,1235716
270,32,16,1,1164704
270,33,16,1,1448734
270,34,16,1,1779268
270,35,17,1,1686188
270,36,17,1,2036672
270,37,18,1,1949502
270,38,18,1,2319816
270,39,19,1,2239908
270,40,19,1,2630024
270,41,20,1,2558946
270,42,20,1,2968672
270,43,20,1,3396884
270,44,21,1,3337048
270,45,21,1,3785680
270,46,22,1,3736556
270,47,22,1,4205424
270,48,22,1,4686312
270,49,23,1,4657336
270,50,23,1,5158984
270,51,24,1,5142790
270,52,24,1,5665032
270,53,25,1,5662924
270,54,25,1,6205684
271,1,1,1,271
271,2,1,1,542
271,3,2,1,2437
271,4,2,1,3782
271,5,3,1,8116
271,6,3,1,10784
271,7,4,1,18894
271,8,4,1,23664
271,9,5,1,36369
271,10,5,1,43462
271,11,6,1,62083
271,12,6,1,72254
271,13,7,1,97610
271,14,7,1,111056
271,15,8,1,144452
271,16,8,1,161904
271,17,9,1,204159
271,18,9,1,225790
271,19,10,1,278197
271,20,10,1,304710
271,21,11,1,368088
271,22,11,1,399632
271,23,12,1,475258
271,24,12,1,512512
271,25,12,1,733247
271,26,13,1,644294
271,27,13,1,881831
271,28,14,1,796894
271,29,14,1,1050771
271,30,15,1,971232
271,31,15,1,1241489
271,32,16,1,1169184
271,33,16,1,1455379
271,34,16,1,1788322
271,35,17,1,1693848
271,36,17,1,2046886
271,37,18,1,1958238
271,38,18,1,2331260
271,39,19,1,2249888
271,40,19,1,2642840
271,41,20,1,2570183
271,42,20,1,2982944
271,43,20,1,3414260
271,44,21,1,3352938
271,45,21,1,3804818
271,46,22,1,3754114
271,47,22,1,4226422
271,48,22,1,4710802
271,49,23,1,4680361
271,50,23,1,5185638
271,51,24,1,5167937
271,52,24,1,5693996
271,53,25,1,5690405
271,54,25,1,6237100
272,1,1,1,272
272,2,1,1,544
272,3,2,1,2446
272,4,2,1,3796
272,5,3,1,8146
272,6,3,1,10824
272,7,4,1,18964
272,8,4,1,23752
272,9,5,1,36504
272,10,5,1,43624
272,11,6,1,62314
272,12,6,1,72524
272,13,7,1,97974
272,14,7,1,111472
272,15,8,1,144992
272,16,8,1,162512
272,17,9,1,204924
272,18,9,1,226640
272,19,10,1,279242
272,20,10,1,305860
272,21,11,1,369474
272,22,11,1,401144
272,23,12,1,477052
272,24,12,1,514456
272,25,12,1,736840
272,26,13,1,646744
272,27,13,1,886062
272,28,14,1,799932
272,29,14,1,1055714
272,30,15,1,974944
272,31,15,1,1247234
272,32,16,1,1173664
272,33,16,1,1462024
272,34,16,1,1797408
272,35,17,1,1701476
272,36,17,1,2057100
272,37,18,1,1966974
272,38,18,1,2342740
272,39,19,1,2259832
272,40,19,1,2655656
272,41,20,1,2581420
272,42,20,1,2997256
272,43,20,1,3431664
272,44,21,1,3368828
272,45,21,1,3823972
272,46,22,1,3771720
272,47,22,1,4247454
272,48,22,1,4735336
272,49,23,1,4703404
272,50,23,1,5212344
272,51,24,1,5193136
272,52,24,1,5723008
272,53,25,1,5717878
272,54,25,1,6268568
273,1,1,1,273
273,2,1,1,546
273,3,2,1,2455
273,4,2,1,3810
273,5,3,1,8176
273,6,3,1,10864
273,7,4,1,19034
273,8,4,1,23840
273,9,5,1,36639
273,10,5,1,43786
273,11,6,1,62545
273,12,6,1,72794
273,13,7,1,98338
273,14,7,1,111888
273,15,8,1,145532
273,16,8,1,163120
273,17,9,1,205689
273,18,9,1,227490
273,19,10,1,280287
273,20,10,1,307010
273,21,11,1,370860
273,22,11,1,402656
273,23,12,1,478846
273,24,12,1,516400
273,25,12,1,740457
273,26,13,1,649194
273,27,13,1,890318
273,28,14,1,802970
273,29,14,1,1060688
273,30,15,1,978656
273,31,15,1,1253008
273,32,16,1,1178144
273,33,16,1,1468693
273,34,17,1,1402338
273,35,17,1,1709137
273,36,17,1,2067350
273,37,18,1,1975730
273,38,18,1,2354222
273,39,19,1,2269813
273,40,19,1,2668516
273,41,20,1,2592727
273,42,20,1,3011558
273,43,20,1,3449109
273,44,21,1,3384738
273,45,21,1,3843168
273,46,22,1,3789328
273,47,22,1,4268530
273,48,22,1,4759918
273,49,23,1,4726493
273,50,23,1,5239094
273,51,24,1,5218362
273,52,24,1,5752072
273,53,25,1,5745403
273,54,25,1,6300088
274,1,1,1,274
274,2,1,1,548
274,3,2,1,2464
274,4,2,1,3824
274,5,3,1,8206
274,6,3,1,10904
274,7,4,1,19104
274,8,4,1,23928
274,9,5,1,36774
274,10,5,1,43948
274,11,6,1,62776
274,12,6,1,73064
274,13,7,1,98702
274,14,7,1,112304
274,15,8,1,146072
274,16,8,1,163728
274,17,9,1,206454
274,18,9,1,228340
274,19,10,1,281332
274,20,10,1,308160
274,21,11,1,372246
274,22,11,1,404168
274,23,12,1,480640
274,24,12,1,518344
274,25,12,1,744098
274,26,13,1,651644
274,27,13,1,894574
274,28,14,1,806008
274,29,14,1,1065690
274,30,15,1,982368
274,31,15,1,1258782
274,32,16,1,1182624
274,33,16,1,1475394
274,34,17,1,1407684
274,35,17,1,1716798
274,36,17,1,2077600
274,37,18,1,1984522
274,38,18,1,2365740
274,39,19,1,2279794
274,40,19,1,2681376
274,41,20,1,2604074
274,42,20,1,3025900
274,43,20,1,3466594
274,44,21,1,3400648
274,45,21,1,3862394
274,46,22,1,3806980
274,47,22,1,4289652
274,48,22,1,4784544
274,49,23,1,4749614
274,50,23,1,5265896
274,51,24,1,5243642
274,52,24,1,5781184
274,53,25,1,5772986
274,54,25,1,6331660
275,1,1,1,275
275,2,1,1,550
275,3,2,1,2473
275,4,2,1,3838
275,5,3,1,8236
275,6,3,1,10944
275,7,4,1,19174
275,8,4,1,24016
275,9,5,1,36909
275,10,5,1,44110
275,11,6,1,63007
275,12,6,1,73334
275,13,7,1,99066
275,14,7,1,112720
275,15,8,1,146612
275,16,8,1,164336
275,17,9,1,207219
275,18,9,1,229190
275,19,10,1,282377
275,20,10,1,309310
275,21,11,1,373632
275,22,11,1,405680
275,23,12,1,482434
275,24,12,1,520288
275,25,12,1,747715
275,26,13,1,654094
275,27,13,1,898856
275,28,14,1,809046
275,29,14,1,1070664
275,30,15,1,986080
275,31,15,1,1264593
275,32,16,1,1187104
275,33,16,1,1482063
275,34,17,1,1413030
275,35,17,1,1724507
275,36,17,1,2087884
275,37,18,1,1993278
275,38,18,1,2377258
275,39,19,1,2289814
275,40,19,1,2694270
275,41,20,1,2615381
275,42,20,1,3040258
275,43,20,1,3484094
275,44,21,1,3416628
275,45,21,1,3881661
275,46,22,1,3824668
275,47,22,1,4310787
275,48,22,1,4809218
275,49,23,1,4772783
275,50,23,1,5292742
275,51,24,1,5268944
275,52,24,1,5810348
275,53,25,1,5800590
275,54,25,1,6363284
275,55,25,1,6941942
276,1,1,1,276
276,2,1,1,552
276,3,2,1,2482
276,4,2,1,3852
276,5,3,1,8266
276,6,3,1,10984
276,7,4,1,19244
276,8,4,1,24104
276,9,5,1,37044
276,10,5,1,44272
276,11,6,1,63238
276,12,6,1,73604
276,13,7,1,99430
276,14,7,1,113136
276,15,8,1,147152
276,16,8,1,164944
276,17,9,1,207984
276,18,9,1,230040
276,19,10,1,283422
276,20,10,1,310460
276,21,11,1,375018
276,22,11,1,407192
276,23,12,1,484228
276,24,12,1,522232
276,25,12,1,751332
276,26,13,1,656544
276,27,13,1,903114
276,28,14,1,812084
276,29,14,1,1075638
276,30,15,1,989792
276,31,15,1,1270376
276,32,16,1,1191584
276,33,16,1,1488732
276,34,17,1,1418376
276,35,17,1,1732184
276,36,17,1,2098168
276,37,18,1,2002034
276,38,18,1,2388812
276,39,19,1,2299798
276,40,19,1,2707164
276,41,20,1,2626688
276,42,20,1,3054656
276,43,20,1,3501624
276,44,21,1,3432608
276,45,21,1,3900946
276,46,22,1,3842400
276,47,22,1,4331954
276,48,23,1,4285280
276,49,23,1,4795968
276,50,23,1,5319640
276,51,24,1,5294284
276,52,24,1,5839560
276,53,25,1,5828232
276,54,25,1,6394960
276,55,25,1,6977738
277,1,1,1,277
277,2,1,1,554
277,3,2,1,2491
277,4,2,1,3866
277,5,3,1,8296
277,6,3,1,11024
277,7,4,1,19314
277,8,4,1,24192
277,9,5,1,37179
277,10,5,1,44434
277,11,6,1,63469
277,12,6,1,73874
277,13,7,1,99794
277,14,7,1,113552
277,15,8,1,147692
277,16,8,1,165552
277,17,9,1,208749
277,18,9,1,230890
277,19,10,1,284467
277,20,10,1,311610
277,21,11,1,376404
277,22,11,1,408704
277,23,12,1,486022
277,24,12,1,524176
277,25,12,1,754974
277,26,13,1,658994
277,27,13,1,907397
277,28,14,1,815122
277,29,14,1,1080642
277,30,15,1,993504
277,31,15,1,1276188
277,32,16,1,1196064
277,33,16,1,1495444
277,34,17,1,1423722
277,35,17,1,1739894
277,36,17,1,2108488
277,37,18,1,2010844
277,38,18,1,2400368
277,39,19,1,2309819
277,40,19,1,2720102
277,41,20,1,2638037
277,42,20,1,3069044
277,43,20,1,3519192
277,44,21,1,3448608
277,45,21,1,3920273
277,46,22,1,3860098
277,47,22,1,4353168
277,48,23,1,4304860
277,49,23,1,4819199
277,50,23,1,5346582
277,51,24,1,5319678
277,52,24,1,5868824
277,53,25,1,5855928
277,54,25,1,6426688
277,55,25,1,7013606
278,1,1,1,278
278,2,1,1,556
278,3,2,1,2500
278,4,2,1,3880
278,5,3,1,8326
278,6,3,1,11064
278,7,4,1,19384
278,8,4,1,24280
278,9,5,1,37314
278,10,5,1,44596
278,11,6,1,63700
278,12,6,1,74144
278,13,7,1,100158
278,14,7,1,113968
278,15,8,1,148232
278,16,8,1,166160
278,17,9,1,209514
278,18,9,1,231740
278,19,10,1,285512
278,20,10,1,312760
278,21,11,1,377790
278,22,11,1,410216
278,23,12,1,487816
278,24,12,1,526120
278,25,12,1,758640
278,26,13,1,661444
278,27,13,1,911680
278,28,14,1,818160
278,29,14,1,1085674
278,30,15,1,997216
278,31,15,1,1282000
278,32,16,1,1200544
278,33,16,1,1502188
278,34,17,1,1429068
278,35,17,1,1747604
278,36,17,1,2118808
278,37,18,1,2019690
278,38,18,1,2411960
278,39,19,1,2319840
278,40,19,1,2733040
278,41,20,1,2649426
278,42,20,1,3083472
278,43,20,1,3536802
278,44,21,1,3464608
278,45,21,1,3939628
278,46,22,1,3877840
278,47,22,1,4374426
278,48,23,1,4324440
278,49,23,1,4842464
278,50,23,1,5373576
278,51,24,1,5345118
278,52,24,1,5898136
278,53,25,1,5883640
278,54,25,1,6458468
278,55,25,1,7049536
279,1,1,1,279
279,2,1,1,558
279,3,2,1,2509
279,4,2,1,3894
279,5,3,1,8356
279,6,3,1,11104
279,7,4,1,19454
279,8,4,1,24368
279,9,5,1,37449
279,10,5,1,44758
279,11,6,1,63931
279,12,6,1,74414
279,13,7,1,100522
279,14,7,1,114384
279,15,8,1,148772
279,16,8,1,166768
279,17,9,1,210279
279,18,9,1,232590
279,19,10,1,286557
279,20,10,1,313910
279,21,11,1,379176
279,22,11,1,411728
279,23,12,1,489610
279,24,12,1,528064
279,25,12,1,762282
279,26,13,1,663894
279,27,13,1,915988
279,28,14,1,821198
279,29,14,1,1090678
279,30,15,1,1000928
279,31,15,1,1287836
279,32,16,1,1205024
279,33,16,1,1508900
279,34,17,1,1434414
279,35,17,1,1755333
279,36,17,1,2129162
279,37,18,1,2028500
279,38,18,1,2423552
279,39,19,1,2329876
279,40,19,1,2746016
279,41,20,1,2660775
279,42,20,1,3097906
279,43,20,1,3554427
279,44,21,1,3480674
279,45,21,1,3959027
279,46,22,1,3895618
279,47,22,1,4395697
279,48,23,1,4344078
279,49,23,1,4865774
279,50,23,1,5400614
279,51,24,1,5370575
279,52,24,1,5927500
279,53,25,1,5911430
279,54,25,1,6490300
279,55,25,1,7085540
280,1,1,1,280
280,2,1,1,560
280,3,2,1,2518
280,4,2,1,3908
280,5,3,1,8386
280,6,3,1,11144
280,7,4,1,19524
280,8,4,1,24456
280,9,5,1,37584
280,10,5,1,44920
280,11,6,1,64162
280,12,6,1,74684
280,13,7,1,100886
280,14,7,1,114800
280,15,8,1,149312
280,16,8,1,167376
280,17,9,1,211044
280,18,9,1,233440
280,19,10,1,287602
280,20,10,1,315060
280,21,11,1,380562
280,22,11,1,413240
280,23,12,1,491404
280,24,12,1,530008
280,25,12,1,765924
280,26,13,1,666344
280,27,13,1,920272
280,28,14,1,824236
280,29,14,1,1095682
280,30,15,1,1004640
280,31,15,1,1293644
280,32,16,1,1209504
280,33,16,1,1515612
280,34,17,1,1439760
280,35,17,1,1763030
280,36,17,1,2139516
280,37,18,1,2037310
280,38,18,1,2435180
280,39,19,1,2339876
280,40,19,1,2758992
280,41,20,1,2672124
280,42,20,1,3112386
280,43,20,1,3572080
280,44,21,1,3496740
280,45,21,1,3978442
280,46,22,1,3913440
280,47,22,1,4417002
280,48,23,1,4363716
280,49,23,1,4889102
280,50,23,1,5427704
280,51,24,1,5396068
280,52,24,1,5956912
280,53,25,1,5939224
280,54,25,1,6522184
280,55,25,1,7121598
280,56,26,1,7124836
281,1,1,1,281
281,2,1,1,562
281,3,2,1,2527
281,4,2,1,3922
281,5,3,1,8416
281,6,3,1,11184
281,7,4,1,19594
281,8,4,1,24544
281,9,5,1,37719
281,10,5,1,45082
281,11,6,1,64393
281,12,6,1,74954
281,13,7,1,101250
281,14,7,1,115216
281,15,8,1,149852
281,16,8,1,167984
281,17,9,1,211809
281,18,9,1,234290
281,19,10,1,288647
281,20,10,1,316210
281,21,11,1,381948
281,22,11,1,414752
281,23,12,1,493198
281,24,12,1,531952
281,25,12,1,769590
281,26,13,1,668794
281,27,13,1,924581
281,28,14,1,827274
281,29,14,1,1100715
281,30,15,1,1008352
281,31,15,1,1299481
281,32,16,1,1213984
281,33,16,1,1522348
281,34,17,1,1445106
281,35,17,1,1770760
281,36,17,1,2149906
281,37,18,1,2046142
281,38,18,1,2446810
281,39,19,1,2349913
281,40,19,1,2772008
281,41,20,1,2683487
281,42,20,1,3126866
281,43,20,1,3589774
281,44,21,1,3512830
281,45,21,1,3997899
281,46,22,1,3931232
281,47,22,1,4438351
281,48,23,1,4383418
281,49,23,1,4912476
281,50,23,1,5454838
281,51,24,1,5421606
281,52,24,1,5986376
281,53,25,1,5967066
281,54,25,1,6554120
281,55,25,1,7157728
281,56,26,1,7159398
282,1,1,1,282
282,2,1,1,564
282,3,2,1,2536
282,4,2,1,3936
282,5,3,1,8446
282,6,3,1,11224
282,7,4,1,19664
282,8,4,1,24632
282,9,5,1,37854
282,10,5,1,45244
282,11,6,1,64624
282,12,6,1,75224
282,13,7,1,101614
282,14,7,1,115632
282,15,8,1,150392
282,16,8,1,168592
282,17,9,1,212574
282,18,9,1,235140
282,19,10,1,289692
282,20,10,1,317360
282,21,11,1,383334
282,22,11,1,416264
282,23,12,1,494992
282,24,12,1,533896
282,25,12,1,773280
282,26,13,1,671244
282,27,13,1,928890
282,28,14,1,830312
282,29,14,1,1105776
282,30,15,1,1012064
282,31,15,1,1305318
282,32,16,1,1218464
282,33,16,1,1529116
282,34,17,1,1450452
282,35,17,1,1778490
282,36,17,1,2160296
282,37,18,1,2055010
282,38,18,1,2458476
282,39,19,1,2359950
282,40,19,1,2785024
282,41,20,1,2694890
282,42,20,1,3141380
282,43,20,1,3607508
282,44,21,1,3528920
282,45,21,1,4017386
282,46,22,1,3949068
282,47,22,1,4459746
282,48,23,1,4403120
282,49,23,1,4935882
282,50,23,1,5482024
282,51,24,1,5447196
282,52,24,1,6015888
282,53,25,1,5994946
282,54,25,1,6586108
282,55,25,1,7193922
282,56,26,1,7194012
283,1,1,1,283
283,2,1,1,566
283,3,2,1,2545
283,4,2,1,3950
283,5,3,1,8476
283,6,3,1,11264
283,7,4,1,19734
283,8,4,1,24720
283,9,5,1,37989
283,10,5,1,45406
283,11,6,1,64855
283,12,6,1,75494
283,13,7,1,101978
283,14,7,1,116048
283,15,8,1,150932
283,16,8,1,169200
283,17,9,1,213339
283,18,9,1,235990
283,19,10,1,290737
283,20,10,1,318510
283,21,11,1,384720
283,22,11,1,417776
283,23,12,1,496786
283,24,12,1,535840
283,25,12,1,776946
283,26,13,1,673694
283,27,13,1,933225
283,28,14,1,833350
283,29,14,1,1110809
283,30,15,1,1015776
283,31,15,1,1311190
283,32,16,1,1222944
283,33,16,1,1535852
283,34,17,1,1455798
283,35,17,1,1786268
283,36,17,1,2170720
283,37,18,1,2063842
283,38,18,1,2470142
283,39,19,1,2370032
283,40,19,1,2798078
283,41,20,1,2706253
283,42,20,1,3155902
283,43,20,1,3625257
283,44,21,1,3545058
283,45,21,1,4036914
283,46,22,1,3966936
283,47,22,1,4481154
283,48,23,1,4422856
283,49,23,1,4959336
283,50,23,1,5509254
283,51,24,1,5472803
283,52,24,1,6045452
283,53,25,1,6022889
283,54,25,1,6618148
283,55,25,1,7230187
283,56,26,1,7228682
284,1,1,1,284
284,2,1,1,568
284,3,2,1,2554
284,4,2,1,3964
284,5,3,1,8506
284,6,3,1,11304
284,7,4,1,19804
284,8,4,1,24808
284,9,5,1,38124
284,10,5,1,45568
284,11,6,1,65086
284,12,6,1,75764
284,13,7,1,102342
284,14,7,1,116464
284,15,8,1,151472
284,16,8,1,169808
284,17,9,1,214104
284,18,9,1,236840
284,19,10,1,291782
284,20,10,1,319660
284,21,11,1,386106
284,22,11,1,419288
284,23,12,1,498580
284,24,12,1,537784
284,25,12,1,780612
284,26,13,1,676144
284,27,13,1,937536
284,28,14,1,836388
284,29,14,1,1115842
284,30,15,1,1019488
284,31,15,1,1317034
284,32,16,1,1227424
284,33,16,1,1542588
284,34,17,1,1461144
284,35,17,1,1794014
284,36,17,1,2181144
284,37,18,1,2072674
284,38,18,1,2481844
284,39,19,1,2380078
284,40,19,1,2811132
284,41,20,1,2717616
284,42,20,1,3170464
284,43,20,1,3643036
284,44,21,1,3561196
284,45,21,1,4056460
284,46,22,1,3984848
284,47,22,1,4502594
284,48,23,1,4442592
284,49,23,1,4982806
284,50,23,1,5536536
284,51,24,1,5498440
284,52,24,1,6075064
284,53,25,1,6050842
284,54,25,1,6650240
284,55,25,1,7266508
284,56,26,1,7263404
285,1,1,1,285
285,2,1,1,570
285,3,2,1,2563
285,4,2,1,3978
285,5,3,1,8536
285,6,3,1,11344
285,7,4,1,19874
285,8,4,1,24896
285,9,5,1,38259
285,10,5,1,45730
285,11,6,1,65317
285,12,6,1,76034
285,13,7,1,102706
285,14,7,1,116880
285,15,8,1,152012
285,16,8,1,170416
285,17,9,1,214869
285,18,9,1,237690
285,19,10,1,292827
285,20,10,1,320810
285,21,11,1,387492
285,22,11,1,420800
285,23,12,1,500374
285,24,12,1,539728
285,25,12,1,784303
285,26,13,1,678594
285,27,13,1,941872
285,28,14,1,839426
285,29,14,1,1120903
285,30,15,1,1023200
285,31,15,1,1322907
285,32,16,1,1231904
285,33,16,1,1549365
285,34,17,1,1466490
285,35,17,1,1801793
285,36,17,1,2191604
285,37,18,1,2081554
285,38,18,1,2493548
285,39,19,1,2390161
285,40,19,1,2824226
285,41,20,1,2729048
285,42,20,1,3185024
285,43,20,1,3660856
285,44,21,1,3577390
285,45,21,1,4076048
285,46,22,1,4002734
285,47,22,1,4524081
285,48,23,1,4462400
285,49,23,1,5006322
285,50,23,1,5563862
285,51,24,1,5524131
285,52,24,1,6104728
285,53,25,1,6078847
285,54,25,1,6682384
285,55,25,1,7302901
285,56,26,1,7298182
285,57,26,1,7942006
286,1,1,1,286
286,2,1,1,572
286,3,2,1,2572
286,4,2,1,3992
286,5,3,1,8566
286,6,3,1,11384
286,7,4,1,19944
286,8,4,1,24984
286,9,5,1,38394
286,10,5,1,45892
286,11,6,1,65548
286,12,6,1,76304
286,13,7,1,103070
286,14,7,1,117296
286,15,8,1,152552
286,16,8,1,171024
286,17,9,1,215634
286,18,9,1,238540
286,19,10,1,293872
286,20,10,1,321960
286,21,11,1,388878
286,22,11,1,422312
286,23,12,1,502168
286,24,12,1,541672
286,25,12,1,788018
286,26,13,1,681044
286,27,13,1,946208
286,28,14,1,842464
286,29,14,1,1125992
286,30,15,1,1026912
286,31,15,1,1328780
286,32,16,1,1236384
286,33,16,1,1556174
286,34,17,1,1471836
286,35,17,1,1809572
286,36,17,1,2202064
286,37,18,1,2090470
286,38,18,1,2505288
286,39,19,1,2400244
286,40,19,1,2837320
286,41,20,1,2740520
286,42,20,1,3199624
286,43,20,1,3678720
286,44,21,1,3593584
286,45,21,1,4095664
286,46,22,1,4020660
286,47,22,1,4545612
286,48,23,1,4482208
286,49,23,1,5029872
286,50,23,1,5591240
286,51,24,1,5549868
286,52,24,1,6134440
286,53,25,1,6106892
286,54,25,1,6714580
286,55,25,1,7339356
286,56,26,1,7333012
286,57,26,1,7981276
287,1,1,1,287
287,2,1,1,574
287,3,2,1,2581
287,4,2,1,4006
287,5,3,1,8596
287,6,3,1,11424
287,7,4,1,20014
287,8,4,1,25072
287,9,5,1,38529
287,10,5,1,46054
287,11,6,1,65779
287,12,6,1,76574
287,13,7,1,103434
287,14,7,1,117712
287,15,8,1,153092
287,16,8,1,171632
287,17,9,1,216399
287,18,9,1,239390
287,19,10,1,294917
287,20,10,1,323110
287,21,11,1,390264
287,22,11,1,423824
287,23,12,1,503962
287,24,12,1,543616
287,25,12,1,791709
287,26,13,1,683494
287,27,13,1,950569
287,28,14,1,845502
287,29,14,1,1131053
287,30,15,1,1030624
287,31,15,1,1334679
287,32,16,1,1240864
287,33,16,1,1562951
287,34,17,1,1477182
287,35,17,1,1817372
287,36,17,1,2212558
287,37,18,1,2099350
287,38,18,1,2517028
287,39,19,1,2410376
287,40,19,1,2850452
287,41,20,1,2751952
287,42,20,1,3214226
287,43,20,1,3696601
287,44,21,1,3609812
287,45,21,1,4115327
287,46,22,1,4038618
287,47,22,1,4567156
287,48,23,1,4502022
287,49,23,1,5053467
287,50,23,1,5618662
287,51,24,1,5575622
287,52,24,1,6164204
287,53,25,1,6134979
287,54,25,1,6746828
287,55,25,1,7375885
287,56,26,1,7367898
287,57,26,1,8020599
288,1,1,1,288
288,2,1,1,576
288,3,2,1,2590
288,4,2,1,4020
288,5,3,1,8626
288,6,3,1,11464
288,7,4,1,20084
288,8,4,1,25160
288,9,5,1,38664
288,10,5,1,46216
288,11,6,1,66010
288,12,6,1,76844
288,13,7,1,103798
288,14,7,1,118128
288,15,8,1,153632
288,16,8,1,172240
288,17,9,1,217164
288,18,9,1,240240
288,19,10,1,295962
288,20,10,1,324260
288,21,11,1,391650
288,22,11,1,425336
288,23,12,1,505756
288,24,12,1,545560
288,25,12,1,795400
288,26,13,1,685944
288,27,13,1,954906
288,28,14,1,848540
288,29,14,1,1136114
288,30,15,1,1034336
288,31,15,1,1340550
288,32,16,1,1245344
288,33,16,1,1569728
288,34,17,1,1482528
288,35,17,1,1825140
288,36,17,1,2223052
288,37,18,1,2108230
288,38,18,1,2528804
288,39,19,1,2420472
288,40,19,1,2863584
288,41,20,1,2763384
288,42,20,1,3228868
288,43,20,1,3714512
288,44,21,1,3626040
288,45,21,1,4135008
288,46,22,1,4056620
288,47,22,1,4588734
288,48,23,1,4521836
288,49,23,1,5077080
288,50,23,1,5646140
288,51,24,1,5601412
288,52,24,1,6194016
288,53,25,1,6163090
288,54,25,1,6779128
288,55,25,1,7412468
288,56,26,1,7402836
288,57,26,1,8059990
289,1,1,1,289
289,2,1,1,578
289,3,2,1,2599
289,4,2,1,4034
289,5,3,1,8656
289,6,3,1,11504
289,7,4,1,20154
289,8,4,1,25248
289,9,5,1,38799
289,10,5,1,46378
289,11,6,1,66241
289,12,6,1,77114
289,13,7,1,104162
289,14,7,1,118544
289,15,8,1,154172
289,16,8,1,172848
289,17,9,1,217929
289,18,9,1,241090
289,19,10,1,297007
289,20,10,1,325410
289,21,11,1,393036
289,22,11,1,426848
289,23,12,1,507550
289,24,12,1,547504
289,25,13,1,642155
289,26,13,1,688394
289,27,13,1,959268
289,28,14,1,851578
289,29,14,1,1141204
289,30,15,1,1038048
289,31,15,1,1346450
289,32,16,1,1249824
289,33,16,1,1576531
289,34,17,1,1487874
289,35,17,1,1832941
289,36,17,1,2233582
289,37,18,1,2117141
289,38,18,1,2540582
289,39,19,1,2430605
289,40,19,1,2876756
289,41,20,1,2774830
289,42,20,1,3243512
289,43,20,1,3732467
289,44,21,1,3642320
289,45,21,1,4154733
289,46,22,1,4074600
289,47,22,1,4610359
289,48,23,1,4541738
289,49,23,1,5100739
289,50,23,1,5673666
289,51,24,1,5627247
289,52,24,1,6223880
289,53,25,1,6191253
289,54,25,1,6811480
289,55,25,1,7449123
289,56,26,1,7437830
289,57,26,1,8099457
290,1,1,1,290
290,2,1,1,580
290,3,2,1,2608
290,4,2,1,4048
290,5,3,1,8686
290,6,3,1,11544
290,7,4,1,20224
290,8,4,1,25336
290,9,5,1,38934
290,10,5,1,46540
290,11,6,1,66472
290,12,6,1,77384
290,13,7,1,104526
290,14,7,1,118960
290,15,8,1,154712
290,16,8,1,173456
290,17,9,1,218694
290,18,9,1,241940
290,19,10,1,298052
290,20,10,1,326560
290,21,11,1,394422
290,22,11,1,428360
290,23,12,1,509344
290,24,12,1,549448
290,25,13,1,644430
290,26,13,1,690844
290,27,13,1,963630
290,28,14,1,854616
290,29,14,1,1146322
290,30,15,1,1041760
290,31,15,1,1352350
290,32,16,1,1254304
290,33,16,1,1583366
290,34,17,1,1493220
290,35,17,1,1840742
290,36,17,1,2244112
290,37,18,1,2126088
290,38,18,1,2552396
290,39,19,1,2440738
290,40,19,1,2889928
290,41,20,1,2786316
290,42,20,1,3258196
290,43,20,1,3750464
290,44,21,1,3658600
290,45,21,1,4174490
290,46,22,1,4092624
290,47,22,1,4632032
290,48,23,1,4561640
290,49,23,1,5124430
290,50,23,1,5701248
290,51,24,1,5653134
290,52,24,1,6253796
290,53,25,1,6219442
290,54,25,1,6843884
290,55,25,1,7485842
290,56,26,1,7472876
290,57,26,1,8139000
290,58,27,1,8142080
291,1,1,1,291
291,2,1,1,582
291,3,2,1,2617
291,4,2,1,4062
291,5,3,1,8716
291,6,3,1,11584
291,7,4,1,20294
291,8,4,1,25424
291,9,5,1,39069
291,10,5,1,46702
291,11,6,1,66703
291,12,6,1,77654
291,13,7,1,104890
291,14,7,1,119376
291,15,8,1,155252
291,16,8,1,174064
291,17,9,1,219459
291,18,9,1,242790
291,19,10,1,299097
291,20,10,1,327710
291,21,11,1,395808
291,22,11,1,429872
291,23,12,1,511138
291,24,12,1,551392
291,25,13,1,646705
291,26,13,1,693294
291,27,13,1,968018
291,28,14,1,857654
291,29,14,1,1151412
291,30,15,1,1045472
291,31,15,1,1358282
291,32,16,1,1258784
291,33,16,1,1590169
291,34,17,1,1498566
291,35,17,1,1848589
291,36,17,1,2254676
291,37,18,1,2134999
291,38,18,1,2564210
291,39,19,1,2450900
291,40,19,1,2903138
291,41,20,1,2797762
291,42,20,1,3272880
291,43,20,1,3768478
291,44,21,1,3674918
291,45,21,1,4194291
291,46,22,1,4110654
291,47,22,1,4653720
291,48,23,1,4581560
291,49,23,1,5148172
291,50,23,1,5728878
291,51,24,1,5679038
291,52,24,1,6283768
291,53,25,1,6247697
291,54,25,1,6876340
291,55,26,1,6855491
291,56,26,1,7507978
291,57,26,1,8178596
291,58,27,1,8179982
292,1,1,1,292
292,2,1,1,584
292,3,2,1,2626
292,4,2,1,4076
292,5,3,1,8746
292,6,3,1,11624
292,7,4,1,20364
292,8,4,1,25512
292,9,5,1,39204
292,10,5,1,46864
292,11,6,1,66934
292,12,6,1,77924
292,13,7,1,105254
292,14,7,1,119792
292,15,8,1,155792
292,16,8,1,174672
292,17,9,1,220224
292,18,9,1,243640
292,19,10,1,300142
292,20,10,1,328860
292,21,11,1,397194
292,22,11,1,431384
292,23,12,1,512932
292,24,12,1,553336
292,25,13,1,648980
292,26,13,1,695744
292,27,13,1,972382
292,28,14,1,860692
292,29,14,1,1156502
292,30,15,1,1049184
292,31,15,1,1364186
292,32,16,1,1263264
292,33,16,1,1596972
292,34,17,1,1503912
292,35,17,1,1856404
292,36,17,1,2265240
292,37,18,1,2143910
292,38,18,1,2576060
292,39,19,1,2461026
292,40,19,1,2916348
292,41,20,1,2809208
292,42,20,1,3287604
292,43,20,1,3786524
292,44,21,1,3691236
292,45,21,1,4214112
292,46,22,1,4128728
292,47,22,1,4675442
292,48,23,1,4601480
292,49,23,1,5171932
292,50,23,1,5756564
292,51,24,1,5704972
292,52,24,1,6313792
292,53,25,1,6275960
292,54,25,1,6908852
292,55,26,1,6886250
292,56,26,1,7543132
292,57,26,1,8218258
292,58,27,1,8217944
293,1,1,1,293
293,2,1,1,586
293,3,2,1,2635
293,4,2,1,4090
293,5,3,1,8776
293,6,3,1,11664
293,7,4,1,20434
293,8,4,1,25600
293,9,5,1,39339
293,10,5,1,47026
293,11,6,1,67165
293,12,6,1,78194
293,13,7,1,105618
293,14,7,1,120208
293,15,8,1,156332
293,16,8,1,175280
293,17,9,1,220989
293,18,9,1,244490
293,19,10,1,301187
293,20,10,1,330010
293,21,11,1,398580
293,22,11,1,432896
293,23,12,1,514726
293,24,12,1,555280
293,25,13,1,651255
293,26,13,1,698194
293,27,13,1,976771
293,28,14,1,863730
293,29,14,1,1161620
293,30,15,1,1052896
293,31,15,1,1370119
293,32,16,1,1267744
293,33,16,1,1603814
293,34,17,1,1509258
293,35,17,1,1864252
293,36,17,1,2275840
293,37,18,1,2152868
293,38,18,1,2587912
293,39,19,1,2471189
293,40,19,1,2929598
293,41,20,1,2820721
293,42,20,1,3302330
293,43,20,1,3804611
293,44,21,1,3707602
293,45,21,1,4233977
293,46,22,1,4146820
293,47,22,1,4697214
293,48,23,1,4621476
293,49,23,1,5195740
293,50,23,1,5784298
293,51,24,1,5730966
293,52,24,1,6343872
293,53,25,1,6304277
293,54,25,1,6941420
293,55,26,1,6917038
293,56,26,1,7578342
293,57,26,1,8257999
293,58,27,1,8255958
294,1,1,1,294
294,2,1,1,588
294,3,2,1,2644
294,4,2,1,4104
294,5,3,1,8806
294,6,3,1,11704
294,7,4,1,20504
294,8,4,1,25688
294,9,5,1,39474
294,10,5,1,47188
294,11,6,1,67396
294,12,6,1,78464
294,13,7,1,105982
294,14,7,1,120624
294,15,8,1,156872
294,16,8,1,175888
294,17,9,1,221754
294,18,9,1,245340
294,19,10,1,302232
294,20,10,1,331160
294,21,11,1,399966
294,22,11,1,434408
294,23,12,1,516520
294,24,12,1,557224
294,25,13,1,653530
294,26,13,1,700644
294,27,13,1,981160
294,28,14,1,866768
294,29,14,1,1166766
294,30,15,1,1056608
294,31,15,1,1376052
294,32,16,1,1272224
294,33,16,1,1610688
294,34,17,1,1514604
294,35,17,1,1872100
294,36,17,1,2286440
294,37,18,1,2161862
294,38,18,1,2599800
294,39,19,1,2481352
294,40,19,1,2942848
294,41,20,1,2832274
294,42,20,1,3317096
294,43,21,1,3215920
294,44,21,1,3723968
294,45,21,1,4253872
294,46,22,1,4164956
294,47,22,1,4719032
294,48,23,1,4641472
294,49,23,1,5219584
294,50,23,1,5812088
294,51,24,1,5757004
294,52,24,1,6374004
294,53,25,1,6332640
294,54,25,1,6974044
294,55,26,1,6947898
294,56,26,1,7613608
294,57,26,1,8297814
294,58,27,1,8294032
295,1,1,1,295
295,2,1,1,590
295,3,2,1,2653
295,4,2,1,4118
295,5,3,1,8836
295,6,3,1,11744
295,7,4,1,20574
295,8,4,1,25776
295,9,5,1,39609
295,10,5,1,47350
295,11,6,1,67627
295,12,6,1,78734
295,13,7,1,106346
295,14,7,1,121040
295,15,8,1,157412
295,16,8,1,176496
295,17,9,1,222519
295,18,9,1,246190
295,19,10,1,303277
295,20,10,1,332310
295,21,11,1,401352
295,22,11,1,435920
295,23,12,1,518314
295,24,12,1,559168
295,25,13,1,655805
295,26,13,1,703094
295,27,13,1,985574
295,28,14,1,869806
295,29,14,1,1171884
295,30,15,1,1060320
295,31,15,1,1382015
295,32,16,1,1276704
295,33,16,1,1617530
295,34,17,1,1519950
295,35,17,1,1879971
295,36,17,1,2297074
295,37,18,1,2170820
295,38,18,1,2611688
295,39,19,1,2491567
295,40,19,1,2956136
295,41,20,1,2843787
295,42,20,1,3331862
295,43,21,1,3228901
295,44,21,1,3740372
295,45,21,1,4273814
295,46,22,1,4183080
295,47,22,1,4740865
295,48,23,1,4661490
295,49,23,1,5243476
295,50,23,1,5839926
295,51,24,1,5783061
295,52,24,1,6404192
295,53,25,1,6361036
295,54,25,1,7006724
295,55,26,1,6978777
295,56,26,1,7648934
295,57,26,1,8337682
295,58,27,1,8332158
295,59,28,1,8339012
296,1,1,1,296
296,2,1,1,592
296,3,2,1,2662
296,4,2,1,4132
296,5,3,1,8866
296,6,3,1,11784
296,7,4,1,20644
296,8,4,1,25864
296,9,5,1,39744
296,10,5,1,47512
296,11,6,1,67858
296,12,6,1,79004
296,13,7,1,106710
296,14,7,1,121456
296,15,8,1,157952
296,16,8,1,177104
296,17,9,1,223284
296,18,9,1,247040
296,19,10,1,304322
296,20,10,1,333460
296,21,11,1,402738
296,22,11,1,437432
296,23,12,1,520108
296,24,12,1,561112
296,25,13,1,658080
296,26,13,1,705544
296,27,13,1,989964
296,28,14,1,872844
296,29,14,1,1177002
296,30,15,1,1064032
296,31,15,1,1387950
296,32,16,1,1281184
296,33,16,1,1624372
296,34,17,1,1525296
296,35,17,1,1887810
296,36,17,1,2307708
296,37,18,1,2179778
296,38,18,1,2623612
296,39,19,1,2501746
296,40,19,1,2969424
296,41,20,1,2855300
296,42,20,1,3346668
296,43,21,1,3241842
296,44,21,1,3756776
296,45,21,1,4293774
296,46,22,1,4201248
296,47,22,1,4762734
296,48,23,1,4681508
296,49,23,1,5267388
296,50,23,1,5867812
296,51,24,1,5809160
296,52,24,1,6434432
296,53,25,1,6389466
296,54,25,1,7039460
296,55,26,1,7009674
296,56,26,1,7684316
296,57,26,1,8377618
296,58,27,1,8370348
296,59,27,1,9088754
297,1,1,1,297
297,2,1,1,594
297,3,2,1,2671
297,4,2,1,4146
297,5,3,1,8896
297,6,3,1,11824
297,7,4,1,20714
297,8,4,1,25952
297,9,5,1,39879
297,10,5,1,47674
297,11,6,1,68089
297,12,6,1,79274
297,13,7,1,107074
297,14,7,1,121872
297,15,8,1,158492
297,16,8,1,177712
297,17,9,1,224049
297,18,9,1,247890
297,19,10,1,305367
297,20,10,1,334610
297,21,11,1,404124
297,22,11,1,438944
297,23,12,1,521902
297,24,12,1,563056
297,25,13,1,660355
297,26,13,1,707994
297,27,13,1,994379
297,28,14,1,875882
297,29,14,1,1182149
297,30,15,1,1067744
297,31,15,1,1393914
297,32,16,1,1285664
297,33,16,1,1631242
297,34,17,1,1530642
297,35,17,1,1895682
297,36,17,1,2318378
297,37,18,1,2188759
297,38,18,1,2635538
297,39,19,1,2511962
297,40,19,1,2982752
297,41,20,1,2866829
297,42,20,1,3361476
297,43,21,1,3254824
297,44,21,1,3773228
297,45,21,1,4313776
297,46,22,1,4219430
297,47,23,1,4135991
297,48,23,1,4701578
297,49,23,1,5291348
297,50,23,1,5895746
297,51,24,1,5835301
297,52,24,1,6464728
297,53,25,1,6417948
297,54,25,1,7072252
297,55,26,1,7040624
297,56,26,1,7719758
297,57,26,1,8417630
297,58,27,1,8408594
297,59,28,1,8411739
298,1,1,1,298
298,2,1,1,596
298,3,2,1,2680
298,4,2,1,4160
298,5,3,1,8926
298,6,3,1,11864
298,7,4,1,20784
298,8,4,1,26040
298,9,5,1,40014
298,10,5,1,47836
298,11,6,1,68320
298,12,6,1,79544
298,13,7,1,107438
298,14,7,1,122288
298,15,8,1,159032
298,16,8,1,178320
298,17,9,1,224814
298,18,9,1,248740
298,19,10,1,306412
298,20,10,1,335760
298,21,11,1,405510
298,22,11,1,440456
298,23,12,1,523696
298,24,12,1,565000
298,25,13,1,662630
298,26,13,1,710444
298,27,13,1,998794
298,28,14,1,878920
298,29,14,1,1187324
298,30,15,1,1071456
298,31,15,1,1399878
298,32,16,1,1290144
298,33,16,1,1638144
298,34,17,1,1535988
298,35,17,1,1903554
298,36,17,1,2329048
298,37,18,1,2197776
298,38,18,1,2647500
298,39,19,1,2522178
298,40,19,1,2996080
298,41,20,1,2878398
298,42,20,1,3376324
298,43,21,1,3267806
298,44,21,1,3789680
298,45,21,1,4333806
298,46,22,1,4237656
298,47,22,1,4806614
298,48,23,1,4721648
298,49,23,1,5315342
298,50,23,1,5923728
298,51,24,1,5861500
298,52,24,1,6495076
298,53,25,1,6446446
298,54,25,1,7105100
298,55,26,1,7071648
298,56,26,1,7755256
298,57,26,1,8457720
298,58,27,1,8446904
298,59,27,1,9174822
299,1,1,1,299
299,2,1,1,598
299,3,2,1,2689
299,4,2,1,4174
299,5,3,1,8956
299,6,3,1,11904
299,7,4,1,20854
299,8,4,1,26128
299,9,5,1,40149
299,10,5,1,47998
299,11,6,1,68551
299,12,6,1,79814
299,13,7,1,107802
299,14,7,1,122704
299,15,8,1,159572
299,16,8,1,178928
299,17,9,1,225579
299,18,9,1,249590
299,19,10,1,307457
299,20,10,1,336910
299,21,11,1,406896
299,22,11,1,441968
299,23,12,1,525490
299,24,12,1,566944
299,25,13,1,664905
299,26,13,1,712894
299,27,13,1,1003235
299,28,14,1,881958
299,29,14,1,1192471
299,30,15,1,1075168
299,31,15,1,1405871
299,32,16,1,1294624
299,33,16,1,1645014
299,34,17,1,1541334
299,35,17,1,1911462
299,36,17,1,2339752
299,37,18,1,2206757
299,38,18,1,2659462
299,39,19,1,2532425
299,40,19,1,3009446
299,41,20,1,2889927
299,42,20,1,3391172
299,43,21,1,3280832
299,44,21,1,3806170
299,45,21,1,4353880
299,46,22,1,4255874
299,47,23,1,4168639
299,48,23,1,4741784
299,49,23,1,5339387
299,50,23,1,5951758
299,51,24,1,5887718
299,52,24,1,6525472
299,53,25,1,6475028
299,54,25,1,7138004
299,55,26,1,7102704
299,56,26,1,7790814
299,57,26,1,8497869
299,58,27,1,8485270
299,59,28,1,8484730
300,1,1,1,300
300,2,1,1,600
300,3,2,1,2698
300,4,2,1,4188
300,5,3,1,8986
300,6,3,1,11944
300,7,4,1,20924
300,8,4,1,26216
300,9,5,1,40284
300,10,5,1,48160
300,11,6,1,68782
300,12,6,1,80084
300,13,7,1,108166
300,14,7,1,123120
300,15,8,1,160112
300,16,8,1,179536
300,17,9,1,226344
300,18,9,1,250440
300,19,10,1,308502
300,20,10,1,338060
300,21,11,1,408282
300,22,11,1,443480
300,23,12,1,527284
300,24,12,1,568888
300,25,13,1,667180
300,26,13,1,715344
300,27,13,1,1007652
300,28,14,1,884996
300,29,14,1,1197618
300,30,15,1,1078880
300,31,15,1,1411836
300,32,16,1,1299104
300,33,16,1,1651884
300,34,17,1,1546680
300,35,17,1,1919338
300,36,17,1,2350456
300,37,18,1,2215738
300,38,18,1,2671460
300,39,19,1,2542636
300,40,19,1,3022812
300,41,20,1,2901456
300,42,20,1,3406060
300,43,21,1,3293818
300,44,21,1,3822660
300,45,21,1,4373970
300,46,22,1,4274136
300,47,22,1,4850606
300,48,23,1,4761920
300,49,23,1,5363450
300,50,24,1,5287560
300,51,24,1,5913964
300,52,24,1,6555920
300,53,25,1,6503610
300,54,25,1,7170964
300,55,26,1,7133802
300,56,26,1,7826428
300,57,26,1,8538090
300,58,27,1,8523700
300,59,27,1,9261176
300,60,28,1,9264192
301,1,1,1,301
301,2,1,1,602
301,3,2,1,2707
301,4,2,1,4202
301,5,3,1,9016
301,6,3,1,11984
301,7,4,1,20994
301,8,4,1,26304
301,9,5,1,40419
301,10,5,1,48322
301,11,6,1,69013
301,12,6,1,80354
301,13,7,1,108530
301,14,7,1,123536
301,15,8,1,160652
301,16,8,1,180144
301,17,9,1,227109
301,18,9,1,251290
301,19,10,1,309547
301,20,10,1,339210
301,21,11,1,409668
301,22,11,1,444992
301,23,12,1,529078
301,24,12,1,570832
301,25,13,1,669455
301,26,13,1,717794
301,27,13,1,1012094
301,28,14,1,888034
301,29,14,1,1202793
301,30,15,1,1082592
301,31,15,1,1417830
301,32,16,1,1303584
301,33,16,1,1658791
301,34,17,1,1552026
301,35,17,1,1927247
301,36,17,1,2361198
301,37,18,1,2224769
301,38,18,1,2683460
301,39,19,1,2552884
301,40,19,1,3036218
301,41,20,1,2913050
301,42,20,1,3420950
301,43,21,1,3306845
301,44,21,1,3839198
301,45,21,1,4394102
301,46,22,1,4292408
301,47,22,1,4872663
301,48,23,1,4782088
301,49,23,1,5387561
301,50,24,1,5309730
301,51,24,1,5940267
301,52,24,1,6586416
301,53,25,1,6532246
301,54,25,1,7203980
301,55,26,1,7164911
301,56,26,1,7862102
301,57,26,1,8578397
301,58,27,1,8562186
301,59,27,1,9304467
301,60,28,1,9305672
302,1,1,1,302
302,2,1,1,604
302,3,2,1,2716
302,4,2,1,4216
302,5,3,1,9046
302,6,3,1,12024
302,7,4,1,21064
302,8,4,1,26392
302,9,5,1,40554
302,10,5,1,48484
302,11,6,1,69244
302,12,6,1,80624
302,13,7,1,108894
302,14,7,1,123952
302,15,8,1,161192
302,16,8,1,180752
302,17,9,1,227874
302,18,9,1,252140
302,19,10,1,310592
302,20,10,1,340360
302,21,11,1,411054
302,22,11,1,446504
302,23,12,1,530872
302,24,12,1,572776
302,25,13,1,671730
302,26,13,1,720244
302,27,13,1,1016536
302,28,14,1,891072
302,29,14,1,1207996
302,30,15,1,1086304
302,31,15,1,1423824
302,32,16,1,1308064
302,33,16,1,1665730
302,34,17,1,1557372
302,35,17,1,1935156
302,36,17,1,2371940
302,37,18,1,2233836
302,38,18,1,2695496
302,39,19,1,2563132
302,40,19,1,3049624
302,41,20,1,2924684
302,42,20,1,3435880
302,43,21,1,3319872
302,44,21,1,3855736
302,45,21,1,4414264
302,46,22,1,4310724
302,47,22,1,4894766
302,48,23,1,4802256
302,49,23,1,5411708
302,50,24,1,5331956
302,51,24,1,5966622
302,52,24,1,6616964
302,53,25,1,6560936
302,54,25,1,7237044
302,55,26,1,7196104
302,56,26,1,7897832
302,57,26,1,8618784
302,58,27,1,8600736
302,59,27,1,9347832
302,60,28,1,9347188
303,1,1,1,303
303,2,1,1,606
303,3,2,1,2725
303,4,2,1,4230
303,5,3,1,9076
303,6,3,1,12064
303,7,4,1,21134
303,8,4,1,26480
303,9,5,1,40689
303,10,5,1,48646
303,11,6,1,69475
303,12,6,1,80894
303,13,7,1,109258
303,14,7,1,124368
303,15,8,1,161732
303,16,8,1,181360
303,17,9,1,228639
303,18,9,1,252990
303,19,10,1,311637
303,20,10,1,341510
303,21,11,1,412440
303,22,11,1,448016
303,23,12,1,532666
303,24,12,1,574720
303,25,13,1,674005
303,26,13,1,722694
303,27,13,1,1021003
303,28,14,1,894110
303,29,14,1,1213171
303,30,15,1,1090016
303,31,15,1,1429848
303,32,16,1,1312544
303,33,16,1,1672637
303,34,17,1,1562718
303,35,17,1,1943106
303,36,17,1,2382718
303,37,18,1,2242867
303,38,18,1,2707534
303,39,19,1,2573414
303,40,19,1,3063068
303,41,20,1,2936278
303,42,20,1,3450810
303,43,21,1,3332969
303,44,21,1,3872312
303,45,21,1,4434467
303,46,22,1,4329032
303,47,22,1,4916882
303,48,23,1,4822488
303,49,23,1,5435903
303,50,24,1,5354166
303,51,24,1,5992996
303,52,24,1,6647560
303,53,25,1,6589653
303,54,25,1,7270164
303,55,26,1,7227317
303,56,26,1,7933622
303,57,26,1,8659230
303,58,27,1,8639342
303,59,27,1,9391281
303,60,28,1,9388792
304,1,1,1,304
304,2,1,1,608
304,3,2,1,2734
304,4,2,1,4244
304,5,3,1,9106
304,6,3,1,12104
304,7,4,1,21204
304,8,4,1,26568
304,9,5,1,40824
304,10,5,1,48808
304,11,6,1,69706
304,12,6,1,81164
304,13,7,1,109622
304,14,7,1,124784
304,15,8,1,162272
304,16,8,1,181968
304,17,9,1,229404
304,18,9,1,253840
304,19,10,1,312682
304,20,10,1,342660
304,21,11,1,413826
304,22,11,1,449528
304,23,12,1,534460
304,24,12,1,576664
304,25,13,1,676280
304,26,13,1,725144
304,27,13,1,1025446
304,28,14,1,897148
304,29,14,1,1218346
304,30,15,1,1093728
304,31,15,1,1435844
304,32,16,1,1317024
304,33,16,1,1679544
304,34,17,1,1568064
304,35,17,1,1951024
304,36,17,1,2393496
304,37,18,1,2251898
304,38,18,1,2719608
304,39,19,1,2583660
304,40,19,1,3076512
304,41,20,1,2947872
304,42,20,1,3465780
304,43,21,1,3346026
304,44,21,1,3888888
304,45,21,1,4454688
304,46,22,1,4347384
304,47,22,1,4939030
304,48,23,1,4842720
304,49,23,1,5460114
304,50,24,1,5376424
304,51,24,1,6019404
304,52,24,1,6678208
304,53,25,1,6618392
304,54,25,1,7303332
304,55,26,1,7258538
304,56,26,1,7969468
304,57,26,1,8699750
304,58,27,1,8678012
304,59,27,1,9434796
304,60,28,1,9430432
305,1,1,1,305
305,2,1,1,610
305,3,2,1,2743
305,4,2,1,4258
305,5,3,1,9136
305,6,3,1,12144
305,7,4,1,21274
305,8,4,1,26656
305,9,5,1,40959
305,10,5,1,48970
305,11,6,1,69937
305,12,6,1,81434
305,13,7,1,109986
305,14,7,1,125200
305,15,8,1,162812
305,16,8,1,182576
305,17,9,1,230169
305,18,9,1,254690
305,19,10,1,313727
305,20,10,1,343810
305,21,11,1,415212
305,22,11,1,451040
305,23,12,1,536254
305,24,12,1,578608
305,25,13,1,678555
305,26,13,1,727594
305,27,13,1,1029914
305,28,14,1,900186
305,29,14,1,1223550
305,30,15,1,1097440
305,31,15,1,1441869
305,32,16,1,1321504
305,33,16,1,1686481
305,34,17,1,1573410
305,35,17,1,1958975
305,36,17,1,2404312
305,37,18,1,2260954
305,38,18,1,2731686
305,39,19,1,2593943
305,40,19,1,3089998
305,41,20,1,2959518
305,42,20,1,3480752
305,43,21,1,3359124
305,44,21,1,3905514
305,45,21,1,4474951
305,46,22,1,4365750
305,47,22,1,4961225
305,48,23,1,4862982
305,49,23,1,5484371
305,50,24,1,5398720
305,51,24,1,6045866
305,52,24,1,6708904
305,53,25,1,6647193
305,54,25,1,7336556
305,55,26,1,7289860
305,56,26,1,8005366
305,57,26,1,8740351
305,58,27,1,8716738
305,59,27,1,9478395
305,60,28,1,9472160
305,61,28,1,10260348
306,1,1,1,306
306,2,1,1,612
306,3,2,1,2752
306,4,2,1,4272
306,5,3,1,9166
306,6,3,1,12184
306,7,4,1,21344
306,8,4,1,26744
306,9,5,1,41094
306,10,5,1,49132
306,11,6,1,70168
306,12,6,1,81704
306,13,7,1,110350
306,14,7,1,125616
306,15,8,1,163352
306,16,8,1,183184
306,17,9,1,230934
306,18,9,1,255540
306,19,10,1,314772
306,20,10,1,344960
306,21,11,1,416598
306,22,11,1,452552
306,23,12,1,538048
306,24,12,1,580552
306,25,13,1,680830
306,26,13,1,730044
306,27,13,1,1034382
306,28,14,1,903224
306,29,14,1,1228782
306,30,15,1,1101152
306,31,15,1,1447894
306,32,16,1,1325984
306,33,16,1,1693450
306,34,17,1,1578756
306,35,17,1,1966926
306,36,17,1,2415128
306,37,18,1,2270046
306,38,18,1,2743800
306,39,19,1,2604226
306,40,19,1,3103484
306,41,20,1,2971204
306,42,20,1,3495764
306,43,21,1,3372222
306,44,21,1,3922140
306,45,21,1,4495242
306,46,22,1,4384160
306,47,22,1,4983464
306,48,23,1,4883244
306,49,23,1,5508662
306,50,24,1,5421064
306,51,24,1,6072378
306,52,24,1,6739652
306,53,25,1,6676042
306,54,25,1,7369828
306,55,26,1,7321206
306,56,26,1,8041320
306,57,26,1,8781026
306,58,27,1,8755528
306,59,27,1,9522066
306,60,28,1,9513924
306,61,28,1,10307196
307,1,1,1,307
307,2,1,1,614
307,3,2,1,2761
307,4,2,1,4286
307,5,3,1,9196
307,6,3,1,12224
307,7,4,1,21414
307,8,4,1,26832
307,9,5,1,41229
307,10,5,1,49294
307,11,6,1,70399
307,12,6,1,81974
307,13,7,1,110714
307,14,7,1,126032
307,15,8,1,163892
307,16,8,1,183792
307,17,9,1,231699
307,18,9,1,256390
307,19,10,1,315817
307,20,10,1,346110
307,21,11,1,417984
307,22,11,1,454064
307,23,12,1,539842
307,24,12,1,582496
307,25,13,1,683105
307,26,13,1,732494
307,27,13,1,1038876
307,28,14,1,906262
307,29,14,1,1233986
307,30,15,1,1104864
307,31,15,1,1453948
307,32,16,1,1330464
307,33,16,1,1700387
307,34,17,1,1584102
307,35,17,1,1974905
307,36,18,1,1867902
307,37,18,1,2279102
307,38,18,1,2755916
307,39,19,1,2614559
307,40,19,1,3117010
307,41,20,1,2982850
307,42,20,1,3510778
307,43,21,1,3385364
307,44,21,1,3938802
307,45,21,1,4515577
307,46,22,1,4402558
307,47,22,1,5005716
307,48,23,1,4903574
307,49,23,1,5532998
307,50,24,1,5443376
307,51,24,1,6098907
307,52,24,1,6770448
307,53,25,1,6704927
307,54,25,1,7403156
307,55,26,1,7352571
307,56,26,1,8077326
307,57,26,1,8821754
307,58,27,1,8794374
307,59,27,1,9565824
307,60,28,1,9555776
307,61,28,1,10354107
308,1,1,1,308
308,2,1,1,616
308,3,2,1,2770
308,4,2,1,4300
308,5,3,1,9226
308,6,3,1,12264
308,7,4,1,21484
308,8,4,1,26920
308,9,5,1,41364
308,10,5,1,49456
308,11,6,1,70630
308,12,6,1,82244
308,13,7,1,111078
308,14,7,1,126448
308,15,8,1,164432
308,16,8,1,184400
308,17,9,1,232464
308,18,9,1,257240
308,19,10,1,316862
308,20,10,1,347260
308,21,11,1,419370
308,22,11,1,455576
308,23,12,1,541636
308,24,12,1,584440
308,25,13,1,685380
308,26,13,1,734944
308,27,13,1,1043346
308,28,14,1,909300
308,29,14,1,1239190
308,30,15,1,1108576
308,31,15,1,1459974
308,32,16,1,1334944
308,33,16,1,1707324
308,34,17,1,1589448
308,35,17,1,1982852
308,36,18,1,1874220
308,37,18,1,2288158
308,38,18,1,2768068
308,39,19,1,2624856
308,40,19,1,3130536
308,41,20,1,2994496
308,42,20,1,3525832
308,43,21,1,3398466
308,44,21,1,3955464
308,45,21,1,4535928
308,46,22,1,4421000
308,47,22,1,5028002
308,48,23,1,4923904
308,49,23,1,5557352
308,50,24,1,5465736
308,51,24,1,6125468
308,52,24,1,6801296
308,53,25,1,6733840
308,54,25,1,7436532
308,55,26,1,7384002
308,56,26,1,8113388
308,57,26,1,8862550
308,58,27,1,8833276
308,59,27,1,9609642
308,60,28,1,9597664
308,61,28,1,10401096
309,1,1,1,309
309,2,1,1,618
309,3,2,1,2779
309,4,2,1,4314
309,5,3,1,9256
309,6,3,1,12304
309,7,4,1,21554
309,8,4,1,27008
309,9,5,1,41499
309,10,5,1,49618
309,11,6,1,70861
309,12,6,1,82514
309,13,7,1,111442
309,14,7,1,126864
309,15,8,1,164972
309,16,8,1,185008
309,17,9,1,233229
309,18,9,1,258090
309,19,10,1,317907
309,20,10,1,348410
309,21,11,1,420756
309,22,11,1,457088
309,23,12,1,543430
309,24,12,1,586384
309,25,13,1,687655
309,26,13,1,737394
309,27,13,1,1047841
309,28,14,1,912338
309,29,14,1,1244422
309,30,15,1,1112288
309,31,15,1,1466029
309,32,16,1,1339424
309,33,16,1,1714294
309,34,17,1,1594794
309,35,17,1,1990832
309,36,18,1,1880538
309,37,18,1,2297253
309,38,18,1,2780224
309,39,19,1,2635190
309,40,19,1,3144104
309,41,20,1,3006150
309,42,20,1,3540890
309,43,21,1,3411609
309,44,21,1,3972180
309,45,21,1,4556321
309,46,22,1,4439460
309,47,22,1,5050332
309,48,23,1,4944286
309,49,23,1,5581752
309,50,24,1,5488134
309,51,24,1,6152080
309,52,24,1,6832192
309,53,25,1,6762807
309,54,25,1,7469964
309,55,26,1,7415447
309,56,26,1,8149502
309,57,26,1,8903422
309,58,27,1,8872234
309,59,27,1,9653538
309,60,28,1,9639620
309,61,28,1,10448172
310,1,1,1,310
310,2,1,1,620
310,3,2,1,2788
310,4,2,1,4328
310,5,3,1,9286
310,6,3,1,12344
310,7,4,1,21624
310,8,4,1,27096
310,9,5,1,41634
310,10,5,1,49780
310,11,6,1,71092
310,12,6,1,82784
310,13,7,1,111806
310,14,7,1,127280
310,15,8,1,165512
310,16,8,1,185616
310,17,9,1,233994
310,18,9,1,258940
310,19,10,1,318952
310,20,10,1,349560
310,21,11,1,422142
310,22,11,1,458600
310,23,12,1,545224
310,24,12,1,588328
310,25,13,1,689930
310,26,13,1,739844
310,27,13,1,1052336
310,28,14,1,915376
310,29,14,1,1249682
310,30,15,1,1116000
310,31,15,1,1472084
310,32,16,1,1343904
310,33,16,1,1721296
310,34,17,1,1600140
310,35,17,1,1998812
310,36,18,1,1886856
310,37,18,1,2306384
310,38,18,1,2792416
310,39,19,1,2645524
310,40,19,1,3157672
310,41,20,1,3017844
310,42,20,1,3555988
310,43,21,1,3424752
310,44,21,1,3988896
310,45,21,1,4576744
310,46,22,1,4457964
310,47,22,1,5072708
310,48,23,1,4964668
310,49,23,1,5606184
310,50,24,1,5510580
310,51,24,1,6178740
310,52,24,1,6863140
310,53,25,1,6791800
310,54,25,1,7503444
310,55,26,1,7446950
310,56,26,1,8185672
310,57,26,1,8944370
310,58,27,1,8911248
310,59,27,1,9697500
310,60,28,1,9681644
310,61,28,1,10495338
310,62,29,1,10498316
311,1,1,1,311
311,2,1,1,622
311,3,2,1,2797
311,4,2,1,4342
311,5,3,1,9316
311,6,3,1,12384
311,7,4,1,21694
311,8,4,1,27184
311,9,5,1,41769
311,10,5,1,49942
311,11,6,1,71323
311,12,6,1,83054
311,13,7,1,112170
311,14,7,1,127696
311,15,8,1,166052
311,16,8,1,186224
311,17,9,1,234759
311,18,9,1,259790
311,19,10,1,319997
311,20,10,1,350710
311,21,11,1,423528
311,22,11,1,460112
311,23,12,1,547018
311,24,12,1,590272
311,25,13,1,692205
311,26,13,1,742294
311,27,13,1,1056856
311,28,14,1,918414
311,29,14,1,1254914
311,30,15,1,1119712
311,31,15,1,1478169
311,32,16,1,1348384
311,33,16,1,1728266
311,34,17,1,1605486
311,35,17,1,2006831
311,36,18,1,1893174
311,37,18,1,2315479
311,38,18,1,2804610
311,39,19,1,2655878
311,40,19,1,3171280
311,41,20,1,3029498
311,42,20,1,3571088
311,43,21,1,3437946
311,44,21,1,4005644
311,45,21,1,4597208
311,46,22,1,4476452
311,47,22,1,5095097
311,48,23,1,4985074
311,49,23,1,5630664
311,50,24,1,5532994
311,51,24,1,6205417
311,52,24,1,6894136
311,53,25,1,6820853
311,54,25,1,7536980
311,55,26,1,7478484
311,56,26,1,8221894
311,57,26,1,8985371
311,58,27,1,8950318
311,59,27,1,9741542
311,60,28,1,9723724
311,61,28,1,10542561
311,62,29,1,10543548
312,1,1,1,312
312,2,1,1,624
312,3,2,1,2806
312,4,2,1,4356
312,5,3,1,9346
312,6,3,1,12424
312,7,4,1,21764
312,8,4,1,27272
312,9,5,1,41904
312,10,5,1,50104
312,11,6,1,71554
312,12,6,1,83324
312,13,7,1,112534
312,14,7,1,128112
312,15,8,1,166592
312,16,8,1,186832
312,17,9,1,235524
312,18,9,1,260640
312,19,10,1,321042
312,20,10,1,351860
312,21,11,1,424914
312,22,11,1,461624
312,23,12,1,548812
312,24,12,1,592216
312,25,13,1,694480
312,26,13,1,744744
312,27,13,1,1061352
312,28,14,1,921452
312,29,14,1,1260146
312,30,15,1,1123424
312,31,15,1,1484226
312,32,16,1,1352864
312,33,16,1,1735236
312,34,17,1,1610832
312,35,17,1,2014818
312,36,18,1,1899492
312,37,18,1,2324574
312,38,18,1,2816840
312,39,19,1,2666196
312,40,19,1,3184888
312,41,20,1,3041152
312,42,20,1,3586228
312,43,21,1,3451100
312,44,21,1,4022392
312,45,21,1,4617690
312,46,22,1,4494984
312,47,22,1,5117518
312,48,23,1,5005480
312,49,23,1,5655160
312,50,24,1,5555456
312,51,24,1,6232128
312,52,24,1,6925184
312,53,25,1,6849924
312,54,25,1,7570564
312,55,26,1,7510074
312,56,26,1,8258172
312,57,26,1,9026438
312,58,27,1,8989444
312,59,27,1,9785642
312,60,28,1,9765864
312,61,28,1,10589856
312,62,29,1,10588876
313,1,1,1,313
313,2,1,1,626
313,3,2,1,2815
313,4,2,1,4370
313,5,3,1,9376
313,6,3,1,12464
313,7,4,1,21834
313,8,4,1,27360
313,9,5,1,42039
313,10,5,1,50266
313,11,6,1,71785
313,12,6,1,83594
313,13,7,1,112898
313,14,7,1,128528
313,15,8,1,167132
313,16,8,1,187440
313,17,9,1,236289
313,18,9,1,261490
313,19,10,1,322087
313,20,10,1,353010
313,21,11,1,426300
313,22,11,1,463136
313,23,12,1,550606
313,24,12,1,594160
313,25,13,1,696755
313,26,13,1,747194
313,27,13,1,1065873
313,28,14,1,924490
313,29,14,1,1265407
313,30,15,1,1127136
313,31,15,1,1490312
313,32,16,1,1357344
313,33,16,1,1742240
313,34,17,1,1616178
313,35,17,1,2022838
313,36,18,1,1905810
313,37,18,1,2333715
313,38,18,1,2829074
313,39,19,1,2676551
313,40,19,1,3198538
313,41,20,1,3052868
313,42,20,1,3601372
313,43,21,1,3464295
313,44,21,1,4039188
313,45,21,1,4638214
313,46,22,1,4513518
313,47,22,1,5139986
313,48,23,1,5025960
313,49,23,1,5679702
313,50,24,1,5577956
313,51,24,1,6258887
313,52,24,1,6956280
313,53,25,1,6879047
313,54,25,1,7604204
313,55,26,1,7541693
313,56,26,1,8294502
313,57,27,1,8248340
313,58,27,1,9028626
313,59,27,1,9829820
313,60,28,1,9808060
313,61,28,1,10637231
313,62,29,1,10634236
314,1,1,1,314
314,2,1,1,628
314,3,2,1,2824
314,4,2,1,4384
314,5,3,1,9406
314,6,3,1,12504
314,7,4,1,21904
314,8,4,1,27448
314,9,5,1,42174
314,10,5,1,50428
314,11,6,1,72016
314,12,6,1,83864
314,13,7,1,113262
314,14,7,1,128944
314,15,8,1,167672
314,16,8,1,188048
314,17,9,1,237054
314,18,9,1,262340
314,19,10,1,323132
314,20,10,1,354160
314,21,11,1,427686
314,22,11,1,464648
314,23,12,1,552400
314,24,12,1,596104
314,25,13,1,699030
314,26,13,1,749644
314,27,13,1,1070394
314,28,14,1,927528
314,29,14,1,1270696
314,30,15,1,1130848
314,31,15,1,1496398
314,32,16,1,1361824
314,33,16,1,1749276
314,34,17,1,1621524
314,35,17,1,2030858
314,36,18,1,1912128
314,37,18,1,2342892
314,38,18,1,2841344
314,39,19,1,2686906
314,40,19,1,3212188
314,41,20,1,3064624
314,42,20,1,3616556
314,43,21,1,3477490
314,44,21,1,4055984
314,45,21,1,4658766
314,46,22,1,4532096
314,47,22,1,5162498
314,48,23,1,5046440
314,49,23,1,5704278
314,50,24,1,5600504
314,51,24,1,6285696
314,52,24,1,6987428
314,53,25,1,6908202
314,54,25,1,7637892
314,55,26,1,7573380
314,56,26,1,8330888
314,57,27,1,8282654
314,58,27,1,9067864
314,59,27,1,9874066
314,60,28,1,9850316
314,61,28,1,10684690
314,62,29,1,10679664
315,1,1,1,315
315,2,1,1,630
315,3,2,1,2833
315,4,2,1,4398
315,5,3,1,9436
315,6,3,1,12544
315,7,4,1,21974
315,8,4,1,27536
315,9,5,1,42309
315,10,5,1,50590
315,11,6,1,72247
315,12,6,1,84134
315,13,7,1,113626
315,14,7,1,129360
315,15,8,1,168212
315,16,8,1,188656
315,17,9,1,237819
315,18,9,1,263190
315,19,10,1,324177
315,20,10,1,355310
315,21,11,1,429072
315,22,11,1,466160
315,23,12,1,554194
315,24,12,1,598048
315,25,13,1,701305
315,26,13,1,752094
315,27,13,1,1074941
315,28,14,1,930566
315,29,14,1,1275957
315,30,15,1,1134560
315,31,15,1,1502513
315,32,16,1,1366304
315,33,16,1,1756280
315,34,17,1,1626870
315,35,17,1,2038908
315,36,18,1,1918446
315,37,18,1,2352033
315,38,18,1,2853616
315,39,19,1,2697318
315,40,19,1,3225878
315,41,20,1,3076340
315,42,20,1,3631742
315,43,21,1,3490688
315,44,21,1,4072832
315,45,21,1,4679362
315,46,22,1,4550694
315,47,22,1,5185023
315,48,23,1,5066940
315,49,23,1,5728899
315,50,24,1,5623020
315,51,24,1,6312522
315,52,24,1,7018624
315,53,25,1,6937411
315,54,25,1,7671636
315,55,26,1,7605088
315,56,26,1,8367326
315,57,27,1,8317030
315,58,27,1,9107158
315,59,27,1,9918389
315,60,28,1,9892628
315,61,28,1,10732206
315,62,29,1,10725172
315,63,29,1,11592979
316,1,1,1,316
316,2,1,1,632
316,3,2,1,2842
316,4,2,1,4412
316,5,3,1,9466
316,6,3,1,12584
316,7,4,1,22044
316,8,4,1,27624
316,9,5,1,42444
316,10,5,1,50752
316,11,6,1,72478
316,12,6,1,84404
316,13,7,1,113990
316,14,7,1,129776
316,15,8,1,168752
316,16,8,1,189264
316,17,9,1,238584
316,18,9,1,264040
316,19,10,1,325222
316,20,10,1,356460
316,21,11,1,430458
316,22,11,1,467672
316,23,12,1,555988
316,24,12,1,599992
316,25,13,1,703580
316,26,13,1,754544
316,27,13,1,1079464
316,28,14,1,933604
316,29,14,1,1281218
316,30,15,1,1138272
316,31,15,1,1508600
316,32,16,1,1370784
316,33,16,1,1763284
316,34,17,1,1632216
316,35,17,1,2046926
316,36,18,1,1924764
316,37,18,1,2361174
316,38,18,1,2865924
316,39,19,1,2707694
316,40,19,1,3239568
316,41,20,1,3088056
316,42,20,1,3646968
316,43,21,1,3503846
316,44,21,1,4089680
316,45,21,1,4699974
316,46,22,1,4569336
316,47,22,1,5207582
316,48,23,1,5087440
316,49,23,1,5753538
316,50,24,1,5645584
316,51,24,1,6339380
316,52,24,1,7049872
316,53,25,1,6966636
316,54,25,1,7705428
316,55,26,1,7636822
316,56,26,1,8403820
316,57,27,1,8351448
316,58,27,1,9146508
316,59,27,1,9962772
316,60,28,1,9935000
316,61,28,1,10779792
316,62,29,1,10770728
316,63,29,1,11643942
317,1,1,1,317
317,2,1,1,634
317,3,2,1,2851
317,4,2,1,4426
317,5,3,1,9496
317,6,3,1,12624
317,7,4,1,22114
317,8,4,1,27712
317,9,5,1,42579
317,10,5,1,50914
317,11,6,1,72709
317,12,6,1,84674
317,13,7,1,114354
317,14,7,1,130192
317,15,8,1,169292
317,16,8,1,189872
317,17,9,1,239349
317,18,9,1,264890
317,19,10,1,326267
317,20,10,1,357610
317,21,11,1,431844
317,22,11,1,469184
317,23,12,1,557782
317,24,12,1,601936
317,25,13,1,705855
317,26,13,1,756994
317,27,13,1,1084012
317,28,14,1,936642
317,29,14,1,1286507
317,30,15,1,1141984
317,31,15,1,1514716
317,32,16,1,1375264
317,33,16,1,1770319
317,34,17,1,1637562
317,35,17,1,2054977
317,36,18,1,1931082
317,37,18,1,2370354
317,38,18,1,2878232
317,39,19,1,2718107
317,40,19,1,3253300
317,41,20,1,3099815
317,42,20,1,3662198
317,43,21,1,3517045
317,44,21,1,4106566
317,45,21,1,4720628
317,46,22,1,4587962
317,47,22,1,5230185
317,48,23,1,5107988
317,49,23,1,5778223
317,50,24,1,5668150
317,51,24,1,6366289
317,52,24,1,7081168
317,53,25,1,6995913
317,54,25,1,7739276
317,55,26,1,7668615
317,56,26,1,8440366
317,57,27,1,8385922
317,58,27,1,9185914
317,59,27,1,10007233
317,60,28,1,9977428
317,61,28,1,10827461
317,62,29,1,10816356
317,63,29,1,11694987
318,1,1,1,318
318,2,1,1,636
318,3,2,1,2860
318,4,2,1,4440
318,5,3,1,9526
318,6,3,1,12664
318,7,4,1,22184
318,8,4,1,27800
318,9,5,1,42714
318,10,5,1,51076
318,11,6,1,72940
318,12,6,1,84944
318,13,7,1,114718
318,14,7,1,130608
318,15,8,1,169832
318,16,8,1,190480
318,17,9,1,240114
318,18,9,1,265740
318,19,10,1,327312
318,20,10,1,358760
318,21,11,1,433230
318,22,11,1,470696
318,23,12,1,559576
318,24,12,1,603880
318,25,13,1,708130
318,26,13,1,759444
318,27,13,1,1088560
318,28,14,1,939680
318,29,14,1,1291824
318,30,15,1,1145696
318,31,15,1,1520832
318,32,16,1,1379744
318,33,16,1,1777386
318,34,17,1,1642908
318,35,17,1,2063028
318,36,18,1,1937400
318,37,18,1,2379570
318,38,18,1,2890576
318,39,19,1,2728520
318,40,19,1,3267032
318,41,20,1,3111614
318,42,20,1,3677468
318,43,21,1,3530244
318,44,21,1,4123452
318,45,21,1,4741312
318,46,22,1,4606632
318,47,22,1,5252834
318,48,23,1,5128536
318,49,23,1,5802940
318,50,24,1,5690756
318,51,24,1,6393246
318,52,24,1,7112516
318,53,25,1,7025224
318,54,25,1,7773172
318,55,26,1,7700466
318,56,26,1,8476968
318,57,27,1,8420416
318,58,27,1,9225376
318,59,27,1,10051760
318,60,28,1,10019916
318,61,28,1,10875212
318,62,29,1,10862032
318,63,29,1,11746108
319,1,1,1,319
319,2,1,1,638
319,3,2,1,2869
319,4,2,1,4454
319,5,3,1,9556
319,6,3,1,12704
319,7,4,1,22254
319,8,4,1,27888
319,9,5,1,42849
319,10,5,1,51238
319,11,6,1,73171
319,12,6,1,85214
319,13,7,1,115082
319,14,7,1,131024
319,15,8,1,170372
319,16,8,1,191088
319,17,9,1,240879
319,18,9,1,266590
319,19,10,1,328357
319,20,10,1,359910
319,21,11,1,434616
319,22,11,1,472208
319,23,12,1,561370
319,24,12,1,605824
319,25,13,1,710405
319,26,13,1,761894
319,27,13,1,1093134
319,28,14,1,942718
319,29,14,1,1297113
319,30,15,1,1149408
319,31,15,1,1526978
319,32,16,1,1384224
319,33,16,1,1784421
319,34,17,1,1648254
319,35,17,1,2071118
319,36,18,1,1943718
319,37,18,1,2388750
319,38,18,1,2902922
319,39,19,1,2738953
319,40,19,1,3280804
319,41,20,1,3123373
319,42,20,1,3692740
319,43,21,1,3543515
319,44,21,1,4140390
319,45,21,1,4762037
319,46,22,1,4625324
319,47,22,1,5275496
319,48,23,1,5149160
319,49,23,1,5827705
319,50,24,1,5713402
319,51,24,1,6420220
319,52,24,1,7143912
319,53,25,1,7054586
319,54,25,1,7807124
319,55,26,1,7732336
319,56,26,1,8513622
319,57,27,1,8454990
319,58,27,1,9264894
319,59,27,1,10096367
319,60,28,1,10062460
319,61,28,1,10923020
319,62,29,1,10907780
319,63,29,1,11797310
320,1,1,1,320
320,2,1,1,640
320,3,2,1,2878
320,4,2,1,4468
320,5,3,1,9586
320,6,3,1,12744
320,7,4,1,22324
320,8,4,1,27976
320,9,5,1,42984
320,10,5,1,51400
320,11,6,1,73402
320,12,6,1,85484
320,13,7,1,115446
320,14,7,1,131440
320,15,8,1,170912
320,16,8,1,191696
320,17,9,1,241644
320,18,9,1,267440
320,19,10,1,329402
320,20,10,1,361060
320,21,11,1,436002
320,22,11,1,473720
320,23,12,1,563164
320,24,12,1,607768
320,25,13,1,712680
320,26,13,1,764344
320,27,13,1,1097684
320,28,14,1,945756
320,29,14,1,1302402
320,30,15,1,1153120
320,31,15,1,1533096
320,32,16,1,1388704
320,33,16,1,1791456
320,34,17,1,1653600
320,35,17,1,2079176
320,36,18,1,1950036
320,37,18,1,2397930
320,38,18,1,2915304
320,39,19,1,2749350
320,40,19,1,3294576
320,41,20,1,3135132
320,42,20,1,3708052
320,43,21,1,3556746
320,44,21,1,4157328
320,45,21,1,4782780
320,46,22,1,4644060
320,47,22,1,5298190
320,48,23,1,5169784
320,49,23,1,5852486
320,50,24,1,5736100
320,51,24,1,6447228
320,52,24,1,7175360
320,53,25,1,7083966
320,54,25,1,7841124
320,55,26,1,7764238
320,56,26,1,8550332
320,57,27,1,8489572
320,58,27,1,9304468
320,59,27,1,10141032
320,60,28,1,10105064
320,61,28,1,10970900
320,62,29,1,10953576
320,63,29,1,11848576
320,64,29,1,12758472
321,1,1,1,321
321,2,1,1,642
321,3,2,1,2887
321,4,2,1,4482
321,5,3,1,9616
321,6,3,1,12784
321,7,4,1,22394
321,8,4,1,28064
321,9,5,1,43119
321,10,5,1,51562
321,11,6,1,73633
321,12,6,1,85754
321,13,7,1,115810
321,14,7,1,131856
321,15,8,1,171452
321,16,8,1,192304
321,17,9,1,242409
321,18,9,1,268290
321,19,10,1,330447
321,20,10,1,362210
321,21,11,1,437388
321,22,11,1,475232
321,23,12,1,564958
321,24,12,1,609712
321,25,13,1,714955
321,26,13,1,766794
321,27,13,1,1102259
321,28,14,1,948794
321,29,14,1,1307721
321,30,15,1,1156832
321,31,15,1,1539243
321,32,16,1,1393184
321,33,16,1,1798526
321,34,17,1,1658946
321,35,17,1,2087267
321,36,18,1,1956354
321,37,18,1,2407136
321,38,18,1,2927686
321,39,19,1,2759784
321,40,19,1,3308386
321,41,20,1,3146907
321,42,20,1,3723368
321,43,21,1,3570018
321,44,21,1,4174304
321,45,21,1,4803565
321,46,22,1,4662780
321,47,22,1,5320931
321,48,23,1,5190426
321,49,23,1,5877313
321,50,24,1,5758764
321,51,24,1,6474284
321,52,24,1,7206856
321,53,25,1,7113398
321,54,25,1,7875180
321,55,26,1,7796199
321,56,26,1,8587094
321,57,27,1,8524208
321,58,27,1,9344098
321,59,27,1,10185775
321,60,28,1,10147724
321,61,28,1,11018860
321,62,29,1,10999444
321,63,29,1,11899924
321,64,29,1,12815398
322,1,1,1,322
322,2,1,1,644
322,3,2,1,2896
322,4,2,1,4496
322,5,3,1,9646
322,6,3,1,12824
322,7,4,1,22464
322,8,4,1,28152
322,9,5,1,43254
322,10,5,1,51724
322,11,6,1,73864
322,12,6,1,86024
322,13,7,1,116174
322,14,7,1,132272
322,15,8,1,171992
322,16,8,1,192912
322,17,9,1,243174
322,18,9,1,269140
322,19,10,1,331492
322,20,10,1,363360
322,21,11,1,438774
322,22,11,1,476744
322,23,12,1,566752
322,24,12,1,611656
322,25,13,1,717230
322,26,13,1,769244
322,27,13,1,1106834
322,28,14,1,951832
322,29,14,1,1313068
322,30,15,1,1160544
322,31,15,1,1545390
322,32,16,1,1397664
322,33,16,1,1805628
322,34,17,1,1664292
322,35,17,1,2095358
322,36,18,1,1962672
322,37,18,1,2416378
322,38,18,1,2940104
322,39,19,1,2770218
322,40,19,1,3322196
322,41,20,1,3158722
322,42,20,1,3738724
322,43,21,1,3583290
322,44,21,1,4191280
322,45,21,1,4824378
322,46,22,1,4681544
322,47,22,1,5343716
322,48,23,1,5211068
322,49,23,1,5902174
322,50,24,1,5781476
322,51,24,1,6501390
322,52,24,1,7238408
322,53,25,1,7142862
322,54,25,1,7909284
322,55,26,1,7828208
322,56,26,1,8623912
322,57,27,1,8558894
322,58,27,1,9383784
322,59,27,1,10230586
322,60,28,1,10190444
322,61,28,1,11066904
322,62,29,1,11045360
322,63,29,1,11951346
322,64,29,1,12872408
323,1,1,1,323
323,2,1,1,646
323,3,2,1,2905
323,4,2,1,4510
323,5,3,1,9676
323,6,3,1,12864
323,7,4,1,22534
323,8,4,1,28240
323,9,5,1,43389
323,10,5,1,51886
323,11,6,1,74095
323,12,6,1,86294
323,13,7,1,116538
323,14,7,1,132688
323,15,8,1,172532
323,16,8,1,193520
323,17,9,1,243939
323,18,9,1,269990
323,19,10,1,332537
323,20,10,1,364510
323,21,11,1,440160
323,22,11,1,478256
323,23,12,1,568546
323,24,12,1,613600
323,25,13,1,719505
323,26,13,1,771694
323,27,13,1,1111436
323,28,14,1,954870
323,29,14,1,1318387
323,30,15,1,1164256
323,31,15,1,1551567
323,32,16,1,1402144
323,33,16,1,1812698
323,34,17,1,1669638
323,35,17,1,2103477
323,36,18,1,1968990
323,37,18,1,2425584
323,38,18,1,2952524
323,39,19,1,2780696
323,40,19,1,3336046
323,41,20,1,3170497
323,42,20,1,3754082
323,43,21,1,3596606
323,44,21,1,4208308
323,45,22,1,4060529
323,46,22,1,4700314
323,47,22,1,5366514
323,48,23,1,5231790
323,49,23,1,5927080
323,50,24,1,5804228
323,51,24,1,6528513
323,52,24,1,7270012
323,53,25,1,7172380
323,54,25,1,7943444
323,55,26,1,7860236
323,56,26,1,8660782
323,57,27,1,8593621
323,58,27,1,9423526
323,59,27,1,10275474
323,60,28,1,10233220
323,61,28,1,11115005
323,62,29,1,11091348
323,63,29,1,12002852
323,64,29,1,12929518
324,1,1,1,324
324,2,1,1,648
324,3,2,1,2914
324,4,2,1,4524
324,5,3,1,9706
324,6,3,1,12904
324,7,4,1,22604
324,8,4,1,28328
324,9,5,1,43524
324,10,5,1,52048
324,11,6,1,74326
324,12,6,1,86564
324,13,7,1,116902
324,14,7,1,133104
324,15,8,1,173072
324,16,8,1,194128
324,17,9,1,244704
324,18,9,1,270840
324,19,10,1,333582
324,20,10,1,365660
324,21,11,1,441546
324,22,11,1,479768
324,23,12,1,570340
324,24,12,1,615544
324,25,13,1,721780
324,26,13,1,774144
324,27,13,1,1116014
324,28,14,1,957908
324,29,14,1,1323706
324,30,15,1,1167968
324,31,15,1,1557716
324,32,16,1,1406624
324,33,16,1,1819768
324,34,17,1,1674984
324,35,17,1,2111564
324,36,18,1,1975308
324,37,18,1,2434790
324,38,18,1,2964980
324,39,19,1,2791138
324,40,19,1,3349896
324,41,20,1,3182272
324,42,20,1,3769480
324,43,21,1,3609882
324,44,21,1,4225336
324,45,22,1,4075402
324,46,22,1,4719128
324,47,22,1,5389346
324,48,23,1,5252512
324,49,23,1,5952004
324,50,24,1,5827028
324,51,24,1,6555668
324,52,24,1,7301672
324,53,25,1,7201914
324,54,25,1,7977656
324,55,26,1,7892306
324,56,26,1,8697708
324,57,27,1,8628378
324,58,27,1,9463324
324,59,27,1,10320422
324,60,28,1,10276056
324,61,28,1,11163176
324,62,29,1,11137384
324,63,29,1,12054420
324,64,29,1,12986712
325,1,1,1,325
325,2,1,1,650
325,3,2,1,2923
325,4,2,1,4538
325,5,3,1,9736
325,6,3,1,12944
325,7,4,1,22674
325,8,4,1,28416
325,9,5,1,43659
325,10,5,1,52210
325,11,6,1,74557
325,12,6,1,86834
325,13,7,1,117266
325,14,7,1,133520
325,15,8,1,173612
325,16,8,1,194736
325,17,9,1,245469
325,18,9,1,271690
325,19,10,1,334627
325,20,10,1,366810
325,21,11,1,442932
325,22,11,1,481280
325,23,12,1,572134
325,24,12,1,617488
325,25,13,1,724055
325,26,13,1,776594
325,27,13,1,1120617
325,28,14,1,960946
325,29,14,1,1329054
325,30,15,1,1171680
325,31,15,1,1563894
325,32,16,1,1411104
325,33,16,1,1826868
325,34,17,1,1680330
325,35,17,1,2119684
325,36,18,1,1981626
325,37,18,1,2444045
325,38,18,1,2977436
325,39,19,1,2801617
325,40,19,1,3363784
325,41,20,1,3194094
325,42,20,1,3784878
325,43,21,1,3623199
325,44,21,1,4242402
325,45,22,1,4090322
325,46,22,1,4737958
325,47,22,1,5412222
325,48,23,1,5273252
325,49,23,1,5976974
325,50,24,1,5849790
325,51,24,1,6582874
325,52,25,1,6469190
325,53,25,1,7231500
325,54,25,1,8011928
325,55,26,1,7924420
325,56,26,1,8734686
325,57,27,1,8663189
325,58,27,1,9503178
325,59,27,1,10365448
325,60,28,1,10318948
325,61,28,1,11211430
325,62,29,1,11183492
325,63,29,1,12106070
325,64,29,1,13044004
325,65,30,1,13050867
326,1,1,1,326
326,2,1,1,652
326,3,2,1,2932
326,4,2,1,4552
326,5,3,1,9766
326,6,3,1,12984
326,7,4,1,22744
326,8,4,1,28504
326,9,5,1,43794
326,10,5,1,52372
326,11,6,1,74788
326,12,6,1,87104
326,13,7,1,117630
326,14,7,1,133936
326,15,8,1,174152
326,16,8,1,195344
326,17,9,1,246234
326,18,9,1,272540
326,19,10,1,335672
326,20,10,1,367960
326,21,11,1,444318
326,22,11,1,482792
326,23,12,1,573928
326,24,12,1,619432
326,25,13,1,726330
326,26,13,1,779044
326,27,13,1,1125220
326,28,14,1,963984
326,29,14,1,1334430
326,30,15,1,1175392
326,31,15,1,1570072
326,32,16,1,1415584
326,33,16,1,1834000
326,34,17,1,1685676
326,35,17,1,2127804
326,36,18,1,1987944
326,37,18,1,2453336
326,38,18,1,2989928
326,39,19,1,2812096
326,40,19,1,3377672
326,41,20,1,3205956
326,42,20,1,3800316
326,43,21,1,3636516
326,44,21,1,4259468
326,45,22,1,4105286
326,46,22,1,4756832
326,47,22,1,5435146
326,48,23,1,5293992
326,49,23,1,6001976
326,50,24,1,5872600
326,51,24,1,6610128
326,52,25,1,6494172
326,53,25,1,7261120
326,54,25,1,8046252
326,55,26,1,7956592
326,56,26,1,8771724
326,57,27,1,8698028
326,58,27,1,9543088
326,59,27,1,10410540
326,60,28,1,10361900
326,61,28,1,11259766
326,62,29,1,11229648
326,63,29,1,12157796
326,64,29,1,13101380
326,65,30,1,13106180
327,1,1,1,327
327,2,1,1,654
327,3,2,1,2941
327,4,2,1,4566
327,5,3,1,9796
327,6,3,1,13024
327,7,4,1,22814
327,8,4,1,28592
327,9,5,1,43929
327,10,5,1,52534
327,11,6,1,75019
327,12,6,1,87374
327,13,7,1,117994
327,14,7,1,134352
327,15,8,1,174692
327,16,8,1,195952
327,17,9,1,246999
327,18,9,1,273390
327,19,10,1,336717
327,20,10,1,369110
327,21,11,1,445704
327,22,11,1,484304
327,23,12,1,575722
327,24,12,1,621376
327,25,13,1,728605
327,26,13,1,781494
327,27,13,1,1129849
327,28,14,1,967022
327,29,14,1,1339778
327,30,15,1,1179104
327,31,15,1,1576281
327,32,16,1,1420064
327,33,16,1,1841100
327,34,17,1,1691022
327,35,17,1,2135965
327,36,18,1,1994262
327,37,18,1,2462591
327,38,18,1,3002422
327,39,19,1,2822621
327,40,19,1,3391600
327,41,20,1,3217778
327,42,20,1,3815756
327,43,21,1,3649845
327,44,21,1,4276582
327,45,22,1,4120206
327,46,22,1,4775696
327,47,22,1,5458085
327,48,23,1,5314784
327,49,23,1,6027026
327,50,24,1,5895450
327,51,24,1,6637399
327,52,25,1,6519248
327,53,25,1,7290791
327,54,25,1,8080636
327,55,26,1,7988783
327,56,26,1,8808818
327,57,27,1,8732935
327,58,27,1,9583054
327,59,27,1,10455712
327,60,28,1,10404908
327,61,28,1,11308159
327,62,29,1,11275876
327,63,29,1,12209603
327,64,29,1,13158856
327,65,30,1,13161556
328,1,1,1,328
328,2,1,1,656
328,3,2,1,2950
328,4,2,1,4580
328,5,3,1,9826
328,6,3,1,13064
328,7,4,1,22884
328,8,4,1,28680
328,9,5,1,44064
328,10,5,1,52696
328,11,6,1,75250
328,12,6,1,87644
328,13,7,1,118358
328,14,7,1,134768
328,15,8,1,175232
328,16,8,1,196560
328,17,9,1,247764
328,18,9,1,274240
328,19,10,1,337762
328,20,10,1,370260
328,21,11,1,447090
328,22,11,1,485816
328,23,12,1,577516
328,24,12,1,623320
328,25,13,1,730880
328,26,13,1,783944
328,27,13,1,1134454
328,28,14,1,970060
328,29,14,1,1345126
328,30,15,1,1182816
328,31,15,1,1582462
328,32,16,1,1424544
328,33,16,1,1848200
328,34,17,1,1696368
328,35,17,1,2144094
328,36,18,1,2000580
328,37,18,1,2471846
328,38,18,1,3014952
328,39,19,1,2833110
328,40,19,1,3405528
328,41,20,1,3229600
328,42,20,1,3831236
328,43,21,1,3663134
328,44,21,1,4293696
328,45,22,1,4135126
328,46,22,1,4794604
328,47,22,1,5481058
328,48,23,1,5335576
328,49,23,1,6052094
328,50,24,1,5918348
328,51,24,1,6664704
328,52,25,1,6544324
328,53,25,1,7320480
328,54,25,1,8115072
328,55,26,1,8021006
328,56,26,1,8845972
328,57,27,1,8767854
328,58,27,1,9623080
328,59,27,1,10500942
328,60,28,1,10447976
328,61,28,1,11356624
328,62,29,1,11322152
328,63,29,1,12261474
328,64,29,1,13216416
328,65,30,1,13217006
329,1,1,1,329
329,2,1,1,658
329,3,2,1,2959
329,4,2,1,4594
329,5,3,1,9856
329,6,3,1,13104
329,7,4,1,22954
329,8,4,1,28768
329,9,5,1,44199
329,10,5,1,52858
329,11,6,1,75481
329,12,6,1,87914
329,13,7,1,118722
329,14,7,1,135184
329,15,8,1,175772
329,16,8,1,197168
329,17,9,1,248529
329,18,9,1,275090
329,19,10,1,338807
329,20,10,1,371410
329,21,11,1,448476
329,22,11,1,487328
329,23,12,1,579310
329,24,12,1,625264
329,25,13,1,733155
329,26,13,1,786394
329,27,13,1,1139084
329,28,14,1,973098
329,29,14,1,1350504
329,30,15,1,1186528
329,31,15,1,1588672
329,32,16,1,1429024
329,33,16,1,1855337
329,34,17,1,1701714
329,35,17,1,2152256
329,36,18,1,2006898
329,37,18,1,2481127
329,38,18,1,3027482
329,39,19,1,2843636
329,40,19,1,3419494
329,41,20,1,3241486
329,42,20,1,3846716
329,43,21,1,3676464
329,44,21,1,4310852
329,45,22,1,4150055
329,46,22,1,4813524
329,47,22,1,5504081
329,48,23,1,5356438
329,49,23,1,6077210
329,50,24,1,5941210
329,51,24,1,6692057
329,52,25,1,6569408
329,53,25,1,7350221
329,54,25,1,8149568
329,55,26,1,8053288
329,56,26,1,8883182
329,57,27,1,8802827
329,58,27,1,9663166
329,59,27,1,10546253
329,60,28,1,10491100
329,61,28,1,11405169
329,62,29,1,11368492
329,63,29,1,12313427
329,64,30,1,12296894
329,65,30,1,13272545
330,1,1,1,330
330,2,1,1,660
330,3,2,1,2968
330,4,2,1,4608
330,5,3,1,9886
330,6,3,1,13144
330,7,4,1,23024
330,8,4,1,28856
330,9,5,1,44334
330,10,5,1,53020
330,11,6,1,75712
330,12,6,1,88184
330,13,7,1,119086
330,14,7,1,135600
330,15,8,1,176312
330,16,8,1,197776
330,17,9,1,249294
330,18,9,1,275940
330,19,10,1,339852
330,20,10,1,372560
330,21,11,1,449862
330,22,11,1,488840
330,23,12,1,581104
330,24,12,1,627208
330,25,13,1,735430
330,26,13,1,788844
330,27,13,1,1143714
330,28,14,1,976136
330,29,14,1,1355910
330,30,15,1,1190240
330,31,15,1,1594882
330,32,16,1,1433504
330,33,16,1,1862506
330,34,17,1,1707060
330,35,17,1,2160418
330,36,18,1,2013216
330,37,18,1,2490444
330,38,18,1,3040048
330,39,19,1,2854162
330,40,19,1,3433460
330,41,20,1,3253412
330,42,20,1,3862236
330,43,21,1,3689794
330,44,21,1,4328008
330,45,22,1,4165028
330,46,22,1,4832488
330,47,22,1,5527150
330,48,23,1,5377300
330,49,23,1,6102362
330,50,24,1,5964120
330,51,24,1,6719462
330,52,25,1,6594492
330,53,25,1,7379994
330,54,25,1,8184116
330,55,26,1,8085618
330,56,26,1,8920452
330,57,27,1,8837846
330,58,27,1,9703312
330,59,27,1,10591638
330,60,28,1,10534288
330,61,28,1,11453798
330,62,29,1,11414896
330,63,29,1,12365454
330,64,30,1,12346684
330,65,30,1,13328170
330,66,30,1,14325864
331,1,1,1,331
331,2,1,1,662
331,3,2,1,2977
331,4,2,1,4622
331,5,3,1,9916
331,6,3,1,13184
331,7,4,1,23094
331,8,4,1,28944
331,9,5,1,44469
331,10,5,1,53182
331,11,6,1,75943
331,12,6,1,88454
331,13,7,1,119450
331,14,7,1,136016
331,15,8,1,176852
331,16,8,1,198384
331,17,9,1,250059
331,18,9,1,276790
331,19,10,1,340897
331,20,10,1,373710
331,21,11,1,451248
331,22,11,1,490352
331,23,12,1,582898
331,24,12,1,629152
331,25,13,1,737705
331,26,13,1,791294
331,27,13,1,1148371
331,28,14,1,979174
331,29,14,1,1361288
331,30,15,1,1193952
331,31,15,1,1601122
331,32,16,1,1437984
331,33,16,1,1869643
331,34,17,1,1712406
331,35,17,1,2168606
331,36,18,1,2019534
331,37,18,1,2499725
331,38,18,1,3052616
331,39,19,1,2864717
331,40,19,1,3447466
331,41,20,1,3265298
331,42,20,1,3877758
331,43,21,1,3703170
331,44,21,1,4345208
331,45,22,1,4179957
331,46,22,1,4851446
331,47,22,1,5550234
331,48,23,1,5398190
331,49,23,1,6127562
331,50,24,1,5987068
331,51,24,1,6746886
331,52,25,1,6619642
331,53,25,1,7409821
331,54,25,1,8218724
331,55,26,1,8117965
331,56,26,1,8957778
331,57,27,1,8872906
331,58,27,1,9743518
331,59,27,1,10637107
331,60,28,1,10577536
331,61,28,1,11502487
331,62,29,1,11461356
331,63,30,1,11434183
331,64,30,1,12396554
331,65,30,1,13383858
331,66,30,1,14387482
332,1,1,1,332
332,2,1,1,664
332,3,2,1,2986
332,4,2,1,4636
332,5,3,1,9946
332,6,3,1,13224
332,7,4,1,23164
332,8,4,1,29032
332,9,5,1,44604
332,10,5,1,53344
332,11,6,1,76174
332,12,6,1,88724
332,13,7,1,119814
332,14,7,1,136432
332,15,8,1,177392
332,16,8,1,198992
332,17,9,1,250824
332,18,9,1,277640
332,19,10,1,341942
332,20,10,1,374860
332,21,11,1,452634
332,22,11,1,491864
332,23,12,1,584692
332,24,12,1,631096
332,25,13,1,739980
332,26,13,1,793744
332,27,13,1,1153004
332,28,14,1,982212
332,29,14,1,1366666
332,30,15,1,1197664
332,31,15,1,1607334
332,32,16,1,1442464
332,33,16,1,1876780
332,34,17,1,1717752
332,35,17,1,2176762
332,36,18,1,2025852
332,37,18,1,2509006
332,38,18,1,3065220
332,39,19,1,2875236
332,40,19,1,3461472
332,41,20,1,3277184
332,42,20,1,3893320
332,43,21,1,3716506
332,44,21,1,4362408
332,45,22,1,4194886
332,46,22,1,4870448
332,47,22,1,5573354
332,48,23,1,5419080
332,49,23,1,6152782
332,50,24,1,6010064
332,51,24,1,6774344
332,52,25,1,6644792
332,53,25,1,7439666
332,54,25,1,8253384
332,55,26,1,8150350
332,56,26,1,8995164
332,57,27,1,8908000
332,58,27,1,9783784
332,59,27,1,10682642
332,60,28,1,10620848
332,61,28,1,11551252
332,62,29,1,11507888
332,63,29,1,12469738
332,64,30,1,12446468
332,65,30,1,13439622
332,66,30,1,14449204
333,1,1,1,333
333,2,1,1,666
333,3,2,1,2995
333,4,2,1,4650
333,5,3,1,9976
333,6,3,1,13264
333,7,4,1,23234
333,8,4,1,29120
333,9,5,1,44739
333,10,5,1,53506
333,11,6,1,76405
333,12,6,1,88994
333,13,7,1,120178
333,14,7,1,136848
333,15,8,1,177932
333,16,8,1,199600
333,17,9,1,251589
333,18,9,1,278490
333,19,10,1,342987
333,20,10,1,376010
333,21,11,1,454020
333,22,11,1,493376
333,23,12,1,586486
333,24,12,1,633040
333,25,13,1,742255
333,26,13,1,796194
333,27,13,1,1157662
333,28,14,1,985250
333,29,14,1,1372073
333,30,15,1,1201376
333,31,15,1,1613575
333,32,16,1,1446944
333,33,16,1,1883947
333,34,17,1,1723098
333,35,17,1,2184951
333,36,18,1,2032170
333,37,18,1,2518336
333,38,18,1,3077824
333,39,19,1,2885792
333,40,19,1,3475516
333,41,20,1,3289088
333,42,20,1,3908882
333,43,21,1,3729883
333,44,21,1,4379650
333,45,22,1,4209864
333,46,22,1,4889458
333,47,22,1,5596521
333,48,23,1,5440036
333,49,23,1,6178050
333,50,24,1,6033028
333,51,24,1,6801856
333,52,25,1,6670022
333,53,25,1,7469565
333,54,25,1,8288096
333,55,26,1,8182794
333,56,26,1,9032606
333,57,27,1,8943148
333,58,27,1,9824110
333,59,27,1,10728261
333,60,28,1,10664220
333,61,28,1,11600107
333,62,29,1,11554472
333,63,30,1,11522628
333,64,30,1,12496470
333,65,30,1,13495472
333,66,30,1,14511010
334,1,1,1,334
334,2,1,1,668
334,3,2,1,3004
334,4,2,1,4664
334,5,3,1,10006
334,6,3,1,13304
334,7,4,1,23304
334,8,4,1,29208
334,9,5,1,44874
334,10,5,1,53668
334,11,6,1,76636
334,12,6,1,89264
334,13,7,1,120542
334,14,7,1,137264
334,15,8,1,178472
334,16,8,1,200208
334,17,9,1,252354
334,18,9,1,279340
334,19,10,1,344032
334,20,10,1,377160
334,21,11,1,455406
334,22,11,1,494888
334,23,12,1,588280
334,24,12,1,634984
334,25,13,1,744530
334,26,13,1,798644
334,27,13,1,1162320
334,28,14,1,988288
334,29,14,1,1377508
334,30,15,1,1205088
334,31,15,1,1619816
334,32,16,1,1451424
334,33,16,1,1891146
334,34,17,1,1728444
334,35,17,1,2193140
334,36,18,1,2038488
334,37,18,1,2527702
334,38,18,1,3090464
334,39,19,1,2896348
334,40,19,1,3489560
334,41,20,1,3301032
334,42,20,1,3924484
334,43,21,1,3743260
334,44,21,1,4396892
334,45,22,1,4224886
334,46,22,1,4908512
334,47,22,1,5619736
334,48,23,1,5460992
334,49,23,1,6203352
334,50,24,1,6056036
334,51,24,1,6829418
334,52,25,1,6695252
334,53,25,1,7499500
334,54,25,1,8322860
334,55,26,1,8215286
334,56,26,1,9070108
334,57,27,1,8978320
334,58,27,1,9864496
334,59,27,1,10773952
334,60,28,1,10707656
334,61,28,1,11649050
334,62,29,1,11601124
334,63,29,1,12574336
334,64,30,1,12546508
334,65,30,1,13551410
334,66,30,1,14572920
335,1,1,1,335
335,2,1,1,670
335,3,2,1,3013
335,4,2,1,4678
335,5,3,1,10036
335,6,3,1,13344
335,7,4,1,23374
335,8,4,1,29296
335,9,5,1,45009
335,10,5,1,53830
335,11,6,1,76867
335,12,6,1,89534
335,13,7,1,120906
335,14,7,1,137680
335,15,8,1,179012
335,16,8,1,200816
335,17,9,1,253119
335,18,9,1,280190
335,19,10,1,345077
335,20,10,1,378310
335,21,11,1,456792
335,22,11,1,496400
335,23,12,1,590074
335,24,12,1,636928
335,25,13,1,746805
335,26,13,1,801094
335,27,13,1,1167004
335,28,14,1,991326
335,29,14,1,1382915
335,30,15,1,1208800
335,31,15,1,1626088
335,32,16,1,1455904
335,33,16,1,1898313
335,34,17,1,1733790
335,35,17,1,2201372
335,36,18,1,2044806
335,37,18,1,2537032
335,38,18,1,3103106
335,39,19,1,2906954
335,40,19,1,3503644
335,41,20,1,3312936
335,42,20,1,3940088
335,43,21,1,3756705
335,44,21,1,4414178
335,45,22,1,4239864
335,46,22,1,4927564
335,47,22,1,5642966
335,48,23,1,5481980
335,49,23,1,6228705
335,50,24,1,6079082
335,51,24,1,6856999
335,52,25,1,6720486
335,53,25,1,7529489
335,54,25,1,8357676
335,55,26,1,8247799
335,56,26,1,9107666
335,57,27,1,9013572
335,58,27,1,9904942
335,59,28,1,9828324
335,60,28,1,10751152
335,61,28,1,11698056
335,62,29,1,11647844
335,63,30,1,11611245
335,64,30,1,12596642
335,65,30,1,13607414
335,66,30,1,14634916
335,67,31,1,14641544
336,1,1,1,336
336,2,1,1,672
336,3,2,1,3022
336,4,2,1,4692
336,5,3,1,10066
336,6,3,1,13384
336,7,4,1,23444
336,8,4,1,29384
336,9,5,1,45144
336,10,5,1,53992
336,11,6,1,77098
336,12,6,1,89804
336,13,7,1,121270
336,14,7,1,138096
336,15,8,1,179552
336,16,8,1,201424
336,17,9,1,253884
336,18,9,1,281040
336,19,10,1,346122
336,20,10,1,379460
336,21,11,1,458178
336,22,11,1,497912
336,23,12,1,591868
336,24,12,1,638872
336,25,13,1,749080
336,26,13,1,803544
336,27,13,1,1171664
336,28,14,1,994364
336,29,14,1,1388322
336,30,15,1,1212512
336,31,15,1,1632332
336,32,16,1,1460384
336,33,16,1,1905480
336,34,17,1,1739136
336,35,17,1,2209572
336,36,18,1,2051124
336,37,18,1,2546362
336,38,18,1,3115784
336,39,19,1,2917524
336,40,19,1,3517728
336,41,20,1,3324840
336,42,20,1,3955732
336,43,21,1,3770110
336,44,21,1,4431464
336,45,22,1,4254842
336,46,22,1,4946660
336,47,22,1,5666230
336,48,23,1,5502968
336,49,23,1,6254076
336,50,24,1,6102176
336,51,24,1,6884616
336,52,25,1,6745720
336,53,25,1,7559498
336,54,25,1,8392544
336,55,26,1,8280358
336,56,26,1,9145276
336,57,27,1,9048828
336,58,27,1,9945448
336,59,28,1,9866440
336,60,28,1,10794712
336,61,28,1,11747140
336,62,29,1,11694624
336,63,29,1,12679262
336,64,30,1,12646804
336,65,30,1,13663498
336,66,30,1,14697016
336,67,31,1,14701402
337,1,1,1,337
337,2,1,1,674
337,3,2,1,3031
337,4,2,1,4706
337,5,3,1,10096
337,6,3,1,13424
337,7,4,1,23514
337,8,4,1,29472
337,9,5,1,45279
337,10,5,1,54154
337,11,6,1,77329
337,12,6,1,90074
337,13,7,1,121634
337,14,7,1,138512
337,15,8,1,180092
337,16,8,1,202032
337,17,9,1,254649
337,18,9,1,281890
337,19,10,1,347167
337,20,10,1,380610
337,21,11,1,459564
337,22,11,1,499424
337,23,12,1,593662
337,24,12,1,640816
337,25,13,1,751355
337,26,13,1,805994
337,27,13,1,1176349
337,28,14,1,997402
337,29,14,1,1393759
337,30,15,1,1216224
337,31,15,1,1638605
337,32,16,1,1464864
337,33,16,1,1912684
337,34,17,1,1744482
337,35,17,1,2217805
337,36,18,1,2057442
337,37,18,1,2555716
337,38,18,1,3128462
337,39,19,1,2928131
337,40,19,1,3531850
337,41,20,1,3336806
337,42,20,1,3971376
337,43,21,1,3783556
337,44,21,1,4448792
337,45,22,1,4269897
337,46,22,1,4965760
337,47,22,1,5689538
337,48,23,1,5524018
337,49,23,1,6279495
337,50,24,1,6125242
337,51,24,1,6912284
337,52,25,1,6771052
337,53,25,1,7589561
337,54,25,1,8427464
337,55,26,1,8312961
337,56,26,1,9182942
337,57,27,1,9084130
337,58,27,1,9986014
337,59,28,1,9904645
337,60,28,1,10838332
337,61,28,1,11796311
337,62,29,1,11741472
337,63,29,1,12731848
337,64,30,1,12697038
337,65,30,1,13719678
337,66,30,1,14759200
337,67,31,1,14761355
338,1,1,1,338
338,2,1,1,676
338,3,2,1,3040
338,4,2,1,4720
338,5,3,1,10126
338,6,3,1,13464
338,7,4,1,23584
338,8,4,1,29560
338,9,5,1,45414
338,10,5,1,54316
338,11,6,1,77560
338,12,6,1,90344
338,13,7,1,121998
338,14,7,1,138928
338,15,8,1,180632
338,16,8,1,202640
338,17,9,1,255414
338,18,9,1,282740
338,19,10,1,348212
338,20,10,1,381760
338,21,11,1,460950
338,22,11,1,500936
338,23,12,1,595456
338,24,12,1,642760
338,25,13,1,753630
338,26,13,1,808444
338,27,13,1,1181034
338,28,14,1,1000440
338,29,14,1,1399224
338,30,15,1,1219936
338,31,15,1,1644878
338,32,16,1,1469344
338,33,16,1,1919920
338,34,17,1,1749828
338,35,17,1,2226038
338,36,18,1,2063760
338,37,18,1,2565106
338,38,18,1,3141176
338,39,19,1,2938738
338,40,19,1,3545972
338,41,20,1,3348812
338,42,20,1,3987060
338,43,21,1,3797002
338,44,21,1,4466120
338,45,22,1,4284996
338,46,22,1,4984904
338,47,22,1,5712892
338,48,23,1,5545068
338,49,23,1,6304950
338,50,24,1,6148356
338,51,24,1,6940004
338,52,25,1,6796384
338,53,25,1,7619658
338,54,25,1,8462436
338,55,26,1,8345626
338,56,26,1,9220660
338,57,27,1,9119470
338,58,27,1,10026640
338,59,28,1,9942886
338,60,28,1,10882016
338,61,28,1,11845572
338,62,29,1,11788380
338,63,29,1,12784514
338,64,30,1,12747364
338,65,30,1,13775950
338,66,30,1,14821488
338,67,31,1,14821390
339,1,1,1,339
339,2,1,1,678
339,3,2,1,3049
339,4,2,1,4734
339,5,3,1,10156
339,6,3,1,13504
339,7,4,1,23654
339,8,4,1,29648
339,9,5,1,45549
339,10,5,1,54478
339,11,6,1,77791
339,12,6,1,90614
339,13,7,1,122362
339,14,7,1,139344
339,15,8,1,181172
339,16,8,1,203248
339,17,9,1,256179
339,18,9,1,283590
339,19,10,1,349257
339,20,10,1,382910
339,21,11,1,462336
339,22,11,1,502448
339,23,12,1,597250
339,24,12,1,644704
339,25,13,1,755905
339,26,13,1,810894
339,27,14,1,940095
339,28,14,1,1003478
339,29,14,1,1404661
339,30,15,1,1223648
339,31,15,1,1651181
339,32,16,1,1473824
339,33,16,1,1927124
339,34,17,1,1755174
339,35,17,1,2234296
339,36,18,1,2070078
339,37,18,1,2574460
339,38,18,1,3153892
339,39,19,1,2949370
339,40,19,1,3560134
339,41,20,1,3360778
339,42,20,1,4002746
339,43,21,1,3810465
339,44,21,1,4483492
339,45,22,1,4300051
339,46,22,1,5004046
339,47,22,1,5736259
339,48,23,1,5566154
339,49,23,1,6330453
339,50,24,1,6171476
339,51,24,1,6967743
339,52,25,1,6821732
339,53,25,1,7649812
339,54,25,1,8497460
339,55,26,1,8378312
339,56,26,1,9258434
339,57,27,1,9154893
339,58,27,1,10067318
339,59,28,1,9981146
339,60,28,1,10925760
339,61,28,1,11894890
339,62,29,1,11835356
339,63,29,1,12837271
339,64,30,1,12797730
339,65,30,1,13832291
339,66,30,1,14883862
339,67,31,1,14881523
340,1,1,1,340
340,2,1,1,680
340,3,2,1,3058
340,4,2,1,4748
340,5,3,1,10186
340,6,3,1,13544
340,7,4,1,23724
340,8,4,1,29736
340,9,5,1,45684
340,10,5,1,54640
340,11,6,1,78022
340,12,6,1,90884
340,13,7,1,122726
340,14,7,1,139760
340,15,8,1,181712
340,16,8,1,203856
340,17,9,1,256944
340,18,9,1,284440
340,19,10,1,350302
340,20,10,1,384060
340,21,11,1,463722
340,22,11,1,503960
340,23,12,1,599044
340,24,12,1,646648
340,25,13,1,758180
340,26,13,1,813344
340,27,14,1,942930
340,28,14,1,1006516
340,29,14,1,1410098
340,30,15,1,1227360
340,31,15,1,1657456
340,32,16,1,1478304
340,33,16,1,1934328
340,34,17,1,1760520
340,35,17,1,2242522
340,36,18,1,2076396
340,37,18,1,2583814
340,38,18,1,3166644
340,39,19,1,2959966
340,40,19,1,3574296
340,41,20,1,3372744
340,42,20,1,4018472
340,43,21,1,3823888
340,44,21,1,4500864
340,45,22,1,4315106
340,46,22,1,5023232
340,47,22,1,5759658
340,48,23,1,5587240
340,49,23,1,6355972
340,50,24,1,6194644
340,51,24,1,6995516
340,52,25,1,6847080
340,53,25,1,7679984
340,54,25,1,8532536
340,55,26,1,8411030
340,56,26,1,9296260
340,57,27,1,9190320
340,58,27,1,10108056
340,59,28,1,10019472
340,60,28,1,10969568
340,61,28,1,11944280
340,62,29,1,11882392
340,63,29,1,12890096
340,64,30,1,12848188
340,65,30,1,13888714
340,66,30,1,14946340
340,67,31,1,14941726
340,68,31,1,16032592
341,1,1,1,341
341,2,1,1,682
341,3,2,1,3067
341,4,2,1,4762
341,5,3,1,10216
341,6,3,1,13584
341,7,4,1,23794
341,8,4,1,29824
341,9,5,1,45819
341,10,5,1,54802
341,11,6,1,78253
341,12,6,1,91154
341,13,7,1,123090
341,14,7,1,140176
341,15,8,1,182252
341,16,8,1,204464
341,17,9,1,257709
341,18,9,1,285290
341,19,10,1,351347
341,20,10,1,385210
341,21,11,1,465108
341,22,11,1,505472
341,23,12,1,600838
341,24,12,1,648592
341,25,13,1,760455
341,26,13,1,815794
341,27,14,1,945765
341,28,14,1,1009554
341,29,14,1,1415564
341,30,15,1,1231072
341,31,15,1,1663760
341,32,16,1,1482784
341,33,16,1,1941562
341,34,17,1,1765866
341,35,17,1,2250781
341,36,18,1,2082714
341,37,18,1,2593205
341,38,18,1,3179396
341,39,19,1,2970599
341,40,19,1,3588496
341,41,20,1,3384734
341,42,20,1,4034198
341,43,21,1,3837352
341,44,21,1,4518278
341,45,22,1,4330208
341,46,22,1,5042422
341,47,22,1,5783104
341,48,23,1,5608384
341,49,23,1,6381537
341,50,24,1,6217836
341,51,24,1,7023343
341,52,25,1,6872514
341,53,25,1,7710210
341,54,25,1,8567664
341,55,26,1,8443813
341,56,26,1,9334142
341,57,27,1,9225803
341,58,27,1,10148846
341,59,28,1,10057818
341,60,28,1,11013436
341,61,28,1,11993750
341,62,29,1,11929496
341,63,29,1,12943009
341,64,30,1,12898686
341,65,30,1,13945230
341,66,30,1,15008904
341,67,31,1,15002027
341,68,31,1,16099162
342,1,1,1,342
342,2,1,1,684
342,3,2,1,3076
342,4,2,1,4776
342,5,3,1,10246
342,6,3,1,13624
342,7,4,1,23864
342,8,4,1,29912
342,9,5,1,45954
342,10,5,1,54964
342,11,6,1,78484
342,12,6,1,91424
342,13,7,1,123454
342,14,7,1,140592
342,15,8,1,182792
342,16,8,1,205072
342,17,9,1,258474
342,18,9,1,286140
342,19,10,1,352392
342,20,10,1,386360
342,21,11,1,466494
342,22,11,1,506984
342,23,12,1,602632
342,24,12,1,650536
342,25,13,1,762730
342,26,13,1,818244
342,27,14,1,948600
342,28,14,1,1012592
342,29,14,1,1421058
342,30,15,1,1234784
342,31,15,1,1670064
342,32,16,1,1487264
342,33,16,1,1948828
342,34,17,1,1771212
342,35,17,1,2259040
342,36,18,1,2089032
342,37,18,1,2602632
342,38,18,1,3192184
342,39,19,1,2981232
342,40,19,1,3602696
342,41,20,1,3396764
342,42,20,1,4049964
342,43,21,1,3850816
342,44,21,1,4535692
342,45,22,1,4345354
342,46,22,1,5061656
342,47,22,1,5806594
342,48,23,1,5629528
342,49,23,1,6407136
342,50,24,1,6241076
342,51,24,1,7051220
342,52,25,1,6897948
342,53,25,1,7740472
342,54,25,1,8602844
342,55,26,1,8476644
342,56,26,1,9372076
342,57,27,1,9261344
342,58,27,1,10189696
342,59,28,1,10096250
342,60,28,1,11057360
342,61,28,1,12043304
342,62,29,1,11976660
342,63,29,1,12995996
342,64,30,1,12949276
342,65,30,1,14001840
342,66,30,1,15071580
342,67,31,1,15062408
342,68,31,1,16165816
343,1,1,1,343
343,2,1,1,686
343,3,2,1,3085
343,4,2,1,4790
343,5,3,1,10276
343,6,3,1,13664
343,7,4,1,23934
343,8,4,1,30000
343,9,5,1,46089
343,10,5,1,55126
343,11,6,1,78715
343,12,6,1,91694
343,13,7,1,123818
343,14,7,1,141008
343,15,8,1,183332
343,16,8,1,205680
343,17,9,1,259239
343,18,9,1,286990
343,19,10,1,353437
343,20,10,1,387510
343,21,11,1,467880
343,22,11,1,508496
343,23,12,1,604426
343,24,12,1,652480
343,25,13,1,765005
343,26,13,1,820694
343,27,14,1,951435
343,28,14,1,1015630
343,29,14,1,1426524
343,30,15,1,1238496
343,31,15,1,1676399
343,32,16,1,1491744
343,33,16,1,1956062
343,34,17,1,1776558
343,35,17,1,2267335
343,36,18,1,2095350
343,37,18,1,2612023
343,38,19,1,2449280
343,39,19,1,2991919
343,40,19,1,3616936
343,41,20,1,3408754
343,42,20,1,4065732
343,43,21,1,3864348
343,44,21,1,4553150
343,45,22,1,4360456
343,46,22,1,5080888
343,47,22,1,5830097
343,48,23,1,5650712
343,49,23,1,6432780
343,50,24,1,6264298
343,51,24,1,7079114
343,52,25,1,6923402
343,53,25,1,7770788
343,54,25,1,8638076
343,55,26,1,8509496
343,56,26,1,9410066
343,57,27,1,9296914
343,58,27,1,10230598
343,59,28,1,10134699
343,60,28,1,11101344
343,61,28,1,12092915
343,62,29,1,12023892
343,63,29,1,13049067
343,64,30,1,12999906
343,65,30,1,14058519
343,66,30,1,15134352
343,67,31,1,15122890
343,68,31,1,16232584
344,1,1,1,344
344,2,1,1,688
344,3,2,1,3094
344,4,2,1,4804
344,5,3,1,10306
344,6,3,1,13704
344,7,4,1,24004
344,8,4,1,30088
344,9,5,1,46224
344,10,5,1,55288
344,11,6,1,78946
344,12,6,1,91964
344,13,7,1,124182
344,14,7,1,141424
344,15,8,1,183872
344,16,8,1,206288
344,17,9,1,260004
344,18,9,1,287840
344,19,10,1,354482
344,20,10,1,388660
344,21,11,1,469266
344,22,11,1,510008
344,23,12,1,606220
344,24,12,1,654424
344,25,13,1,767280
344,26,13,1,823144
344,27,14,1,954270
344,28,14,1,1018668
344,29,14,1,1431990
344,30,15,1,1242208
344,31,15,1,1682706
344,32,16,1,1496224
344,33,16,1,1963296
344,34,17,1,1781904
344,35,17,1,2275598
344,36,18,1,2101668
344,37,18,1,2621414
344,38,19,1,2456680
344,39,19,1,3002570
344,40,19,1,3631176
344,41,20,1,3420744
344,42,20,1,4081540
344,43,21,1,3877840
344,44,21,1,4570608
344,45,22,1,4375558
344,46,22,1,5100164
344,47,22,1,5853634
344,48,23,1,5671896
344,49,23,1,6458442
344,50,24,1,6287568
344,51,24,1,7107040
344,52,25,1,6948856
344,53,25,1,7801124
344,54,25,1,8673360
344,55,26,1,8542394
344,56,26,1,9448108
344,57,27,1,9332526
344,58,27,1,10271560
344,59,28,1,10173160
344,60,28,1,11145384
344,61,28,1,12142596
344,62,29,1,12071184
344,63,29,1,13102200
344,64,30,1,13050628
344,65,30,1,14115278
344,66,30,1,15197236
344,67,31,1,15183440
344,68,31,1,16299444
345,1,1,1,345
345,2,1,1,690
345,3,2,1,3103
345,4,2,1,4818
345,5,3,1,10336
345,6,3,1,13744
345,7,4,1,24074
345,8,4,1,30176
345,9,5,1,46359
345,10,5,1,55450
345,11,6,1,79177
345,12,6,1,92234
345,13,7,1,124546
345,14,7,1,141840
345,15,8,1,184412
345,16,8,1,206896
345,17,9,1,260769
345,18,9,1,288690
345,19,10,1,355527
345,20,10,1,389810
345,21,11,1,470652
345,22,11,1,511520
345,23,12,1,608014
345,24,12,1,656368
345,25,13,1,769555
345,26,13,1,825594
345,27,14,1,957105
345,28,14,1,1021706
345,29,14,1,1437484
345,30,15,1,1245920
345,31,15,1,1689042
345,32,16,1,1500704
345,33,16,1,1970567
345,34,17,1,1787250
345,35,17,1,2283894
345,36,18,1,2107986
345,37,18,1,2630855
345,38,19,1,2464080
345,39,19,1,3013258
345,40,19,1,3645454
345,41,20,1,3432790
345,42,20,1,4097348
345,43,21,1,3891373
345,44,21,1,4588108
345,45,22,1,4390673
345,46,22,1,5119444
345,47,22,1,5877215
345,48,23,1,5693134
345,49,23,1,6484150
345,50,24,1,6310858
345,51,24,1,7135017
345,52,25,1,6974366
345,53,25,1,7831514
345,54,25,1,8708696
345,55,26,1,8575336
345,56,26,1,9486206
345,57,27,1,9368194
345,58,27,1,10312574
345,59,28,1,10211728
345,60,28,1,11189484
345,61,28,1,12192360
345,62,29,1,12118536
345,63,29,1,13155415
345,64,30,1,13101390
345,65,30,1,14172123
345,66,30,1,15260214
345,67,31,1,15244088
345,68,31,1,16366424
345,69,32,1,16372933
346,1,1,1,346
346,2,1,1,692
346,3,2,1,3112
346,4,2,1,4832
346,5,3,1,10366
346,6,3,1,13784
346,7,4,1,24144
346,8,4,1,30264
346,9,5,1,46494
346,10,5,1,55612
346,11,6,1,79408
346,12,6,1,92504
346,13,7,1,124910
346,14,7,1,142256
346,15,8,1,184952
346,16,8,1,207504
346,17,9,1,261534
346,18,9,1,289540
346,19,10,1,356572
346,20,10,1,390960
346,21,11,1,472038
346,22,11,1,513032
346,23,12,1,609808
346,24,12,1,658312
346,25,13,1,771830
346,26,13,1,828044
346,27,14,1,959940
346,28,14,1,1024744
346,29,14,1,1443006
346,30,15,1,1249632
346,31,15,1,1695378
346,32,16,1,1505184
346,33,16,1,1977870
346,34,17,1,1792596
346,35,17,1,2292190
346,36,18,1,2114304
346,37,18,1,2640332
346,38,19,1,2471480
346,39,19,1,3023946
346,40,19,1,3659732
346,41,20,1,3444876
346,42,20,1,4113196
346,43,21,1,3904906
346,44,21,1,4605608
346,45,22,1,4405832
346,46,22,1,5138768
346,47,22,1,5900842
346,48,23,1,5714372
346,49,23,1,6509890
346,50,24,1,6334196
346,51,24,1,7163042
346,52,25,1,6999876
346,53,25,1,7861938
346,54,25,1,8744084
346,55,26,1,8608340
346,56,26,1,9524356
346,57,27,1,9403882
346,58,27,1,10353648
346,59,28,1,10250324
346,60,28,1,11233640
346,61,28,1,12242206
346,62,29,1,12165948
346,63,29,1,13208706
346,64,30,1,13152236
346,65,30,1,14229056
346,66,30,1,15323304
346,67,31,1,15304818
346,68,31,1,16433496
346,69,32,1,16437660
347,1,1,1,347
347,2,1,1,694
347,3,2,1,3121
347,4,2,1,4846
347,5,3,1,10396
347,6,3,1,13824
347,7,4,1,24214
347,8,4,1,30352
347,9,5,1,46629
347,10,5,1,55774
347,11,6,1,79639
347,12,6,1,92774
347,13,7,1,125274
347,14,7,1,142672
347,15,8,1,185492
347,16,8,1,208112
347,17,9,1,262299
347,18,9,1,290390
347,19,10,1,357617
347,20,10,1,392110
347,21,11,1,473424
347,22,11,1,514544
347,23,12,1,611602
347,24,12,1,660256
347,25,13,1,774105
347,26,13,1,830494
347,27,14,1,962775
347,28,14,1,1027782
347,29,14,1,1448500
347,30,15,1,1253344
347,31,15,1,1701744
347,32,16,1,1509664
347,33,16,1,1985141
347,34,17,1,1797942
347,35,17,1,2300527
347,36,18,1,2120622
347,37,18,1,2649773
347,38,19,1,2478880
347,39,19,1,3034655
347,40,19,1,3674050
347,41,20,1,3456922
347,42,20,1,4129046
347,43,21,1,3918456
347,44,21,1,4623152
347,45,22,1,4420947
347,46,22,1,5158090
347,47,22,1,5924482
347,48,23,1,5735650
347,49,23,1,6535678
347,50,24,1,6357520
347,51,25,1,6191702
347,52,25,1,7025462
347,53,25,1,7892413
347,54,25,1,8779524
347,55,26,1,8641365
347,56,26,1,9562562
347,57,27,1,9439656
347,58,27,1,10394774
347,59,28,1,10288925
347,60,28,1,11277856
347,61,28,1,12292109
347,62,29,1,12213420
347,63,29,1,13262078
347,64,30,1,13203130
347,65,30,1,14286052
347,66,30,1,15386490
347,67,31,1,15365644
347,68,31,1,16500690
347,69,32,1,16502462
348,1,1,1,348
348,2,1,1,696
348,3,2,1,3130
348,4,2,1,4860
348,5,3,1,10426
348,6,3,1,13864
348,7,4,1,24284
348,8,4,1,30440
348,9,5,1,46764
348,10,5,1,55936
348,11,6,1,79870
348,12,6,1,93044
348,13,7,1,125638
348,14,7,1,143088
348,15,8,1,186032
348,16,8,1,208720
348,17,9,1,263064
348,18,9,1,291240
348,19,10,1,358662
348,20,10,1,393260
348,21,11,1,474810
348,22,11,1,516056
348,23,12,1,613396
348,24,12,1,662200
348,25,13,1,776380
348,26,13,1,832944
348,27,14,1,965610
348,28,14,1,1030820
348,29,14,1,1453994
348,30,15,1,1257056
348,31,15,1,1708082
348,32,16,1,1514144
348,33,16,1,1992412
348,34,17,1,1803288
348,35,17,1,2308832
348,36,18,1,2126940
348,37,18,1,2659214
348,38,19,1,2486280
348,39,19,1,3045328
348,40,19,1,3688368
348,41,20,1,3468968
348,42,20,1,4144936
348,43,21,1,3931966
348,44,21,1,4640696
348,45,22,1,4436062
348,46,22,1,5177456
348,47,22,1,5948154
348,48,23,1,5756928
348,49,23,1,6561482
348,50,24,1,6380892
348,51,24,1,7219160
348,52,25,1,7051048
348,53,25,1,7922906
348,54,25,1,8815016
348,55,26,1,8674422
348,56,26,1,9600820
348,57,27,1,9475434
348,58,27,1,10435960
348,59,28,1,10327572
348,60,28,1,11322128
348,61,28,1,12342084
348,62,29,1,12260952
348,63,29,1,13315514
348,64,30,1,13254100
348,65,30,1,14343122
348,66,30,1,15449780
348,67,31,1,15426532
348,68,31,1,16567976
348,69,32,1,16567348
349,1,1,1,349
349,2,1,1,698
349,3,2,1,3139
349,4,2,1,4874
349,5,3,1,10456
349,6,3,1,13904
349,7,4,1,24354
349,8,4,1,30528
349,9,5,1,46899
349,10,5,1,56098
349,11,6,1,80101
349,12,6,1,93314
349,13,7,1,126002
349,14,7,1,143504
349,15,8,1,186572
349,16,8,1,209328
349,17,9,1,263829
349,18,9,1,292090
349,19,10,1,359707
349,20,10,1,394410
349,21,11,1,476196
349,22,11,1,517568
349,23,12,1,615190
349,24,12,1,664144
349,25,13,1,778655
349,26,13,1,835394
349,27,14,1,968445
349,28,14,1,1033858
349,29,14,1,1459517
349,30,15,1,1260768
349,31,15,1,1714449
349,32,16,1,1518624
349,33,16,1,1999713
349,34,17,1,1808634
349,35,17,1,2317170
349,36,18,1,2133258
349,37,18,1,2668680
349,38,19,1,2493680
349,39,19,1,3056038
349,40,19,1,3702724
349,41,20,1,3481044
349,42,20,1,4160826
349,43,21,1,3945517
349,44,21,1,4658282
349,45,22,1,4451224
349,46,22,1,5196824
349,47,22,1,5971873
349,48,23,1,5778260
349,49,23,1,6587332
349,50,24,1,6404280
349,51,25,1,6233271
349,52,25,1,7076664
349,53,25,1,7953451
349,54,25,1,8850560
349,55,26,1,8707538
349,56,26,1,9639134
349,57,27,1,9511266
349,58,27,1,10477198
349,59,28,1,10366317
349,60,28,1,11366460
349,61,28,1,12392139
349,62,29,1,12308544
349,63,29,1,13369032
349,64,30,1,13305126
349,65,30,1,14400281
349,66,30,1,15513156
349,67,31,1,15487512
349,68,31,1,16635382
349,69,32,1,16632336
350,1,1,1,350
350,2,1,1,700
350,3,2,1,3148
350,4,2,1,4888
350,5,3,1,10486
350,6,3,1,13944
350,7,4,1,24424
350,8,4,1,30616
350,9,5,1,47034
350,10,5,1,56260
350,11,6,1,80332
350,12,6,1,93584
350,13,7,1,126366
350,14,7,1,143920
350,15,8,1,187112
350,16,8,1,209936
350,17,9,1,264594
350,18,9,1,292940
350,19,10,1,360752
350,20,10,1,395560
350,21,11,1,477582
350,22,11,1,519080
350,23,12,1,616984
350,24,12,1,666088
350,25,13,1,780930
350,26,13,1,837844
350,27,14,1,971280
350,28,14,1,1036896
350,29,14,1,1465068
350,30,15,1,1264480
350,31,15,1,1720816
350,32,16,1,1523104
350,33,16,1,2007046
350,34,17,1,1813980
350,35,17,1,2325508
350,36,18,1,2139576
350,37,18,1,2678182
350,38,19,1,2501080
350,39,19,1,3066748
350,40,19,1,3717080
350,41,20,1,3493160
350,42,20,1,4176756
350,43,21,1,3959068
350,44,21,1,4675868
350,45,22,1,4466430
350,46,22,1,5216236
350,47,22,1,5995636
350,48,23,1,5799592
350,49,23,1,6613216
350,50,24,1,6427716
350,51,24,1,7275458
350,52,25,1,7102280
350,53,25,1,7984028
350,54,25,1,8886156
350,55,26,1,8740706
350,56,26,1,9677500
350,57,27,1,9547152
350,58,27,1,10518496
350,59,28,1,10405120
350,60,28,1,11410848
350,61,28,1,12442278
350,62,29,1,12356196
350,63,29,1,13422624
350,64,30,1,13356220
350,65,30,1,14457526
350,66,30,1,15576636
350,67,31,1,15548568
350,68,31,1,16702880
350,69,32,1,16697416
350,70,32,1,17886796
351,1,1,1,351
351,2,1,1,702
351,3,2,1,3157
351,4,2,1,4902
351,5,3,1,10516
351,6,3,1,13984
351,7,4,1,24494
351,8,4,1,30704
351,9,5,1,47169
351,10,5,1,56422
351,11,6,1,80563
351,12,6,1,93854
351,13,7,1,126730
351,14,7,1,144336
351,15,8,1,187652
351,16,8,1,210544
351,17,9,1,265359
351,18,9,1,293790
351,19,10,1,361797
351,20,10,1,396710
351,21,11,1,478968
351,22,11,1,520592
351,23,12,1,618778
351,24,12,1,668032
351,25,13,1,783205
351,26,13,1,840294
351,27,14,1,974115
351,28,14,1,1039934
351,29,14,1,1470591
351,30,15,1,1268192
351,31,15,1,1727212
351,32,16,1,1527584
351,33,16,1,2014347
351,34,17,1,1819326
351,35,17,1,2333874
351,36,18,1,2145894
351,37,18,1,2687648
351,38,19,1,2508480
351,39,19,1,3077512
351,40,19,1,3731476
351,41,20,1,3505236
351,42,20,1,4192688
351,43,21,1,3972687
351,44,21,1,4693498
351,45,22,1,4481592
351,46,22,1,5235650
351,47,22,1,6019412
351,48,23,1,5820964
351,49,23,1,6639145
351,50,24,1,6451142
351,51,24,1,7303649
351,52,25,1,7127968
351,53,25,1,8014659
351,54,26,1,7853212
351,55,26,1,8773893
351,56,26,1,9715922
351,57,27,1,9583073
351,58,27,1,10559846
351,59,28,1,10443928
351,60,28,1,11455296
351,61,28,1,12492474
351,62,29,1,12403908
351,63,29,1,13476300
351,64,30,1,13407370
351,65,30,1,14514834
351,66,31,1,14467310
351,67,31,1,15609715
351,68,31,1,16770488
351,69,32,1,16762565
351,70,32,1,17958602
352,1,1,1,352
352,2,1,1,704
352,3,2,1,3166
352,4,2,1,4916
352,5,3,1,10546
352,6,3,1,14024
352,7,4,1,24564
352,8,4,1,30792
352,9,5,1,47304
352,10,5,1,56584
352,11,6,1,80794
352,12,6,1,94124
352,13,7,1,127094
352,14,7,1,144752
352,15,8,1,188192
352,16,8,1,211152
352,17,9,1,266124
352,18,9,1,294640
352,19,10,1,362842
352,20,10,1,397860
352,21,11,1,480354
352,22,11,1,522104
352,23,12,1,620572
352,24,12,1,669976
352,25,13,1,785480
352,26,13,1,842744
352,27,14,1,976950
352,28,14,1,1042972
352,29,14,1,1476114
352,30,15,1,1271904
352,31,15,1,1733580
352,32,16,1,1532064
352,33,16,1,2021648
352,34,17,1,1824672
352,35,17,1,2342208
352,36,18,1,2152212
352,37,18,1,2697114
352,38,19,1,2515880
352,39,19,1,3088240
352,40,19,1,3745872
352,41,20,1,3517312
352,42,20,1,4208660
352,43,21,1,3986266
352,44,21,1,4711128
352,45,22,1,4496754
352,46,22,1,5255108
352,47,22,1,6043222
352,48,23,1,5842336
352,49,23,1,6665092
352,50,24,1,6474616
352,51,24,1,7331872
352,52,25,1,7153656
352,53,25,1,8045306
352,54,26,1,7881288
352,55,26,1,8807118
352,56,26,1,9754396
352,57,27,1,9619028
352,58,27,1,10601256
352,59,28,1,10482752
352,60,28,1,11499800
352,61,28,1,12542740
352,62,29,1,12451680
352,63,29,1,13530038
352,64,30,1,13458588
352,65,30,1,14572218
352,66,31,1,14522136
352,67,31,1,15670926
352,68,31,1,16838180
352,69,32,1,16827792
352,70,32,1,18030524
353,1,1,1,353
353,2,1,1,706
353,3,2,1,3175
353,4,2,1,4930
353,5,3,1,10576
353,6,3,1,14064
353,7,4,1,24634
353,8,4,1,30880
353,9,5,1,47439
353,10,5,1,56746
353,11,6,1,81025
353,12,6,1,94394
353,13,7,1,127458
353,14,7,1,145168
353,15,8,1,188732
353,16,8,1,211760
353,17,9,1,266889
353,18,9,1,295490
353,19,10,1,363887
353,20,10,1,399010
353,21,11,1,481740
353,22,11,1,523616
353,23,12,1,622366
353,24,12,1,671920
353,25,13,1,787755
353,26,13,1,845194
353,27,14,1,979785
353,28,14,1,1046010
353,29,14,1,1481665
353,30,15,1,1275616
353,31,15,1,1739977
353,32,16,1,1536544
353,33,16,1,2028984
353,34,17,1,1830018
353,35,17,1,2350575
353,36,18,1,2158530
353,37,18,1,2706628
353,38,19,1,2523280
353,39,19,1,3099005
353,40,19,1,3760308
353,41,20,1,3529438
353,42,20,1,4224632
353,43,21,1,3999886
353,44,21,1,4728800
353,45,22,1,4511991
353,46,22,1,5274566
353,47,23,1,5067742
353,48,23,1,5863756
353,49,23,1,6691085
353,50,24,1,6498104
353,51,24,1,7360146
353,52,25,1,7179378
353,53,25,1,8076005
353,54,26,1,7909390
353,55,26,1,8840393
353,56,26,1,9792926
353,57,27,1,9655039
353,58,27,1,10642718
353,59,28,1,10521671
353,60,28,1,11544364
353,61,28,1,12593089
353,62,29,1,12499512
353,63,29,1,13583858
353,64,30,1,13509862
353,65,30,1,14629688
353,66,31,1,14577046
353,67,31,1,15732229
353,68,31,1,16905984
353,69,32,1,16893114
353,70,32,1,18102544
354,1,1,1,354
354,2,1,1,708
354,3,2,1,3184
354,4,2,1,4944
354,5,3,1,10606
354,6,3,1,14104
354,7,4,1,24704
354,8,4,1,30968
354,9,5,1,47574
354,10,5,1,56908
354,11,6,1,81256
354,12,6,1,94664
354,13,7,1,127822
354,14,7,1,145584
354,15,8,1,189272
354,16,8,1,212368
354,17,9,1,267654
354,18,9,1,296340
354,19,10,1,364932
354,20,10,1,400160
354,21,11,1,483126
354,22,11,1,525128
354,23,12,1,624160
354,24,12,1,673864
354,25,13,1,790030
354,26,13,1,847644
354,27,14,1,982620
354,28,14,1,1049048
354,29,14,1,1487244
354,30,15,1,1279328
354,31,15,1,1746374
354,32,16,1,1541024
354,33,16,1,2036352
354,34,17,1,1835364
354,35,17,1,2358942
354,36,18,1,2164848
354,37,18,1,2716178
354,38,19,1,2530680
354,39,19,1,3109770
354,40,19,1,3774744
354,41,20,1,3541604
354,42,20,1,4240644
354,43,21,1,4013506
354,44,21,1,4746472
354,45,22,1,4527272
354,46,22,1,5294068
354,47,23,1,5084730
354,48,23,1,5885176
354,49,23,1,6717110
354,50,24,1,6521640
354,51,24,1,7388468
354,52,25,1,7205100
354,53,25,1,8106738
354,54,26,1,7937516
354,55,26,1,8873722
354,56,26,1,9831508
354,57,27,1,9691078
354,58,27,1,10684240
354,59,28,1,10560626
354,60,28,1,11588984
354,61,28,1,12643520
354,62,29,1,12547404
354,63,29,1,13637754
354,64,30,1,13561204
354,65,30,1,14687246
354,66,31,1,14632008
354,67,31,1,15793606
354,68,31,1,16973872
354,69,32,1,16958526
354,70,32,1,18174672
355,1,1,1,355
355,2,1,1,710
355,3,2,1,3193
355,4,2,1,4958
355,5,3,1,10636
355,6,3,1,14144
355,7,4,1,24774
355,8,4,1,31056
355,9,5,1,47709
355,10,5,1,57070
355,11,6,1,81487
355,12,6,1,94934
355,13,7,1,128186
355,14,7,1,146000
355,15,8,1,189812
355,16,8,1,212976
355,17,9,1,268419
355,18,9,1,297190
355,19,10,1,365977
355,20,10,1,401310
355,21,11,1,484512
355,22,11,1,526640
355,23,12,1,625954
355,24,12,1,675808
355,25,13,1,792305
355,26,13,1,850094
355,27,14,1,985455
355,28,14,1,1052086
355,29,14,1,1492795
355,30,15,1,1283040
355,31,16,1,1459936
355,32,16,1,1545504
355,33,16,1,2043688
355,34,17,1,1840710
355,35,17,1,2367348
355,36,18,1,2171166
355,37,18,1,2725692
355,38,19,1,2538080
355,39,19,1,3120557
355,40,19,1,3789222
355,41,20,1,3553730
355,42,20,1,4256660
355,43,21,1,4027168
355,44,21,1,4764188
355,45,22,1,4542509
355,46,22,1,5313572
355,47,23,1,5101764
355,48,23,1,5906648
355,49,23,1,6743183
355,50,24,1,6545164
355,51,24,1,7416807
355,52,25,1,7230890
355,53,25,1,8137522
355,54,26,1,7965646
355,55,26,1,8907070
355,56,26,1,9870146
355,57,27,1,9727185
355,58,27,1,10725814
355,59,28,1,10599598
355,60,28,1,11633664
355,61,28,1,12694008
355,62,29,1,12595356
355,63,29,1,13691731
355,64,30,1,13612602
355,65,30,1,14744867
355,66,31,1,14687046
355,67,31,1,15855077
355,68,31,1,17041870
355,69,32,1,17024007
355,70,32,1,18246892
355,71,33,1,18253288
356,1,1,1,356
356,2,1,1,712
356,3,2,1,3202
356,4,2,1,4972
356,5,3,1,10666
356,6,3,1,14184
356,7,4,1,24844
356,8,4,1,31144
356,9,5,1,47844
356,10,5,1,57232
356,11,6,1,81718
356,12,6,1,95204
356,13,7,1,128550
356,14,7,1,146416
356,15,8,1,190352
356,16,8,1,213584
356,17,9,1,269184
356,18,9,1,298040
356,19,10,1,367022
356,20,10,1,402460
356,21,11,1,485898
356,22,11,1,528152
356,23,12,1,627748
356,24,12,1,677752
356,25,13,1,794580
356,26,13,1,852544
356,27,14,1,988290
356,28,14,1,1055124
356,29,14,1,1498346
356,30,15,1,1286752
356,31,15,1,1759200
356,32,16,1,1549984
356,33,16,1,2051024
356,34,17,1,1846056
356,35,17,1,2375722
356,36,18,1,2177484
356,37,18,1,2735206
356,38,19,1,2545480
356,39,19,1,3131308
356,40,19,1,3803700
356,41,20,1,3565856
356,42,20,1,4272716
356,43,21,1,4040790
356,44,21,1,4781904
356,45,22,1,4557746
356,46,22,1,5333120
356,47,23,1,5118754
356,48,23,1,5928120
356,49,23,1,6769272
356,50,24,1,6568736
356,51,24,1,7445180
356,52,25,1,7256680
356,53,25,1,8168324
356,54,26,1,7993828
356,55,26,1,8940454
356,56,26,1,9908836
356,57,27,1,9763308
356,58,27,1,10767448
356,59,28,1,10638632
356,60,28,1,11678400
356,61,28,1,12744568
356,62,29,1,12643368
356,63,29,1,13745772
356,64,30,1,13664068
356,65,30,1,14802562
356,66,31,1,14742136
356,67,31,1,15916610
356,68,31,1,17109952
356,69,32,1,17089568
356,70,32,1,18319220
356,71,33,1,18323070
357,1,1,1,357
357,2,1,1,714
357,3,2,1,3211
357,4,2,1,4986
357,5,3,1,10696
357,6,3,1,14224
357,7,4,1,24914
357,8,4,1,31232
357,9,5,1,47979
357,10,5,1,57394
357,11,6,1,81949
357,12,6,1,95474
357,13,7,1,128914
357,14,7,1,146832
357,15,8,1,190892
357,16,8,1,214192
357,17,9,1,269949
357,18,9,1,298890
357,19,10,1,368067
357,20,10,1,403610
357,21,11,1,487284
357,22,11,1,529664
357,23,12,1,629542
357,24,12,1,679696
357,25,13,1,796855
357,26,13,1,854994
357,27,14,1,991125
357,28,14,1,1058162
357,29,14,1,1503926
357,30,15,1,1290464
357,31,15,1,1765628
357,32,16,1,1554464
357,33,16,1,2058392
357,34,17,1,1851402
357,35,17,1,2384129
357,36,18,1,2183802
357,37,18,1,2744747
357,38,19,1,2552880
357,39,19,1,3142096
357,40,19,1,3818218
357,41,20,1,3578016
357,42,20,1,4288774
357,43,21,1,4054453
357,44,21,1,4799664
357,45,22,1,4572999
357,46,22,1,5352668
357,47,23,1,5135789
357,48,23,1,5949634
357,49,23,1,6795407
357,50,24,1,6592326
357,51,24,1,7473601
357,52,25,1,7282508
357,53,25,1,8199178
357,54,26,1,8022020
357,55,26,1,8973891
357,56,26,1,9947582
357,57,27,1,9799485
357,58,27,1,10809134
357,59,28,1,10677698
357,60,28,1,11723196
357,61,28,1,12795208
357,62,29,1,12691440
357,63,29,1,13799895
357,64,30,1,13715590
357,65,30,1,14860346
357,66,31,1,14797302
357,67,31,1,15978235
357,68,31,1,17178146
357,69,32,1,17155221
357,70,32,1,18391642
357,71,33,1,18392946
358,1,1,1,358
358,2,1,1,716
358,3,2,1,3220
358,4,2,1,5000
358,5,3,1,10726
358,6,3,1,14264
358,7,4,1,24984
358,8,4,1,31320
358,9,5,1,48114
358,10,5,1,57556
358,11,6,1,82180
358,12,6,1,95744
358,13,7,1,129278
358,14,7,1,147248
358,15,8,1,191432
358,16,8,1,214800
358,17,9,1,270714
358,18,9,1,299740
358,19,10,1,369112
358,20,10,1,404760
358,21,11,1,488670
358,22,11,1,531176
358,23,12,1,631336
358,24,12,1,681640
358,25,13,1,799130
358,26,13,1,857444
358,27,14,1,993960
358,28,14,1,1061200
358,29,14,1,1509534
358,30,15,1,1294176
358,31,15,1,1772056
358,32,16,1,1558944
358,33,16,1,2065792
358,34,17,1,1856748
358,35,17,1,2392536
358,36,18,1,2190120
358,37,18,1,2754324
358,38,19,1,2560280
358,39,19,1,3152884
358,40,19,1,3832736
358,41,20,1,3590216
358,42,20,1,4304872
358,43,21,1,4068116
358,44,21,1,4817424
358,45,22,1,4588296
358,46,22,1,5372260
358,47,23,1,5152824
358,48,23,1,5971148
358,49,23,1,6821576
358,50,24,1,6615964
358,51,24,1,7502072
358,52,25,1,7308336
358,53,25,1,8230064
358,54,26,1,8050272
358,55,26,1,9007380
358,56,26,1,9986380
358,57,27,1,9835704
358,58,27,1,10850880
358,59,28,1,10716838
358,60,28,1,11768048
358,61,28,1,12845932
358,62,29,1,12739572
358,63,29,1,13854092
358,64,30,1,13767180
358,65,30,1,14918216
358,66,31,1,14852520
358,67,31,1,16039936
358,68,31,1,17246424
358,69,32,1,17220966
358,70,32,1,18464172
358,71,33,1,18462904
359,1,1,1,359
359,2,1,1,718
359,3,2,1,3229
359,4,2,1,5014
359,5,3,1,10756
359,6,3,1,14304
359,7,4,1,25054
359,8,4,1,31408
359,9,5,1,48249
359,10,5,1,57718
359,11,6,1,82411
359,12,6,1,96014
359,13,7,1,129642
359,14,7,1,147664
359,15,8,1,191972
359,16,8,1,215408
359,17,9,1,271479
359,18,9,1,300590
359,19,10,1,370157
359,20,10,1,405910
359,21,11,1,490056
359,22,11,1,532688
359,23,12,1,633130
359,24,12,1,683584
359,25,13,1,801405
359,26,13,1,859894
359,27,14,1,996795
359,28,14,1,1064238
359,29,14,1,1515114
359,30,15,1,1297888
359,31,15,1,1778513
359,32,16,1,1563424
359,33,16,1,2073160
359,34,17,1,1862094
359,35,17,1,2400973
359,36,18,1,2196438
359,37,18,1,2763865
359,38,19,1,2567680
359,39,19,1,3163712
359,40,19,1,3847296
359,41,20,1,3602376
359,42,20,1,4320974
359,43,21,1,4081821
359,44,21,1,4835230
359,45,22,1,4603549
359,46,22,1,5391856
359,47,23,1,5169868
359,48,23,1,5992718
359,49,23,1,6847790
359,50,24,1,6639586
359,51,24,1,7530560
359,52,25,1,7334236
359,53,25,1,8261004
359,54,26,1,8078508
359,55,26,1,9040888
359,56,26,1,10025234
359,57,27,1,9871970
359,58,27,1,10892678
359,59,28,1,10755997
359,60,28,1,11812960
359,61,29,1,11694676
359,62,29,1,12787764
359,63,29,1,13908373
359,64,30,1,13818826
359,65,30,1,14976149
359,66,31,1,14907814
359,67,31,1,16101728
359,68,31,1,17314812
359,69,32,1,17286780
359,70,32,1,18536794
359,71,33,1,18532958
360,1,1,1,360
360,2,1,1,720
360,3,2,1,3238
360,4,2,1,5028
360,5,3,1,10786
360,6,3,1,14344
360,7,4,1,25124
360,8,4,1,31496
360,9,5,1,48384
360,10,5,1,57880
360,11,6,1,82642
360,12,6,1,96284
360,13,7,1,130006
360,14,7,1,148080
360,15,8,1,192512
360,16,8,1,216016
360,17,9,1,272244
360,18,9,1,301440
360,19,10,1,371202
360,20,10,1,407060
360,21,11,1,491442
360,22,11,1,534200
360,23,12,1,634924
360,24,12,1,685528
360,25,13,1,803680
360,26,13,1,862344
360,27,14,1,999630
360,28,14,1,1067276
360,29,14,1,1520694
360,30,15,1,1301600
360,31,15,1,1784942
360,32,16,1,1567904
360,33,16,1,2080528
360,34,17,1,1867440
360,35,17,1,2409378
360,36,18,1,2202756
360,37,18,1,2773406
360,38,19,1,2575080
360,39,19,1,3174504
360,40,19,1,3861856
360,41,20,1,3614536
360,42,20,1,4337116
360,43,21,1,4095486
360,44,21,1,4853036
360,45,22,1,4618802
360,46,22,1,5411496
360,47,23,1,5186868
360,48,23,1,6014288
360,49,23,1,6874022
360,50,24,1,6663256
360,51,24,1,7559080
360,52,25,1,7360136
360,53,25,1,8291960
360,54,26,1,8106796
360,55,26,1,9074434
360,56,26,1,10064144
360,57,27,1,9908262
360,58,27,1,10934536
360,59,28,1,10795184
360,60,28,1,11857928
360,61,29,1,11736952
360,62,29,1,12836016
360,63,29,1,13962716
360,64,30,1,13870536
360,65,30,1,15034158
360,66,31,1,14963160
360,67,31,1,16163584
360,68,31,1,17383284
360,69,32,1,17352672
360,70,32,1,18609524
360,71,33,1,18603082
360,72,33,1,19896936
361,1,1,1,361
361,2,1,1,722
361,3,2,1,3247
361,4,2,1,5042
361,5,3,1,10816
361,6,3,1,14384
361,7,4,1,25194
361,8,4,1,31584
361,9,5,1,48519
361,10,5,1,58042
361,11,6,1,82873
361,12,6,1,96554
361,13,7,1,130370
361,14,7,1,148496
361,15,8,1,193052
361,16,8,1,216624
361,17,9,1,273009
361,18,9,1,302290
361,19,10,1,372247
361,20,10,1,408210
361,21,11,1,492828
361,22,11,1,535712
361,23,12,1,636718
361,24,12,1,687472
361,25,13,1,805955
361,26,13,1,864794
361,27,14,1,1002465
361,28,14,1,1070314
361,29,14,1,1526302
361,30,15,1,1305312
361,31,15,1,1791400
361,32,16,1,1572384
361,33,16,1,2087929
361,34,17,1,1872786
361,35,17,1,2417816
361,36,18,1,2209074
361,37,18,1,2782986
361,38,19,1,2582480
361,39,19,1,3185333
361,40,19,1,3876456
361,41,20,1,3626749
361,42,20,1,4353260
361,43,21,1,4109192
361,44,21,1,4870886
361,45,22,1,4634128
361,46,22,1,5431138
361,47,23,1,5203913
361,48,23,1,6035896
361,49,23,1,6900300
361,50,24,1,6686928
361,51,24,1,7587651
361,52,25,1,7386066
361,53,25,1,8322968
361,54,26,1,8135110
361,55,26,1,9108030
361,56,26,1,10103114
361,57,27,1,9944608
361,58,27,1,10976446
361,59,28,1,10834436
361,60,28,1,11902956
361,61,29,1,11779288
361,62,29,1,12884328
361,63,29,1,14017141
361,64,30,1,13922310
361,65,30,1,15092253
361,66,31,1,15018582
361,67,31,1,16225532
361,68,31,1,17451868
361,69,32,1,17418659
361,70,32,1,18682348
361,71,33,1,18673300
361,72,33,1,19974214
362,1,1,1,362
362,2,1,1,724
362,3,2,1,3256
362,4,2,1,5056
362,5,3,1,10846
362,6,3,1,14424
362,7,4,1,25264
362,8,4,1,31672
362,9,5,1,48654
362,10,5,1,58204
362,11,6,1,83104
362,12,6,1,96824
362,13,7,1,130734
362,14,7,1,148912
362,15,8,1,193592
362,16,8,1,217232
362,17,9,1,273774
362,18,9,1,303140
362,19,10,1,373292
362,20,10,1,409360
362,21,11,1,494214
362,22,11,1,537224
362,23,12,1,638512
362,24,12,1,689416
362,25,13,1,808230
362,26,13,1,867244
362,27,14,1,1005300
362,28,14,1,1073352
362,29,14,1,1531938
362,30,15,1,1309024
362,31,15,1,1797858
362,32,16,1,1576864
362,33,16,1,2095362
362,34,17,1,1878132
362,35,17,1,2426254
362,36,18,1,2215392
362,37,18,1,2792602
362,38,19,1,2589880
362,39,19,1,3196162
362,40,19,1,3891056
362,41,20,1,3639002
362,42,20,1,4369444
362,43,21,1,4122898
362,44,21,1,4888736
362,45,22,1,4649498
362,46,22,1,5450824
362,47,23,1,5220958
362,48,23,1,6057504
362,49,23,1,6926610
362,50,24,1,6710648
362,51,24,1,7616270
362,52,25,1,7411996
362,53,25,1,8354010
362,54,26,1,8163476
362,55,26,1,9141680
362,56,26,1,10142140
362,57,27,1,9980986
362,58,27,1,11018420
362,59,28,1,10873752
362,60,28,1,11948040
362,61,29,1,11821646
362,62,29,1,12932700
362,63,29,1,14071642
362,64,30,1,13974144
362,65,30,1,15150436
362,66,31,1,15074056
362,67,31,1,16287554
362,68,31,1,17520536
362,69,32,1,17484736
362,70,32,1,18755280
362,71,33,1,18743602
362,72,33,1,20051584
363,1,1,1,363
363,2,1,1,726
363,3,2,1,3265
363,4,2,1,5070
363,5,3,1,10876
363,6,3,1,14464
363,7,4,1,25334
363,8,4,1,31760
363,9,5,1,48789
363,10,5,1,58366
363,11,6,1,83335
363,12,6,1,97094
363,13,7,1,131098
363,14,7,1,149328
363,15,8,1,194132
363,16,8,1,217840
363,17,9,1,274539
363,18,9,1,303990
363,19,10,1,374337
363,20,10,1,410510
363,21,11,1,495600
363,22,11,1,538736
363,23,12,1,640306
363,24,12,1,691360
363,25,13,1,810505
363,26,13,1,869694
363,27,14,1,1008135
363,28,14,1,1076390
363,29,14,1,1537546
363,30,15,1,1312736
363,31,15,1,1804346
363,32,16,1,1581344
363,33,16,1,2102763
363,34,17,1,1883478
363,35,17,1,2434729
363,36,18,1,2221710
363,37,18,1,2802182
363,38,19,1,2597280
363,39,19,1,3207041
363,40,19,1,3905698
363,41,20,1,3651215
363,42,20,1,4385632
363,43,21,1,4136619
363,44,21,1,4906632
363,45,22,1,4664824
363,46,22,1,5470514
363,47,23,1,5238085
363,48,23,1,6079172
363,49,23,1,6952968
363,50,24,1,6734388
363,51,24,1,7644906
363,52,25,1,7438002
363,53,25,1,8385103
363,54,26,1,8191818
363,55,26,1,9175349
363,56,26,1,10181226
363,57,27,1,10017420
363,58,27,1,11060450
363,59,28,1,10913089
363,60,28,1,11993184
363,61,29,1,11864091
363,62,29,1,12981132
363,63,29,1,14126225
363,64,30,1,14026042
363,65,30,1,15208682
363,66,31,1,15129606
363,67,31,1,16349670
363,68,31,1,17589314
363,69,32,1,17550882
363,70,32,1,18828304
363,71,33,1,18813997
363,72,33,1,20129068
364,1,1,1,364
364,2,1,1,728
364,3,2,1,3274
364,4,2,1,5084
364,5,3,1,10906
364,6,3,1,14504
364,7,4,1,25404
364,8,4,1,31848
364,9,5,1,48924
364,10,5,1,58528
364,11,6,1,83566
364,12,6,1,97364
364,13,7,1,131462
364,14,7,1,149744
364,15,8,1,194672
364,16,8,1,218448
364,17,9,1,275304
364,18,9,1,304840
364,19,10,1,375382
364,20,10,1,411660
364,21,11,1,496986
364,22,11,1,540248
364,23,12,1,642100
364,24,12,1,693304
364,25,13,1,812780
364,26,13,1,872144
364,27,14,1,1010970
364,28,14,1,1079428
364,29,14,1,1543154
364,30,15,1,1316448
364,31,15,1,1810806
364,32,16,1,1585824
364,33,16,1,2110164
364,34,17,1,1888824
364,35,17,1,2443172
364,36,18,1,2228028
364,37,18,1,2811762
364,38,19,1,2604680
364,39,19,1,3217884
364,40,19,1,3920340
364,41,20,1,3663428
364,42,20,1,4401860
364,43,21,1,4150300
364,44,21,1,4924528
364,45,22,1,4680150
364,46,22,1,5490248
364,47,23,1,5255168
364,48,23,1,6100840
364,49,23,1,6979342
364,50,24,1,6758176
364,51,24,1,7673576
364,52,25,1,7464008
364,53,25,1,8416214
364,54,26,1,8220212
364,55,26,1,9209054
364,56,26,1,10220368
364,57,27,1,10053878
364,58,27,1,11102544
364,59,28,1,10952468
364,60,28,1,12038388
364,61,29,1,11906542
364,62,29,1,13029624
364,63,29,1,14180878
364,64,30,1,14078000
364,65,30,1,15267002
364,66,31,1,15185208
364,67,31,1,16411848
364,68,31,1,17658176
364,69,32,1,17617108
364,70,32,1,18901436
364,71,33,1,18884464
364,72,33,1,20206644
365,1,1,1,365
365,2,1,1,730
365,3,2,1,3283
365,4,2,1,5098
365,5,3,1,10936
365,6,3,1,14544
365,7,4,1,25474
365,8,4,1,31936
365,9,5,1,49059
365,10,5,1,58690
365,11,6,1,83797
365,12,6,1,97634
365,13,7,1,131826
365,14,7,1,150160
365,15,8,1,195212
365,16,8,1,219056
365,17,9,1,276069
365,18,9,1,305690
365,19,10,1,376427
365,20,10,1,412810
365,21,11,1,498372
365,22,11,1,541760
365,23,12,1,643894
365,24,12,1,695248
365,25,13,1,815055
365,26,13,1,874594
365,27,14,1,1013805
365,28,14,1,1082466
365,29,14,1,1548791
365,30,15,1,1320160
365,31,15,1,1817295
365,32,16,1,1590304
365,33,16,1,2117597
365,34,17,1,1894170
365,35,17,1,2451648
365,36,18,1,2234346
365,37,18,1,2821385
365,38,19,1,2612080
365,39,19,1,3228764
365,40,19,1,3935022
365,41,20,1,3675665
365,42,20,1,4418090
365,43,21,1,4164022
365,44,21,1,4942468
365,45,22,1,4695521
365,46,22,1,5509984
365,47,23,1,5272296
365,48,23,1,6122544
365,49,23,1,7005762
365,50,24,1,6781946
365,51,24,1,7702294
365,52,25,1,7490040
365,53,25,1,8447377
365,54,26,1,8248604
365,55,26,1,9242812
365,56,26,1,10259570
365,57,27,1,10090390
365,58,27,1,11144694
365,59,28,1,10991891
365,60,28,1,12083656
365,61,29,1,11949051
365,62,29,1,13078176
365,63,29,1,14235619
365,64,30,1,14130022
365,65,30,1,15325412
365,66,31,1,15240874
365,67,31,1,16474118
365,68,31,1,17727150
365,69,32,1,17683426
365,70,32,1,18974662
365,71,33,1,18955025
365,72,33,1,20284336
365,73,33,1,21640103
366,1,1,1,366
366,2,1,1,732
366,3,2,1,3292
366,4,2,1,5112
366,5,3,1,10966
366,6,3,1,14584
366,7,4,1,25544
366,8,4,1,32024
366,9,5,1,49194
366,10,5,1,58852
366,11,6,1,84028
366,12,6,1,97904
366,13,7,1,132190
366,14,7,1,150576
366,15,8,1,195752
366,16,8,1,219664
366,17,9,1,276834
366,18,9,1,306540
366,19,10,1,377472
366,20,10,1,413960
366,21,11,1,499758
366,22,11,1,543272
366,23,12,1,645688
366,24,12,1,697192
366,25,13,1,817330
366,26,13,1,877044
366,27,14,1,1016640
366,28,14,1,1085504
366,29,14,1,1554456
366,30,15,1,1323872
366,31,15,1,1823784
366,32,16,1,1594784
366,33,16,1,2125062
366,34,17,1,1899516
366,35,17,1,2460124
366,36,18,1,2240664
366,37,18,1,2831044
366,38,19,1,2619480
366,39,19,1,3239644
366,40,19,1,3949704
366,41,20,1,3687942
366,42,20,1,4434360
366,43,21,1,4177744
366,44,21,1,4960408
366,45,22,1,4710936
366,46,22,1,5529764
366,47,23,1,5289424
366,48,23,1,6144248
366,49,23,1,7032216
366,50,24,1,6805764
366,51,24,1,7731062
366,52,25,1,7516072
366,53,25,1,8478572
366,54,26,1,8277048
366,55,26,1,9276622
366,56,26,1,10298828
366,57,27,1,10126936
366,58,27,1,11186908
366,59,28,1,11031372
366,60,28,1,12128984
366,61,29,1,11991616
366,62,29,1,13126792
366,63,29,1,14290440
366,64,30,1,14182104
366,65,30,1,15383914
366,66,31,1,15296616
366,67,31,1,16536464
366,68,31,1,17796208
366,69,32,1,17749836
366,70,32,1,19047996
366,71,33,1,19025668
366,72,33,1,20362120
366,73,33,1,21725168
367,1,1,1,367
367,2,1,1,734
367,3,2,1,3301
367,4,2,1,5126
367,5,3,1,10996
367,6,3,1,14624
367,7,4,1,25614
367,8,4,1,32112
367,9,5,1,49329
367,10,5,1,59014
367,11,6,1,84259
367,12,6,1,98174
367,13,7,1,132554
367,14,7,1,150992
367,15,8,1,196292
367,16,8,1,220272
367,17,9,1,277599
367,18,9,1,307390
367,19,10,1,378517
367,20,10,1,415110
367,21,11,1,501144
367,22,11,1,544784
367,23,12,1,647482
367,24,12,1,699136
367,25,13,1,819605
367,26,13,1,879494
367,27,14,1,1019475
367,28,14,1,1088542
367,29,14,1,1560093
367,30,15,1,1327584
367,31,15,1,1830302
367,32,16,1,1599264
367,33,16,1,2132495
367,34,17,1,1904862
367,35,17,1,2468632
367,36,18,1,2246982
367,37,18,1,2840667
367,38,19,1,2626880
367,39,19,1,3250551
367,40,19,1,3964424
367,41,20,1,3700179
367,42,20,1,4450634
367,43,21,1,4191510
367,44,21,1,4978394
367,45,22,1,4726307
367,46,22,1,5549548
367,47,23,1,5306563
367,48,23,1,6166014
367,49,23,1,7058715
367,50,24,1,6829606
367,51,24,1,7759847
367,52,25,1,7542156
367,53,25,1,8509821
367,54,26,1,8305532
367,55,26,1,9310451
367,56,26,1,10338146
367,57,27,1,10163541
367,58,27,1,11229178
367,59,28,1,11070871
367,60,28,1,12174376
367,61,29,1,12034223
367,62,29,1,13175472
367,63,29,1,14345352
367,64,30,1,14234250
367,65,30,1,15442485
367,66,31,1,15352410
367,67,31,1,16598902
367,68,31,1,17865376
367,69,32,1,17816315
367,70,32,1,19121422
367,71,33,1,19096407
367,72,33,1,20440018
367,73,33,1,21810359
368,1,1,1,368
368,2,1,1,736
368,3,2,1,3310
368,4,2,1,5140
368,5,3,1,11026
368,6,3,1,14664
368,7,4,1,25684
368,8,4,1,32200
368,9,5,1,49464
368,10,5,1,59176
368,11,6,1,84490
368,12,6,1,98444
368,13,7,1,132918
368,14,7,1,151408
368,15,8,1,196832
368,16,8,1,220880
368,17,9,1,278364
368,18,9,1,308240
368,19,10,1,379562
368,20,10,1,416260
368,21,11,1,502530
368,22,11,1,546296
368,23,12,1,649276
368,24,12,1,701080
368,25,13,1,821880
368,26,13,1,881944
368,27,14,1,1022310
368,28,14,1,1091580
368,29,14,1,1565730
368,30,15,1,1331296
368,31,15,1,1836792
368,32,16,1,1603744
368,33,16,1,2139928
368,34,17,1,1910208
368,35,17,1,2477108
368,36,18,1,2253300
368,37,18,1,2850290
368,38,19,1,2634280
368,39,19,1,3261422
368,40,19,1,3979144
368,41,20,1,3712416
368,42,20,1,4466948
368,43,21,1,4205236
368,44,21,1,4996380
368,45,22,1,4741678
368,46,22,1,5569376
368,47,23,1,5323658
368,48,23,1,6187780
368,49,23,1,7085234
368,50,24,1,6853496
368,51,24,1,7788664
368,52,25,1,7568240
368,53,25,1,8541086
368,54,26,1,8334068
368,55,26,1,9344318
368,56,26,1,10377520
368,57,27,1,10200164
368,58,27,1,11271512
368,59,28,1,11110412
368,60,28,1,12219828
368,61,29,1,12076862
368,62,29,1,13224216
368,63,29,1,14400332
368,64,30,1,14286460
368,65,30,1,15501138
368,66,31,1,15408284
368,67,31,1,16661410
368,68,31,1,17934628
368,69,32,1,17882872
368,70,32,1,19194956
368,71,33,1,19167216
368,72,33,1,20518008
368,73,34,1,20516134
369,1,1,1,369
369,2,1,1,738
369,3,2,1,3319
369,4,2,1,5154
369,5,3,1,11056
369,6,3,1,14704
369,7,4,1,25754
369,8,4,1,32288
369,9,5,1,49599
369,10,5,1,59338
369,11,6,1,84721
369,12,6,1,98714
369,13,7,1,133282
369,14,7,1,151824
369,15,8,1,197372
369,16,8,1,221488
369,17,9,1,279129
369,18,9,1,309090
369,19,10,1,380607
369,20,10,1,417410
369,21,11,1,503916
369,22,11,1,547808
369,23,12,1,651070
369,24,12,1,703024
369,25,13,1,824155
369,26,13,1,884394
369,27,14,1,1025145
369,28,14,1,1094618
369,29,14,1,1571395
369,30,15,1,1335008
369,31,15,1,1843311
369,32,16,1,1608224
369,33,16,1,2147394
369,34,17,1,1915554
369,35,17,1,2485617
369,36,18,1,2259618
369,37,18,1,2859945
369,38,19,1,2641680
369,39,19,1,3272330
369,40,19,1,3993904
369,41,20,1,3724710
369,42,20,1,4483264
369,43,21,1,4219003
369,44,21,1,5014410
369,45,22,1,4757094
369,46,22,1,5589206
369,47,23,1,5340798
369,48,23,1,6209582
369,49,23,1,7111801
369,50,24,1,6877364
369,51,24,1,7817532
369,52,25,1,7594402
369,53,25,1,8572403
369,54,26,1,8362570
369,55,26,1,9378235
369,56,26,1,10416946
369,57,27,1,10236840
369,58,27,1,11313902
369,59,28,1,11150018
369,60,28,1,12265344
369,61,29,1,12119559
369,62,29,1,13273024
369,63,29,1,14455400
369,64,30,1,14338738
369,65,30,1,15559884
369,66,31,1,15464206
369,67,31,1,16724016
369,68,31,1,18003992
369,69,32,1,17949525
369,70,32,1,19268584
369,71,33,1,19238119
369,72,33,1,20596114
369,73,34,1,20591486
370,1,1,1,370
370,2,1,1,740
370,3,2,1,3328
370,4,2,1,5168
370,5,3,1,11086
370,6,3,1,14744
370,7,4,1,25824
370,8,4,1,32376
370,9,5,1,49734
370,10,5,1,59500
370,11,6,1,84952
370,12,6,1,98984
370,13,7,1,133646
370,14,7,1,152240
370,15,8,1,197912
370,16,8,1,222096
370,17,9,1,279894
370,18,9,1,309940
370,19,10,1,381652
370,20,10,1,418560
370,21,11,1,505302
370,22,11,1,549320
370,23,12,1,652864
370,24,12,1,704968
370,25,13,1,826430
370,26,13,1,886844
370,27,14,1,1027980
370,28,14,1,1097656
370,29,14,1,1577088
370,30,15,1,1338720
370,31,15,1,1849830
370,32,16,1,1612704
370,33,16,1,2154892
370,34,17,1,1920900
370,35,17,1,2494126
370,36,18,1,2265936
370,37,18,1,2869636
370,38,19,1,2649080
370,39,19,1,3283238
370,40,19,1,4008664
370,41,20,1,3737044
370,42,20,1,4499620
370,43,21,1,4232770
370,44,21,1,5032440
370,45,22,1,4772554
370,46,22,1,5609080
370,47,23,1,5357938
370,48,23,1,6231384
370,49,23,1,7138402
370,50,24,1,6901280
370,51,24,1,7846450
370,52,25,1,7620564
370,53,25,1,8603754
370,54,26,1,8391124
370,55,26,1,9412206
370,56,26,1,10456428
370,57,27,1,10273554
370,58,27,1,11356356
370,59,28,1,11189676
370,60,28,1,12310920
370,61,29,1,12162286
370,62,29,1,13321896
370,63,29,1,14510550
370,64,30,1,14391080
370,65,30,1,15618724
370,66,31,1,15520196
370,67,31,1,16786702
370,68,31,1,18073440
370,69,32,1,18016274
370,70,32,1,19342320
370,71,33,1,19309106
370,72,33,1,20674312
370,73,34,1,20666942
370,74,34,1,22071144
371,1,1,1,371
371,2,1,1,742
371,3,2,1,3337
371,4,2,1,5182
371,5,3,1,11116
371,6,3,1,14784
371,7,4,1,25894
371,8,4,1,32464
371,9,5,1,49869
371,10,5,1,59662
371,11,6,1,85183
371,12,6,1,99254
371,13,7,1,134010
371,14,7,1,152656
371,15,8,1,198452
371,16,8,1,222704
371,17,9,1,280659
371,18,9,1,310790
371,19,10,1,382697
371,20,10,1,419710
371,21,11,1,506688
371,22,11,1,550832
371,23,12,1,654658
371,24,12,1,706912
371,25,13,1,828705
371,26,13,1,889294
371,27,14,1,1030815
371,28,14,1,1100694
371,29,14,1,1582753
371,30,15,1,1342432
371,31,15,1,1856379
371,32,16,1,1617184
371,33,16,1,2162358
371,34,17,1,1926246
371,35,17,1,2502670
371,36,18,1,2272254
371,37,18,1,2879291
371,38,19,1,2656480
371,39,19,1,3294194
371,40,19,1,4023462
371,41,20,1,3749338
371,42,20,1,4515976
371,43,21,1,4246614
371,44,21,1,5050516
371,45,22,1,4787970
371,46,22,1,5628958
371,47,23,1,5375159
371,48,23,1,6253248
371,49,23,1,7165054
371,50,24,1,6925224
371,51,24,1,7875387
371,52,25,1,7646750
371,53,25,1,8635156
371,54,26,1,8419718
371,55,26,1,9446196
371,56,26,1,10495962
371,57,27,1,10310324
371,58,27,1,11398866
371,59,28,1,11229351
371,60,28,1,12356560
371,61,29,1,12205088
371,62,29,1,13370832
371,63,29,1,14565786
371,64,30,1,14443490
371,65,30,1,15677633
371,66,31,1,15576266
371,67,32,1,15490263
371,68,31,1,18143000
371,69,32,1,18083098
371,70,32,1,19416148
371,71,33,1,19380187
371,72,33,1,20752624
371,73,34,1,20742463
371,74,34,1,22154118
372,1,1,1,372
372,2,1,1,744
372,3,2,1,3346
372,4,2,1,5196
372,5,3,1,11146
372,6,3,1,14824
372,7,4,1,25964
372,8,4,1,32552
372,9,5,1,50004
372,10,5,1,59824
372,11,6,1,85414
372,12,6,1,99524
372,13,7,1,134374
372,14,7,1,153072
372,15,8,1,198992
372,16,8,1,223312
372,17,9,1,281424
372,18,9,1,311640
372,19,10,1,383742
372,20,10,1,420860
372,21,11,1,508074
372,22,11,1,552344
372,23,12,1,656452
372,24,12,1,708856
372,25,13,1,830980
372,26,13,1,891744
372,27,14,1,1033650
372,28,14,1,1103732
372,29,14,1,1588418
372,30,15,1,1346144
372,31,15,1,1862900
372,32,16,1,1621664
372,33,16,1,2169824
372,34,17,1,1931592
372,35,17,1,2511182
372,36,18,1,2278572
372,37,18,1,2888946
372,38,19,1,2663880
372,39,19,1,3305114
372,40,19,1,4038260
372,41,20,1,3761632
372,42,20,1,4532372
372,43,21,1,4260418
372,44,21,1,5068592
372,45,22,1,4803386
372,46,22,1,5648880
372,47,23,1,5392336
372,48,23,1,6275112
372,49,23,1,7191724
372,50,24,1,6949216
372,51,24,1,7904360
372,52,25,1,7672936
372,53,25,1,8666578
372,54,26,1,8448364
372,55,26,1,9480222
372,56,26,1,10535552
372,57,27,1,10347114
372,58,27,1,11441432
372,59,28,1,11269072
372,60,28,1,12402260
372,61,29,1,12247900
372,62,29,1,13419832
372,63,29,1,14621084
372,64,30,1,14495964
372,65,30,1,15736622
372,66,31,1,15632392
372,67,31,1,16912344
372,68,31,1,18212652
372,69,32,1,18150008
372,70,32,1,19490084
372,71,33,1,19451346
372,72,33,1,20831028
372,73,34,1,20818078
372,74,34,1,22237212
373,1,1,1,373
373,2,1,1,746
373,3,2,1,3355
373,4,2,1,5210
373,5,3,1,11176
373,6,3,1,14864
373,7,4,1,26034
373,8,4,1,32640
373,9,5,1,50139
373,10,5,1,59986
373,11,6,1,85645
373,12,6,1,99794
373,13,7,1,134738
373,14,7,1,153488
373,15,8,1,199532
373,16,8,1,223920
373,17,9,1,282189
373,18,9,1,312490
373,19,10,1,384787
373,20,10,1,422010
373,21,11,1,509460
373,22,11,1,553856
373,23,12,1,658246
373,24,12,1,710800
373,25,13,1,833255
373,26,13,1,894194
373,27,14,1,1036485
373,28,14,1,1106770
373,29,14,1,1594112
373,30,15,1,1349856
373,31,15,1,1869450
373,32,16,1,1626144
373,33,16,1,2177322
373,34,17,1,1936938
373,35,17,1,2519727
373,36,18,1,2284890
373,37,18,1,2898642
373,38,19,1,2671280
373,39,19,1,3316071
373,40,19,1,4053098
373,41,20,1,3773967
373,42,20,1,4548770
373,43,21,1,4274263
373,44,21,1,5086712
373,45,22,1,4818818
373,46,22,1,5668804
373,47,23,1,5409558
373,48,23,1,6297012
373,49,23,1,7218442
373,50,24,1,6973186
373,51,24,1,7933384
373,52,25,1,7699204
373,53,25,1,8698054
373,54,26,1,8476972
373,55,26,1,9514301
373,56,26,1,10575194
373,57,27,1,10383958
373,58,27,1,11484054
373,59,28,1,11308843
373,60,28,1,12448024
373,61,29,1,12290765
373,62,29,1,13468896
373,63,29,1,14676464
373,64,30,1,14548506
373,65,30,1,15795707
373,66,31,1,15688598
373,67,32,1,15596673
373,68,32,1,16890960
373,69,32,1,18217017
373,70,32,1,19564116
373,71,33,1,19522605
373,72,33,1,20909548
373,73,34,1,20893786
373,74,34,1,22320400
374,1,1,1,374
374,2,1,1,748
374,3,2,1,3364
374,4,2,1,5224
374,5,3,1,11206
374,6,3,1,14904
374,7,4,1,26104
374,8,4,1,32728
374,9,5,1,50274
374,10,5,1,60148
374,11,6,1,85876
374,12,6,1,100064
374,13,7,1,135102
374,14,7,1,153904
374,15,8,1,200072
374,16,8,1,224528
374,17,9,1,282954
374,18,9,1,313340
374,19,10,1,385832
374,20,10,1,423160
374,21,11,1,510846
374,22,11,1,555368
374,23,12,1,660040
374,24,12,1,712744
374,25,13,1,835530
374,26,13,1,896644
374,27,14,1,1039320
374,28,14,1,1109808
374,29,14,1,1599834
374,30,15,1,1353568
374,31,15,1,1876000
374,32,16,1,1630624
374,33,16,1,2184852
374,34,17,1,1942284
374,35,17,1,2528272
374,36,18,1,2291208
374,37,18,1,2908374
374,38,19,1,2678680
374,39,19,1,3327028
374,40,19,1,4067936
374,41,20,1,3786342
374,42,20,1,4565208
374,43,21,1,4288108
374,44,21,1,5104832
374,45,22,1,4834294
374,46,22,1,5688772
374,47,23,1,5426780
374,48,23,1,6318912
374,49,23,1,7245196
374,50,24,1,6997204
374,51,24,1,7962460
374,52,25,1,7725472
374,53,25,1,8729564
374,54,26,1,8505624
374,55,26,1,9548434
374,56,26,1,10614892
374,57,27,1,10420840
374,58,27,1,11526732
374,59,28,1,11348676
374,60,28,1,12493848
374,61,29,1,12333672
374,62,29,1,13518024
374,63,29,1,14731920
374,64,30,1,14601112
374,65,30,1,15854880
374,66,31,1,15744860
374,67,31,1,17038332
374,68,32,1,16951096
374,69,32,1,18284124
374,70,32,1,19638264
374,71,33,1,19593952
374,72,33,1,20988160
374,73,34,1,20969602
374,74,34,1,22403708
375,1,1,1,375
375,2,1,1,750
375,3,2,1,3373
375,4,2,1,5238
375,5,3,1,11236
375,6,3,1,14944
375,7,4,1,26174
375,8,4,1,32816
375,9,5,1,50409
375,10,5,1,60310
375,11,6,1,86107
375,12,6,1,100334
375,13,7,1,135466
375,14,7,1,154320
375,15,8,1,200612
375,16,8,1,225136
375,17,9,1,283719
375,18,9,1,314190
375,19,10,1,386877
375,20,10,1,424310
375,21,11,1,512232
375,22,11,1,556880
375,23,12,1,661834
375,24,12,1,714688
375,25,13,1,837805
375,26,13,1,899094
375,27,14,1,1042155
375,28,14,1,1112846
375,29,14,1,1605528
375,30,15,1,1357280
375,31,15,1,1882579
375,32,16,1,1635104
375,33,16,1,2192350
375,34,17,1,1947630
375,35,17,1,2536849
375,36,18,1,2297526
375,37,18,1,2918070
375,38,19,1,2686080
375,39,19,1,3338014
375,40,19,1,4082812
375,41,20,1,3798677
375,42,20,1,4581646
375,43,21,1,4301963
375,44,21,1,5122994
375,45,22,1,4849726
375,46,22,1,5708744
375,47,23,1,5444059
375,48,23,1,6340864
375,49,23,1,7271998
375,50,24,1,7021250
375,51,24,1,7991555
375,52,25,1,7751762
375,53,25,1,8761131
375,54,26,1,8534324
375,55,26,1,9582588
375,56,26,1,10654642
375,57,27,1,10457775
375,58,27,1,11569466
375,59,28,1,11388526
375,60,28,1,12539728
375,61,29,1,12376654
375,62,29,1,13567216
375,63,29,1,14787457
375,64,30,1,14653786
375,65,30,1,15914116
375,66,31,1,15801202
375,67,32,1,15703318
375,68,32,1,17011264
375,69,32,1,18351306
375,70,32,1,19712514
375,71,33,1,19665402
375,72,33,1,21066888
375,73,34,1,21045495
375,74,34,1,22487108
375,75,34,1,23957111
376,1,1,1,376
376,2,1,1,752
376,3,2,1,3382
376,4,2,1,5252
376,5,3,1,11266
376,6,3,1,14984
376,7,4,1,26244
376,8,4,1,32904
376,9,5,1,50544
376,10,5,1,60472
376,11,6,1,86338
376,12,6,1,100604
376,13,7,1,135830
376,14,7,1,154736
376,15,8,1,201152
376,16,8,1,225744
376,17,9,1,284484
376,18,9,1,315040
376,19,10,1,387922
376,20,10,1,425460
376,21,11,1,513618
376,22,11,1,558392
376,23,12,1,663628
376,24,12,1,716632
376,25,13,1,840080
376,26,13,1,901544
376,27,14,1,1044990
376,28,14,1,1115884
376,29,14,1,1611222
376,30,15,1,1360992
376,31,15,1,1889130
376,32,16,1,1639584
376,33,16,1,2199848
376,34,17,1,1952976
376,35,17,1,2545394
376,36,18,1,2303844
376,37,18,1,2927766
376,38,19,1,2693480
376,39,19,1,3348964
376,40,19,1,4097688
376,41,20,1,3811012
376,42,20,1,4598124
376,43,21,1,4315778
376,44,21,1,5141156
376,45,22,1,4865158
376,46,22,1,5728760
376,47,23,1,5461294
376,48,23,1,6362816
376,49,23,1,7298820
376,50,24,1,7045344
376,51,24,1,8020684
376,52,25,1,7778052
376,53,25,1,8792716
376,54,26,1,8563080
376,55,26,1,9616782
376,56,26,1,10694448
376,57,27,1,10494734
376,58,27,1,11612256
376,59,28,1,11428412
376,60,28,1,12585668
376,61,29,1,12419646
376,62,29,1,13616472
376,63,29,1,14843058
376,64,30,1,14706524
376,65,30,1,15973426
376,66,31,1,15857600
376,67,31,1,17164668
376,68,32,1,17071540
376,69,32,1,18418572
376,70,32,1,19786880
376,71,33,1,19736928
376,72,33,1,21145716
376,73,34,1,21121474
376,74,34,1,22570628
376,75,34,1,24048302
377,1,1,1,377
377,2,1,1,754
377,3,2,1,3391
377,4,2,1,5266
377,5,3,1,11296
377,6,3,1,15024
377,7,4,1,26314
377,8,4,1,32992
377,9,5,1,50679
377,10,5,1,60634
377,11,6,1,86569
377,12,6,1,100874
377,13,7,1,136194
377,14,7,1,155152
377,15,8,1,201692
377,16,8,1,226352
377,17,9,1,285249
377,18,9,1,315890
377,19,10,1,388967
377,20,10,1,426610
377,21,11,1,515004
377,22,11,1,559904
377,23,12,1,665422
377,24,12,1,718576
377,25,13,1,842355
377,26,13,1,903994
377,27,14,1,1047825
377,28,14,1,1118922
377,29,14,1,1616944
377,30,15,1,1364704
377,31,15,1,1895710
377,32,16,1,1644064
377,33,16,1,2207379
377,34,17,1,1958322
377,35,17,1,2553972
377,36,18,1,2310162
377,37,18,1,2937496
377,38,19,1,2700880
377,39,19,1,3359951
377,40,19,1,4112604
377,41,20,1,3823372
377,42,20,1,4614604
377,43,21,1,4329634
377,44,21,1,5159362
377,45,22,1,4880638
377,46,22,1,5748778
377,47,23,1,5478574
377,48,23,1,6384824
377,49,23,1,7325690
377,50,24,1,7069416
377,51,24,1,8049867
377,52,25,1,7804426
377,53,25,1,8824355
377,54,26,1,8591794
377,55,26,1,9651029
377,56,26,1,10734306
377,57,27,1,10531749
377,58,27,1,11655102
377,59,28,1,11468369
377,60,28,1,12631664
377,61,29,1,12462698
377,62,29,1,13665792
377,63,29,1,14898741
377,64,30,1,14759330
377,65,30,1,16032825
377,66,31,1,15914078
377,67,32,1,15810091
377,68,32,1,17131848
377,69,32,1,18485940
377,70,32,1,19861350
377,71,33,1,19808554
377,72,33,1,21224670
377,73,34,1,21197566
377,74,34,1,22654244
377,75,34,1,24139621
378,1,1,1,378
378,2,1,1,756
378,3,2,1,3400
378,4,2,1,5280
378,5,3,1,11326
378,6,3,1,15064
378,7,4,1,26384
378,8,4,1,33080
378,9,5,1,50814
378,10,5,1,60796
378,11,6,1,86800
378,12,6,1,101144
378,13,7,1,136558
378,14,7,1,155568
378,15,8,1,202232
378,16,8,1,226960
378,17,9,1,286014
378,18,9,1,316740
378,19,10,1,390012
378,20,10,1,427760
378,21,11,1,516390
378,22,11,1,561416
378,23,12,1,667216
378,24,12,1,720520
378,25,13,1,844630
378,26,13,1,906444
378,27,14,1,1050660
378,28,14,1,1121960
378,29,14,1,1622694
378,30,15,1,1368416
378,31,15,1,1902290
378,32,16,1,1648544
378,33,16,1,2214942
378,34,17,1,1963668
378,35,17,1,2562550
378,36,18,1,2316480
378,37,18,1,2947262
378,38,19,1,2708280
378,39,19,1,3370938
378,40,19,1,4127520
378,41,20,1,3835772
378,42,20,1,4631124
378,43,21,1,4343490
378,44,21,1,5177568
378,45,22,1,4896162
378,46,22,1,5768840
378,47,23,1,5495854
378,48,23,1,6406832
378,49,23,1,7352594
378,50,24,1,7093536
378,51,24,1,8079100
378,52,25,1,7830800
378,53,25,1,8856030
378,54,26,1,8620560
378,55,26,1,9685332
378,56,27,1,9464696
378,57,27,1,10568802
378,58,27,1,11698004
378,59,28,1,11508374
378,60,28,1,12677720
378,61,29,1,12505806
378,62,29,1,13715168
378,63,29,1,14954498
378,64,30,1,14812200
378,65,30,1,16092310
378,66,31,1,15970612
378,67,31,1,17291334
378,68,32,1,17192264
378,69,32,1,18553404
378,70,32,1,19935936
378,71,33,1,19880270
378,72,33,1,21303724
378,73,34,1,21273756
378,74,34,1,22737988
378,75,34,1,24231074
379,1,1,1,379
379,2,1,1,758
379,3,2,1,3409
379,4,2,1,5294
379,5,3,1,11356
379,6,3,1,15104
379,7,4,1,26454
379,8,4,1,33168
379,9,5,1,50949
379,10,5,1,60958
379,11,6,1,87031
379,12,6,1,101414
379,13,7,1,136922
379,14,7,1,155984
379,15,8,1,202772
379,16,8,1,227568
379,17,9,1,286779
379,18,9,1,317590
379,19,10,1,391057
379,20,10,1,428910
379,21,11,1,517776
379,22,11,1,562928
379,23,12,1,669010
379,24,12,1,722464
379,25,13,1,846905
379,26,13,1,908894
379,27,14,1,1053495
379,28,14,1,1124998
379,29,14,1,1628416
379,30,15,1,1372128
379,31,15,1,1908900
379,32,16,1,1653024
379,33,16,1,2222473
379,34,17,1,1969014
379,35,17,1,2571163
379,36,18,1,2322798
379,37,18,1,2956992
379,38,19,1,2715680
379,39,19,1,3381971
379,40,19,1,4142474
379,41,20,1,3848132
379,42,20,1,4647644
379,43,21,1,4357386
379,44,21,1,5195816
379,45,22,1,4911642
379,46,22,1,5788902
379,47,23,1,5513134
379,48,23,1,6428882
379,49,23,1,7379543
379,50,24,1,7117680
379,51,24,1,8108352
379,52,25,1,7857196
379,53,25,1,8887759
379,54,26,1,8649370
379,55,26,1,9719656
379,56,27,1,9496050
379,57,27,1,10605914
379,58,27,1,11740962
379,59,28,1,11548398
379,60,28,1,12723832
379,61,29,1,12548950
379,62,29,1,13764608
379,63,29,1,15010339
379,64,30,1,14865138
379,65,30,1,16151858
379,66,31,1,16027226
379,67,31,1,17354796
379,68,32,1,17252712
379,69,32,1,18620943
379,70,32,1,20010624
379,71,33,1,19952086
379,72,33,1,21382902
379,73,34,1,21350023
379,74,34,1,22821834
379,75,34,1,24322639
380,1,1,1,380
380,2,1,1,760
380,3,2,1,3418
380,4,2,1,5308
380,5,3,1,11386
380,6,3,1,15144
380,7,4,1,26524
380,8,4,1,33256
380,9,5,1,51084
380,10,5,1,61120
380,11,6,1,87262
380,12,6,1,101684
380,13,7,1,137286
380,14,7,1,156400
380,15,8,1,203312
380,16,8,1,228176
380,17,9,1,287544
380,18,9,1,318440
380,19,10,1,392102
380,20,10,1,430060
380,21,11,1,519162
380,22,11,1,564440
380,23,12,1,670804
380,24,12,1,724408
380,25,13,1,849180
380,26,13,1,911344
380,27,14,1,1056330
380,28,14,1,1128036
380,29,14,1,1634138
380,30,15,1,1375840
380,31,15,1,1915482
380,32,16,1,1657504
380,33,16,1,2230004
380,34,17,1,1974360
380,35,17,1,2579744
380,36,18,1,2329116
380,37,18,1,2966722
380,38,19,1,2723080
380,39,19,1,3392968
380,40,19,1,4157428
380,41,20,1,3860492
380,42,20,1,4664204
380,43,21,1,4371242
380,44,21,1,5214064
380,45,22,1,4927122
380,46,22,1,5809008
380,47,23,1,5530370
380,48,23,1,6450932
380,49,23,1,7406510
380,50,24,1,7141872
380,51,24,1,8137640
380,52,25,1,7883592
380,53,25,1,8919508
380,54,26,1,8678232
380,55,26,1,9754018
380,56,27,1,9527404
380,57,27,1,10643048
380,58,27,1,11783976
380,59,28,1,11588476
380,60,28,1,12770004
380,61,29,1,12592134
380,62,29,1,13814104
380,63,29,1,15066242
380,64,30,1,14918140
380,65,30,1,16211482
380,66,31,1,16083896
380,67,31,1,17418322
380,68,32,1,17313268
380,69,32,1,18688560
380,70,32,1,20085428
380,71,33,1,20023980
380,72,33,1,21462180
380,73,34,1,21426390
380,74,34,1,22905808
380,75,34,1,24414330
380,76,35,1,24418036
381,1,1,1,381
381,2,1,1,762
381,3,2,1,3427
381,4,2,1,5322
381,5,3,1,11416
381,6,3,1,15184
381,7,4,1,26594
381,8,4,1,33344
381,9,5,1,51219
381,10,5,1,61282
381,11,6,1,87493
381,12,6,1,101954
381,13,7,1,137650
381,14,7,1,156816
381,15,8,1,203852
381,16,8,1,228784
381,17,9,1,288309
381,18,9,1,319290
381,19,10,1,393147
381,20,10,1,431210
381,21,11,1,520548
381,22,11,1,565952
381,23,12,1,672598
381,24,12,1,726352
381,25,13,1,851455
381,26,13,1,913794
381,27,14,1,1059165
381,28,14,1,1131074
381,29,14,1,1639889
381,30,15,1,1379552
381,31,15,1,1922093
381,32,16,1,1661984
381,33,16,1,2237567
381,34,17,1,1979706
381,35,17,1,2588358
381,36,18,1,2335434
381,37,18,1,2976491
381,38,19,1,2730480
381,39,19,1,3404002
381,40,20,1,3167520
381,41,20,1,3872895
381,42,20,1,4680766
381,43,21,1,4385139
381,44,21,1,5232356
381,45,22,1,4942683
381,46,22,1,5829116
381,47,23,1,5547651
381,48,23,1,6473034
381,49,23,1,7433523
381,50,24,1,7166046
381,51,24,1,8166979
381,52,25,1,7910068
381,53,25,1,8951311
381,54,26,1,8707052
381,55,26,1,9788436
381,56,27,1,9558814
381,57,27,1,10680238
381,58,27,1,11827046
381,59,28,1,11628595
381,60,28,1,12816232
381,61,29,1,12635376
381,62,29,1,13863664
381,63,29,1,15122227
381,64,30,1,14971202
381,65,30,1,16271192
381,66,31,1,16140646
381,67,31,1,17481940
381,68,32,1,17373856
381,69,32,1,18756272
381,70,32,1,20160324
381,71,33,1,20095974
381,72,33,1,21541584
381,73,34,1,21502849
381,74,34,1,22989886
381,75,34,1,24506150
381,76,35,1,24507018
382,1,1,1,382
382,2,1,1,764
382,3,2,1,3436
382,4,2,1,5336
382,5,3,1,11446
382,6,3,1,15224
382,7,4,1,26664
382,8,4,1,33432
382,9,5,1,51354
382,10,5,1,61444
382,11,6,1,87724
382,12,6,1,102224
382,13,7,1,138014
382,14,7,1,157232
382,15,8,1,204392
382,16,8,1,229392
382,17,9,1,289074
382,18,9,1,320140
382,19,10,1,394192
382,20,10,1,432360
382,21,11,1,521934
382,22,11,1,567464
382,23,12,1,674392
382,24,12,1,728296
382,25,13,1,853730
382,26,13,1,916244
382,27,14,1,1062000
382,28,14,1,1134112
382,29,14,1,1645668
382,30,15,1,1383264
382,31,15,1,1928704
382,32,16,1,1666464
382,33,16,1,2245162
382,34,17,1,1985052
382,35,17,1,2596972
382,36,18,1,2341752
382,37,18,1,2986296
382,38,19,1,2737880
382,39,19,1,3415036
382,40,20,1,3176120
382,41,20,1,3885338
382,42,20,1,4697368
382,43,21,1,4399036
382,44,21,1,5250648
382,45,22,1,4958288
382,46,22,1,5849268
382,47,23,1,5564932
382,48,23,1,6495136
382,49,23,1,7460568
382,50,24,1,7190268
382,51,24,1,8196366
382,52,25,1,7936544
382,53,25,1,8983148
382,54,26,1,8735924
382,55,26,1,9822908
382,56,27,1,9590224
382,57,27,1,10717468
382,58,27,1,11870172
382,59,28,1,11668786
382,60,28,1,12862520
382,61,29,1,12678640
382,62,29,1,13913280
382,63,29,1,15178288
382,64,30,1,15024328
382,65,30,1,16330990
382,66,31,1,16197452
382,67,31,1,17545632
382,68,32,1,17434552
382,69,32,1,18824074
382,70,32,1,20235328
382,71,33,1,20168056
382,72,33,1,21621088
382,73,34,1,21579420
382,74,34,1,23074092
382,75,34,1,24598104
382,76,35,1,24596108
383,1,1,1,383
383,2,1,1,766
383,3,2,1,3445
383,4,2,1,5350
383,5,3,1,11476
383,6,3,1,15264
383,7,4,1,26734
383,8,4,1,33520
383,9,5,1,51489
383,10,5,1,61606
383,11,6,1,87955
383,12,6,1,102494
383,13,7,1,138378
383,14,7,1,157648
383,15,8,1,204932
383,16,8,1,230000
383,17,9,1,289839
383,18,9,1,320990
383,19,10,1,395237
383,20,10,1,433510
383,21,11,1,523320
383,22,11,1,568976
383,23,12,1,676186
383,24,12,1,730240
383,25,13,1,856005
383,26,13,1,918694
383,27,14,1,1064835
383,28,14,1,1137150
383,29,14,1,1651419
383,30,15,1,1386976
383,31,15,1,1935344
383,32,16,1,1670944
383,33,16,1,2252725
383,34,17,1,1990398
383,35,17,1,2605618
383,36,18,1,2348070
383,37,18,1,2996065
383,38,19,1,2745280
383,39,19,1,3426101
383,40,20,1,3184720
383,41,20,1,3897741
383,42,20,1,4713970
383,43,21,1,4412999
383,44,21,1,5268982
383,45,22,1,4973849
383,46,22,1,5869420
383,47,23,1,5582261
383,48,23,1,6517284
383,49,23,1,7487661
383,50,24,1,7214510
383,51,24,1,8225770
383,52,25,1,7963046
383,53,25,1,9015042
383,54,26,1,8764840
383,55,26,1,9857401
383,56,27,1,9621704
383,57,27,1,10754754
383,58,27,1,11913354
383,59,28,1,11708996
383,60,28,1,12908864
383,61,29,1,12721997
383,62,29,1,13962960
383,63,30,1,13795567
383,64,30,1,15077514
383,65,30,1,16390851
383,66,31,1,16254330
383,67,31,1,17609418
383,68,32,1,17495280
383,69,32,1,18891945
383,70,32,1,20310426
383,71,33,1,20240231
383,72,33,1,21700712
383,73,34,1,21656068
383,74,34,1,23158400
383,75,34,1,24690170
383,76,35,1,24685326
384,1,1,1,384
384,2,1,1,768
384,3,2,1,3454
384,4,2,1,5364
384,5,3,1,11506
384,6,3,1,15304
384,7,4,1,26804
384,8,4,1,33608
384,9,5,1,51624
384,10,5,1,61768
384,11,6,1,88186
384,12,6,1,102764
384,13,7,1,138742
384,14,7,1,158064
384,15,8,1,205472
384,16,8,1,230608
384,17,9,1,290604
384,18,9,1,321840
384,19,10,1,396282
384,20,10,1,434660
384,21,11,1,524706
384,22,11,1,570488
384,23,12,1,677980
384,24,12,1,732184
384,25,13,1,858280
384,26,13,1,921144
384,27,14,1,1067670
384,28,14,1,1140188
384,29,14,1,1657170
384,30,15,1,1390688
384,31,15,1,1941956
384,32,16,1,1675424
384,33,16,1,2260288
384,34,17,1,1995744
384,35,17,1,2614232
384,36,18,1,2354388
384,37,18,1,3005834
384,38,19,1,2752680
384,39,19,1,3437130
384,40,20,1,3193320
384,41,20,1,3910144
384,42,20,1,4730612
384,43,21,1,4426922
384,44,21,1,5287316
384,45,22,1,4989410
384,46,22,1,5889616
384,47,23,1,5599546
384,48,23,1,6539432
384,49,24,1,6259476
384,50,24,1,7238800
384,51,24,1,8255208
384,52,25,1,7989548
384,53,25,1,9046954
384,54,26,1,8793808
384,55,26,1,9891934
384,56,27,1,9653184
384,57,27,1,10792064
384,58,27,1,11956592
384,59,28,1,11749236
384,60,28,1,12955268
384,61,29,1,12765352
384,62,29,1,14012696
384,63,30,1,13842242
384,64,30,1,15130764
384,65,30,1,16450786
384,66,31,1,16311272
384,67,31,1,17673266
384,68,32,1,17556108
384,69,32,1,18959896
384,70,32,1,20385632
384,71,33,1,20312478
384,72,33,1,21780428
384,73,34,1,21732802
384,74,34,1,23242836
384,75,34,1,24782362
384,76,35,1,24774652
385,1,1,1,385
385,2,1,1,770
385,3,2,1,3463
385,4,2,1,5378
385,5,3,1,11536
385,6,3,1,15344
385,7,4,1,26874
385,8,4,1,33696
385,9,5,1,51759
385,10,5,1,61930
385,11,6,1,88417
385,12,6,1,103034
385,13,7,1,139106
385,14,7,1,158480
385,15,8,1,206012
385,16,8,1,231216
385,17,9,1,291369
385,18,9,1,322690
385,19,10,1,397327
385,20,10,1,435810
385,21,11,1,526092
385,22,11,1,572000
385,23,12,1,679774
385,24,12,1,734128
385,25,13,1,860555
385,26,13,1,923594
385,27,14,1,1070505
385,28,14,1,1143226
385,29,14,1,1662949
385,30,15,1,1394400
385,31,15,1,1948597
385,32,16,1,1679904
385,33,16,1,2267884
385,34,17,1,2001090
385,35,17,1,2622879
385,36,18,1,2360706
385,37,18,1,3015637
385,38,19,1,2760080
385,39,19,1,3448196
385,40,20,1,3201920
385,41,20,1,3922602
385,42,20,1,4747256
385,43,21,1,4440886
385,44,21,1,5305694
385,45,22,1,5004986
385,46,22,1,5909814
385,47,23,1,5616876
385,48,23,1,6561628
385,49,24,1,6278706
385,50,24,1,7263076
385,51,24,1,8284694
385,52,25,1,8016126
385,53,25,1,9078918
385,54,26,1,8822738
385,55,26,1,9926520
385,56,27,1,9684736
385,57,27,1,10829430
385,58,27,1,11999886
385,59,28,1,11789556
385,60,28,1,13001728
385,61,29,1,12808767
385,62,29,1,14062496
385,63,30,1,13888935
385,64,30,1,15184074
385,65,30,1,16510810
385,66,31,1,16368278
385,67,31,1,17737206
385,68,32,1,17616976
385,69,32,1,19027939
385,70,32,1,20460930
385,71,33,1,20384819
385,72,33,1,21860258
385,73,34,1,21809641
385,74,34,1,23327376
385,75,34,1,24874692
385,76,35,1,24864108
385,77,35,1,26454296
386,1,1,1,386
386,2,1,1,772
386,3,2,1,3472
386,4,2,1,5392
386,5,3,1,11566
386,6,3,1,15384
386,7,4,1,26944
386,8,4,1,33784
386,9,5,1,51894
386,10,5,1,62092
386,11,6,1,88648
386,12,6,1,103304
386,13,7,1,139470
386,14,7,1,158896
386,15,8,1,206552
386,16,8,1,231824
386,17,9,1,292134
386,18,9,1,323540
386,19,10,1,398372
386,20,10,1,436960
386,21,11,1,527478
386,22,11,1,573512
386,23,12,1,681568
386,24,12,1,736072
386,25,13,1,862830
386,26,13,1,926044
386,27,14,1,1073340
386,28,14,1,1146264
386,29,14,1,1668756
386,30,15,1,1398112
386,31,15,1,1955238
386,32,16,1,1684384
386,33,16,1,2275512
386,34,17,1,2006436
386,35,17,1,2631526
386,36,18,1,2367024
386,37,18,1,3025476
386,38,19,1,2767480
386,39,19,1,3459262
386,40,20,1,3210520
386,41,20,1,3935100
386,42,20,1,4763940
386,43,21,1,4454850
386,44,21,1,5324072
386,45,22,1,5020606
386,46,22,1,5930056
386,47,23,1,5634206
386,48,23,1,6583824
386,49,24,1,6297984
386,50,24,1,7287400
386,51,24,1,8314230
386,52,25,1,8042704
386,53,25,1,9110914
386,54,26,1,8851720
386,55,26,1,9961162
386,56,27,1,9716288
386,57,27,1,10866834
386,58,27,1,12043236
386,59,28,1,11829922
386,60,28,1,13048248
386,61,29,1,12852250
386,62,29,1,14112352
386,63,30,1,13935722
386,64,30,1,15237448
386,65,30,1,16570920
386,66,31,1,16425348
386,67,31,1,17801222
386,68,32,1,17677936
386,69,32,1,19096074
386,70,32,1,20536336
386,71,33,1,20457242
386,72,33,1,21940180
386,73,34,1,21886578
386,74,34,1,23412036
386,75,34,1,24967168
386,76,35,1,24953672
386,77,35,1,26551894
387,1,1,1,387
387,2,1,1,774
387,3,2,1,3481
387,4,2,1,5406
387,5,3,1,11596
387,6,3,1,15424
387,7,4,1,27014
387,8,4,1,33872
387,9,5,1,52029
387,10,5,1,62254
387,11,6,1,88879
387,12,6,1,103574
387,13,7,1,139834
387,14,7,1,159312
387,15,8,1,207092
387,16,8,1,232432
387,17,9,1,292899
387,18,9,1,324390
387,19,10,1,399417
387,20,10,1,438110
387,21,11,1,528864
387,22,11,1,575024
387,23,12,1,683362
387,24,12,1,738016
387,25,13,1,865105
387,26,13,1,928494
387,27,14,1,1076175
387,28,14,1,1149302
387,29,14,1,1674535
387,30,15,1,1401824
387,31,15,1,1961909
387,32,16,1,1688864
387,33,16,1,2283108
387,34,17,1,2011782
387,35,17,1,2640208
387,36,18,1,2373342
387,37,18,1,3035279
387,38,19,1,2774880
387,39,19,1,3470373
387,40,20,1,3219120
387,41,20,1,3947558
387,42,20,1,4780624
387,43,21,1,4468836
387,44,21,1,5342492
387,45,22,1,5036182
387,46,22,1,5950298
387,47,23,1,5651614
387,48,23,1,6606066
387,49,24,1,6317214
387,50,24,1,7311730
387,51,24,1,8343783
387,52,25,1,8069312
387,53,25,1,9142964
387,54,26,1,8880708
387,55,26,1,9995825
387,56,27,1,9747882
387,57,27,1,10904297
387,58,27,1,12086642
387,59,28,1,11870307
387,60,28,1,13094824
387,61,29,1,12895757
387,62,29,1,14162272
387,63,30,1,13982530
387,64,30,1,15290882
387,65,30,1,16631093
387,66,31,1,16482482
387,67,31,1,17865329
387,68,32,1,17738944
387,69,32,1,19164278
387,70,32,1,20611836
387,71,33,1,20529761
387,72,33,1,22020218
387,73,34,1,21963586
387,74,34,1,23496790
387,75,34,1,25059768
387,76,35,1,25043364
387,77,35,1,26649638
388,1,1,1,388
388,2,1,1,776
388,3,2,1,3490
388,4,2,1,5420
388,5,3,1,11626
388,6,3,1,15464
388,7,4,1,27084
388,8,4,1,33960
388,9,5,1,52164
388,10,5,1,62416
388,11,6,1,89110
388,12,6,1,103844
388,13,7,1,140198
388,14,7,1,159728
388,15,8,1,207632
388,16,8,1,233040
388,17,9,1,293664
388,18,9,1,325240
388,19,10,1,400462
388,20,10,1,439260
388,21,11,1,530250
388,22,11,1,576536
388,23,12,1,685156
388,24,12,1,739960
388,25,13,1,867380
388,26,13,1,930944
388,27,14,1,1079010
388,28,14,1,1152340
388,29,14,1,1680314
388,30,15,1,1405536
388,31,15,1,1968552
388,32,16,1,1693344
388,33,16,1,2290704
388,34,17,1,2017128
388,35,17,1,2648858
388,36,18,1,2379660
388,37,18,1,3045082
388,38,19,1,2782280
388,39,19,1,3481448
388,40,20,1,3227720
388,41,20,1,3960016
388,42,20,1,4797348
388,43,21,1,4482782
388,44,21,1,5360912
388,45,22,1,5051758
388,46,22,1,5970584
388,47,23,1,5668978
388,48,23,1,6628308
388,49,24,1,6336444
388,50,24,1,7336108
388,51,24,1,8373368
388,52,25,1,8095920
388,53,25,1,9175030
388,54,26,1,8909748
388,55,26,1,10030526
388,56,27,1,9779476
388,57,27,1,10941782
388,58,27,1,12130104
388,59,28,1,11910748
388,60,28,1,13141460
388,61,29,1,12939312
388,62,29,1,14212248
388,63,30,1,14029346
388,64,30,1,15344380
388,65,30,1,16691342
388,66,31,1,16539680
388,67,31,1,17929500
388,68,32,1,17800036
388,69,32,1,19232560
388,70,32,1,20687444
388,71,33,1,20602350
388,72,33,1,22100348
388,73,34,1,22040682
388,74,34,1,23581664
388,75,34,1,25152506
388,76,35,1,25133164
388,77,35,1,26747512
389,1,1,1,389
389,2,1,1,778
389,3,2,1,3499
389,4,2,1,5434
389,5,3,1,11656
389,6,3,1,15504
389,7,4,1,27154
389,8,4,1,34048
389,9,5,1,52299
389,10,5,1,62578
389,11,6,1,89341
389,12,6,1,104114
389,13,7,1,140562
389,14,7,1,160144
389,15,8,1,208172
389,16,8,1,233648
389,17,9,1,294429
389,18,9,1,326090
389,19,10,1,401507
389,20,10,1,440410
389,21,11,1,531636
389,22,11,1,578048
389,23,12,1,686950
389,24,12,1,741904
389,25,13,1,869655
389,26,13,1,933394
389,27,14,1,1081845
389,28,14,1,1155378
389,29,14,1,1686122
389,30,15,1,1409248
389,31,15,1,1975224
389,32,16,1,1697824
389,33,16,1,2298332
389,34,17,1,2022474
389,35,17,1,2657541
389,36,18,1,2385978
389,37,18,1,3054924
389,38,19,1,2789680
389,39,19,1,3492560
389,40,20,1,3236320
389,41,20,1,3972502
389,42,20,1,4814074
389,43,21,1,4496769
389,44,21,1,5379376
389,45,22,1,5067394
389,46,22,1,5990872
389,47,23,1,5686387
389,48,23,1,6650598
389,49,24,1,6355725
389,50,24,1,7360496
389,51,24,1,8403004
389,52,25,1,8122600
389,53,25,1,9207148
389,54,26,1,8938822
389,55,26,1,10065277
389,56,27,1,9811146
389,57,27,1,10979323
389,58,27,1,12173622
389,59,28,1,11951230
389,60,28,1,13188152
389,61,29,1,12982927
389,62,29,1,14262288
389,63,30,1,14076279
389,64,30,1,15397938
389,65,30,1,16751677
389,66,31,1,16596942
389,67,31,1,17993763
389,68,32,1,17861184
389,69,32,1,19300937
389,70,32,1,20763144
389,71,33,1,20675033
389,72,33,1,22180592
389,73,34,1,22117872
389,74,34,1,23666630
389,75,35,1,23631257
389,76,35,1,25223082
389,77,35,1,26845533
390,1,1,1,390
390,2,1,1,780
390,3,2,1,3508
390,4,2,1,5448
390,5,3,1,11686
390,6,3,1,15544
390,7,4,1,27224
390,8,4,1,34136
390,9,5,1,52434
390,10,5,1,62740
390,11,6,1,89572
390,12,6,1,104384
390,13,7,1,140926
390,14,7,1,160560
390,15,8,1,208712
390,16,8,1,234256
390,17,9,1,295194
390,18,9,1,326940
390,19,10,1,402552
390,20,10,1,441560
390,21,11,1,533022
390,22,11,1,579560
390,23,12,1,688744
390,24,12,1,743848
390,25,13,1,871930
390,26,13,1,935844
390,27,14,1,1084680
390,28,14,1,1158416
390,29,14,1,1691958
390,30,15,1,1412960
390,31,15,1,1981896
390,32,16,1,1702304
390,33,16,1,2305992
390,34,17,1,2027820
390,35,17,1,2666224
390,36,18,1,2392296
390,37,18,1,3064802
390,38,19,1,2797080
390,39,19,1,3503672
390,40,20,1,3244920
390,41,20,1,3985028
390,42,20,1,4830840
390,43,21,1,4510756
390,44,21,1,5397840
390,45,22,1,5083074
390,46,22,1,6011204
390,47,23,1,5703796
390,48,23,1,6672888
390,49,24,1,6375054
390,50,24,1,7384932
390,51,24,1,8432688
390,52,25,1,8149280
390,53,25,1,9239300
390,54,26,1,8967948
390,55,26,1,10100082
390,56,27,1,9842816
390,57,27,1,11016904
390,58,27,1,12217196
390,59,28,1,11991784
390,60,28,1,13234904
390,61,29,1,13026560
390,62,29,1,14312384
390,63,30,1,14123238
390,64,30,1,15451560
390,65,30,1,16812100
390,66,31,1,16654268
390,67,31,1,18058100
390,68,32,1,17922400
390,69,32,1,19369404
390,70,32,1,20838952
390,71,33,1,20747800
390,72,33,1,22260928
390,73,34,1,22195162
390,74,34,1,23751716
390,75,35,1,23713252
390,76,35,1,25313100
390,77,35,1,26943692
390,78,36,1,26946896
391,1,1,1,391
391,2,1,1,782
391,3,2,1,3517
391,4,2,1,5462
391,5,3,1,11716
391,6,3,1,15584
391,7,4,1,27294
391,8,4,1,34224
391,9,5,1,52569
391,10,5,1,62902
391,11,6,1,89803
391,12,6,1,104654
391,13,7,1,141290
391,14,7,1,160976
391,15,8,1,209252
391,16,8,1,234864
391,17,9,1,295959
391,18,9,1,327790
391,19,10,1,403597
391,20,10,1,442710
391,21,11,1,534408
391,22,11,1,581072
391,23,12,1,690538
391,24,12,1,745792
391,25,13,1,874205
391,26,13,1,938294
391,27,14,1,1087515
391,28,14,1,1161454
391,29,14,1,1697766
391,30,15,1,1416672
391,31,15,1,1988597
391,32,16,1,1706784
391,33,16,1,2313620
391,34,17,1,2033166
391,35,17,1,2674939
391,36,18,1,2398614
391,37,18,1,3074644
391,38,19,1,2804480
391,39,19,1,3514816
391,40,20,1,3253520
391,41,20,1,3997514
391,42,20,1,4847606
391,43,21,1,4524793
391,44,21,1,5416346
391,45,22,1,5098710
391,46,22,1,6031536
391,47,23,1,5721222
391,48,23,1,6695224
391,49,24,1,6394335
391,50,24,1,7409364
391,51,24,1,8462389
391,52,25,1,8175994
391,53,25,1,9271503
391,54,26,1,8997046
391,55,26,1,10134906
391,56,27,1,9874508
391,57,27,1,11054541
391,58,27,1,12260826
391,59,28,1,12032357
391,60,28,1,13281712
391,61,29,1,13070292
391,62,29,1,14362544
391,63,30,1,14170220
391,64,30,1,15505242
391,65,30,1,16872586
391,66,31,1,16711658
391,67,31,1,18122531
391,68,32,1,17983688
391,69,32,1,19437940
391,70,32,1,20914854
391,71,33,1,20820660
391,72,33,1,22341380
391,73,34,1,22272523
391,74,34,1,23836896
391,75,35,1,23795343
391,76,35,1,25403238
391,77,35,1,27041999
391,78,36,1,27042182
392,1,1,1,392
392,2,1,1,784
392,3,2,1,3526
392,4,2,1,5476
392,5,3,1,11746
392,6,3,1,15624
392,7,4,1,27364
392,8,4,1,34312
392,9,5,1,52704
392,10,5,1,63064
392,11,6,1,90034
392,12,6,1,104924
392,13,7,1,141654
392,14,7,1,161392
392,15,8,1,209792
392,16,8,1,235472
392,17,9,1,296724
392,18,9,1,328640
392,19,10,1,404642
392,20,10,1,443860
392,21,11,1,535794
392,22,11,1,582584
392,23,12,1,692332
392,24,12,1,747736
392,25,13,1,876480
392,26,13,1,940744
392,27,14,1,1090350
392,28,14,1,1164492
392,29,14,1,1703574
392,30,15,1,1420384
392,31,15,1,1995270
392,32,16,1,1711264
392,33,16,1,2321248
392,34,17,1,2038512
392,35,17,1,2683622
392,36,18,1,2404932
392,37,18,1,3084486
392,38,19,1,2811880
392,39,19,1,3525924
392,40,20,1,3262120
392,41,20,1,4010000
392,42,20,1,4864412
392,43,21,1,4538790
392,44,21,1,5434852
392,45,22,1,5114346
392,46,22,1,6051912
392,47,23,1,5738604
392,48,23,1,6717560
392,49,24,1,6413616
392,50,24,1,7433844
392,51,24,1,8492124
392,52,25,1,8202708
392,53,25,1,9303724
392,54,26,1,9026192
392,55,26,1,10169766
392,56,27,1,9906200
392,57,27,1,11092198
392,58,27,1,12304512
392,59,28,1,12072960
392,60,28,1,13328580
392,61,29,1,13114022
392,62,29,1,14412760
392,63,30,1,14217282
392,64,30,1,15558988
392,65,30,1,16933146
392,66,31,1,16769112
392,67,31,1,18187024
392,68,32,1,18045036
392,69,32,1,19506556
392,70,32,1,20990864
392,71,33,1,20893592
392,72,33,1,22421924
392,73,34,1,22349970
392,74,34,1,23922196
392,75,35,1,23877512
392,76,35,1,25493476
392,77,35,1,27140436
392,78,36,1,27137592
393,1,1,1,393
393,2,1,1,786
393,3,2,1,3535
393,4,2,1,5490
393,5,3,1,11776
393,6,3,1,15664
393,7,4,1,27434
393,8,4,1,34400
393,9,5,1,52839
393,10,5,1,63226
393,11,6,1,90265
393,12,6,1,105194
393,13,7,1,142018
393,14,7,1,161808
393,15,8,1,210332
393,16,8,1,236080
393,17,9,1,297489
393,18,9,1,329490
393,19,10,1,405687
393,20,10,1,445010
393,21,11,1,537180
393,22,11,1,584096
393,23,12,1,694126
393,24,12,1,749680
393,25,13,1,878755
393,26,13,1,943194
393,27,14,1,1093185
393,28,14,1,1167530
393,29,15,1,1339622
393,30,15,1,1424096
393,31,15,1,2001972
393,32,16,1,1715744
393,33,16,1,2328909
393,34,17,1,2043858
393,35,17,1,2692338
393,36,18,1,2411250
393,37,18,1,3094362
393,38,19,1,2819280
393,39,19,1,3537069
393,40,20,1,3270720
393,41,20,1,4022541
393,42,20,1,4881220
393,43,21,1,4552828
393,44,21,1,5453402
393,45,22,1,5130003
393,46,22,1,6072290
393,47,23,1,5756031
393,48,23,1,6739944
393,49,24,1,6432986
393,50,24,1,7458330
393,51,24,1,8521907
393,52,25,1,8229490
393,53,25,1,9335997
393,54,26,1,9055372
393,55,26,1,10204679
393,56,27,1,9937988
393,57,27,1,11129909
393,58,27,1,12348254
393,59,28,1,12113628
393,60,28,1,13375504
393,61,29,1,13157810
393,62,29,1,14463040
393,63,30,1,14264353
393,64,30,1,15612794
393,65,30,1,16993795
393,66,31,1,16826630
393,67,31,1,18251609
393,68,32,1,18106456
393,69,32,1,19575264
393,70,32,1,21066966
393,71,33,1,20966618
393,72,33,1,22502582
393,73,34,1,22427514
393,74,34,1,24007588
393,75,35,1,23959781
393,76,35,1,25583832
393,77,35,1,27239018
393,78,36,1,27233102
394,1,1,1,394
394,2,1,1,788
394,3,2,1,3544
394,4,2,1,5504
394,5,3,1,11806
394,6,3,1,15704
394,7,4,1,27504
394,8,4,1,34488
394,9,5,1,52974
394,10,5,1,63388
394,11,6,1,90496
394,12,6,1,105464
394,13,7,1,142382
394,14,7,1,162224
394,15,8,1,210872
394,16,8,1,236688
394,17,9,1,298254
394,18,9,1,330340
394,19,10,1,406732
394,20,10,1,446160
394,21,11,1,538566
394,22,11,1,585608
394,23,12,1,695920
394,24,12,1,751624
394,25,13,1,881030
394,26,13,1,945644
394,27,14,1,1096020
394,28,14,1,1170568
394,29,15,1,1343102
394,30,15,1,1427808
394,31,15,1,2008674
394,32,16,1,1720224
394,33,16,1,2336602
394,34,17,1,2049204
394,35,17,1,2701054
394,36,18,1,2417568
394,37,18,1,3104274
394,38,19,1,2826680
394,39,19,1,3548214
394,40,20,1,3279320
394,41,20,1,4035122
394,42,20,1,4898068
394,43,21,1,4566866
394,44,21,1,5471952
394,45,22,1,5145704
394,46,22,1,6092712
394,47,23,1,5773458
394,48,23,1,6762328
394,49,24,1,6452404
394,50,24,1,7482864
394,51,24,1,8551740
394,52,25,1,8256272
394,53,25,1,9368302
394,54,26,1,9084604
394,55,26,1,10239644
394,56,27,1,9969776
394,57,27,1,11167658
394,58,27,1,12392052
394,59,28,1,12154358
394,60,28,1,13422488
394,61,29,1,13201662
394,62,29,1,14513376
394,63,30,1,14311520
394,64,30,1,15666664
394,65,30,1,17054530
394,66,31,1,16884212
394,67,31,1,18316270
394,68,32,1,18167936
394,69,32,1,19644064
394,70,32,1,21143176
394,71,33,1,21039726
394,72,33,1,22583332
394,73,34,1,22505156
394,74,34,1,24093100
394,75,35,1,24042134
394,76,35,1,25674288
394,77,35,1,27337726
394,78,36,1,27328736
395,1,1,1,395
395,2,1,1,790
395,3,2,1,3553
395,4,2,1,5518
395,5,3,1,11836
395,6,3,1,15744
395,7,4,1,27574
395,8,4,1,34576
395,9,5,1,53109
395,10,5,1,63550
395,11,6,1,90727
395,12,6,1,105734
395,13,7,1,142746
395,14,7,1,162640
395,15,8,1,211412
395,16,8,1,237296
395,17,9,1,299019
395,18,9,1,331190
395,19,10,1,407777
395,20,10,1,447310
395,21,11,1,539952
395,22,11,1,587120
395,23,12,1,697714
395,24,12,1,753568
395,25,13,1,883305
395,26,13,1,948094
395,27,14,1,1098855
395,28,14,1,1173606
395,29,15,1,1346582
395,30,15,1,1431520
395,31,15,1,2015407
395,32,16,1,1724704
395,33,16,1,2344263
395,34,17,1,2054550
395,35,17,1,2709804
395,36,18,1,2423886
395,37,18,1,3114150
395,38,19,1,2834080
395,39,19,1,3559404
395,40,20,1,3287920
395,41,20,1,4047663
395,42,20,1,4914916
395,43,21,1,4580952
395,44,21,1,5490544
395,45,22,1,5161361
395,46,22,1,6113134
395,47,23,1,5790961
395,48,23,1,6784758
395,49,24,1,6471774
395,50,24,1,7507394
395,51,24,1,8581590
395,52,25,1,8283092
395,53,25,1,9400661
395,54,26,1,9113812
395,55,27,1,8840853
395,56,27,1,10001582
395,57,27,1,11205460
395,58,27,1,12435906
395,59,28,1,12195107
395,60,28,1,13469528
395,61,29,1,13245544
395,62,29,1,14563776
395,63,30,1,14358710
395,64,30,1,15720594
395,65,30,1,17115328
395,66,31,1,16941858
395,67,31,1,18381022
395,68,32,1,18229488
395,69,32,1,19712933
395,70,33,1,19585336
395,71,33,1,21112930
395,72,33,1,22664198
395,73,34,1,22582869
395,74,34,1,24178706
395,75,35,1,24124589
395,76,35,1,25764864
395,77,35,1,27436569
395,78,36,1,27424472
395,79,36,1,29141053
396,1,1,1,396
396,2,1,1,792
396,3,2,1,3562
396,4,2,1,5532
396,5,3,1,11866
396,6,3,1,15784
396,7,4,1,27644
396,8,4,1,34664
396,9,5,1,53244
396,10,5,1,63712
396,11,6,1,90958
396,12,6,1,106004
396,13,7,1,143110
396,14,7,1,163056
396,15,8,1,211952
396,16,8,1,237904
396,17,9,1,299784
396,18,9,1,332040
396,19,10,1,408822
396,20,10,1,448460
396,21,11,1,541338
396,22,11,1,588632
396,23,12,1,699508
396,24,12,1,755512
396,25,13,1,885580
396,26,13,1,950544
396,27,14,1,1101690
396,28,14,1,1176644
396,29,15,1,1350062
396,30,15,1,1435232
396,31,15,1,2022112
396,32,16,1,1729184
396,33,16,1,2351924
396,34,17,1,2059896
396,35,17,1,2718522
396,36,18,1,2430204
396,37,18,1,3124026
396,38,19,1,2841480
396,39,19,1,3570558
396,40,20,1,3296520
396,41,20,1,4060204
396,42,20,1,4931804
396,43,21,1,4594998
396,44,21,1,5509136
396,45,22,1,5177018
396,46,22,1,6133600
396,47,23,1,5808420
396,48,23,1,6807188
396,49,24,1,6491144
396,50,24,1,7531972
396,51,24,1,8611472
396,52,25,1,8309912
396,53,25,1,9433036
396,54,26,1,9143072
396,55,26,1,10309650
396,56,27,1,10033388
396,57,27,1,11243284
396,58,27,1,12479816
396,59,28,1,12235896
396,60,28,1,13516628
396,61,29,1,13289466
396,62,29,1,14614232
396,63,30,1,14405910
396,64,30,1,15774588
396,65,30,1,17176202
396,66,31,1,16999568
396,67,31,1,18445838
396,68,32,1,18291100
396,69,32,1,19781880
396,70,33,1,19651040
396,71,33,1,21186204
396,72,33,1,22745156
396,73,34,1,22660670
396,74,34,1,24264432
396,75,35,1,24207120
396,76,35,1,25855540
396,77,35,1,27535530
396,78,36,1,27520332
396,79,36,1,29245420
397,1,1,1,397
397,2,1,1,794
397,3,2,1,3571
397,4,2,1,5546
397,5,3,1,11896
397,6,3,1,15824
397,7,4,1,27714
397,8,4,1,34752
397,9,5,1,53379
397,10,5,1,63874
397,11,6,1,91189
397,12,6,1,106274
397,13,7,1,143474
397,14,7,1,163472
397,15,8,1,212492
397,16,8,1,238512
397,17,9,1,300549
397,18,9,1,332890
397,19,10,1,409867
397,20,10,1,449610
397,21,11,1,542724
397,22,11,1,590144
397,23,12,1,701302
397,24,12,1,757456
397,25,13,1,887855
397,26,13,1,952994
397,27,14,1,1104525
397,28,14,1,1179682
397,29,15,1,1353542
397,30,15,1,1438944
397,31,15,1,2028846
397,32,16,1,1733664
397,33,16,1,2359618
397,34,17,1,2065242
397,35,17,1,2727273
397,36,18,1,2436522
397,37,18,1,3133943
397,38,19,1,2848880
397,39,19,1,3581749
397,40,20,1,3305120
397,41,20,1,4072773
397,42,20,1,4948694
397,43,21,1,4609085
397,44,21,1,5527772
397,45,22,1,5192755
397,46,22,1,6154068
397,47,23,1,5825924
397,48,23,1,6829666
397,49,24,1,6510525
397,50,24,1,7556552
397,51,24,1,8641405
397,52,25,1,8336788
397,53,25,1,9465463
397,54,26,1,9172358
397,55,27,1,8892928
397,56,27,1,10065286
397,57,27,1,11281162
397,58,27,1,12523782
397,59,28,1,12276744
397,60,28,1,13563784
397,61,29,1,13333448
397,62,29,1,14664752
397,63,30,1,14453179
397,64,30,1,15828642
397,65,30,1,17237163
397,66,31,1,17057342
397,67,31,1,18510746
397,68,32,1,18352784
397,69,32,1,19850922
397,70,33,1,19716816
397,71,33,1,21259572
397,72,33,1,22826228
397,73,34,1,22738565
397,74,34,1,24350250
397,75,35,1,24289751
397,76,35,1,25946334
397,77,35,1,27634626
397,78,36,1,27616292
397,79,36,1,29349930
398,1,1,1,398
398,2,1,1,796
398,3,2,1,3580
398,4,2,1,5560
398,5,3,1,11926
398,6,3,1,15864
398,7,4,1,27784
398,8,4,1,34840
398,9,5,1,53514
398,10,5,1,64036
398,11,6,1,91420
398,12,6,1,106544
398,13,7,1,143838
398,14,7,1,163888
398,15,8,1,213032
398,16,8,1,239120
398,17,9,1,301314
398,18,9,1,333740
398,19,10,1,410912
398,20,10,1,450760
398,21,11,1,544110
398,22,11,1,591656
398,23,12,1,703096
398,24,12,1,759400
398,25,13,1,890130
398,26,13,1,955444
398,27,14,1,1107360
398,28,14,1,1182720
398,29,15,1,1357022
398,30,15,1,1442656
398,31,15,1,2035580
398,32,16,1,1738144
398,33,16,1,2367344
398,34,17,1,2070588
398,35,17,1,2736024
398,36,18,1,2442840
398,37,18,1,3143896
398,38,19,1,2856280
398,39,19,1,3592940
398,40,20,1,3313720
398,41,20,1,4085382
398,42,20,1,4965624
398,43,21,1,4623172
398,44,21,1,5546408
398,45,22,1,5208536
398,46,22,1,6174580
398,47,23,1,5843428
398,48,23,1,6852144
398,49,24,1,6529954
398,50,24,1,7581180
398,51,24,1,8671386
398,52,25,1,8363664
398,53,25,1,9497924
398,54,26,1,9201696
398,55,26,1,10379848
398,56,27,1,10097184
398,57,27,1,11319076
398,58,27,1,12567808
398,59,28,1,12317648
398,60,28,1,13611000
398,61,29,1,13377456
398,62,29,1,14715328
398,63,30,1,14500534
398,64,30,1,15882760
398,65,30,1,17298218
398,66,31,1,17115180
398,67,31,1,18575728
398,68,32,1,18414528
398,69,32,1,19920054
398,70,33,1,19782672
398,71,33,1,21333024
398,72,33,1,22907392
398,73,34,1,22816560
398,74,34,1,24436188
398,75,35,1,24372468
398,76,35,1,26037228
398,77,35,1,27733848
398,78,36,1,27712376
398,79,36,1,29454578
399,1,1,1,399
399,2,1,1,798
399,3,2,1,3589
399,4,2,1,5574
399,5,3,1,11956
399,6,3,1,15904
399,7,4,1,27854
399,8,4,1,34928
399,9,5,1,53649
399,10,5,1,64198
399,11,6,1,91651
399,12,6,1,106814
399,13,7,1,144202
399,14,7,1,164304
399,15,8,1,213572
399,16,8,1,239728
399,17,9,1,302079
399,18,9,1,334590
399,19,10,1,411957
399,20,10,1,451910
399,21,11,1,545496
399,22,11,1,593168
399,23,12,1,704890
399,24,12,1,761344
399,25,13,1,892405
399,26,13,1,957894
399,27,14,1,1110195
399,28,14,1,1185758
399,29,15,1,1360502
399,30,15,1,1446368
399,31,15,1,2042344
399,32,16,1,1742624
399,33,16,1,2375038
399,34,17,1,2075934
399,35,17,1,2744810
399,36,18,1,2449158
399,37,18,1,3153813
399,38,19,1,2863680
399,39,19,1,3604161
399,40,20,1,3322320
399,41,20,1,4097951
399,42,20,1,4982554
399,43,21,1,4637294
399,44,21,1,5565086
399,45,22,1,5224273
399,46,22,1,6195092
399,47,23,1,5860951
399,48,23,1,6874668
399,49,24,1,6549335
399,50,24,1,7605812
399,51,24,1,8701384
399,52,25,1,8390598
399,53,25,1,9530436
399,54,26,1,9231014
399,55,27,1,8945108
399,56,27,1,10129104
399,57,27,1,11357046
399,58,27,1,12611894
399,59,28,1,12358569
399,60,28,1,13658272
399,61,29,1,13421530
399,62,29,1,14765968
399,63,30,1,14547912
399,64,30,1,15936938
399,65,30,1,17359342
399,66,31,1,17173082
399,67,31,1,18640805
399,68,32,1,18476344
399,69,32,1,19989255
399,70,33,1,19848584
399,71,33,1,21406569
399,72,33,1,22988672
399,73,34,1,22894626
399,74,34,1,24522220
399,75,35,1,24455287
399,76,35,1,26128242
399,77,35,1,27833206
399,78,36,1,27808562
399,79,36,1,29559344
400,1,1,1,400
400,2,1,1,800
400,3,2,1,3598
400,4,2,1,5588
400,5,3,1,11986
400,6,3,1,15944
400,7,4,1,27924
400,8,4,1,35016
400,9,5,1,53784
400,10,5,1,64360
400,11,6,1,91882
400,12,6,1,107084
400,13,7,1,144566
400,14,7,1,164720
400,15,8,1,214112
400,16,8,1,240336
400,17,9,1,302844
400,18,9,1,335440
400,19,10,1,413002
400,20,10,1,453060
400,21,11,1,546882
400,22,11,1,594680
400,23,12,1,706684
400,24,12,1,763288
400,25,13,1,894680
400,26,13,1,960344
400,27,14,1,1113030
400,28,14,1,1188796
400,29,15,1,1363982
400,30,15,1,1450080
400,31,15,1,2049080
400,32,16,1,1747104
400,33,16,1,2382732
400,34,17,1,2081280
400,35,17,1,2753564
400,36,18,1,2455476
400,37,18,1,3163730
400,38,19,1,2871080
400,39,19,1,3615346
400,40,20,1,3330920
400,41,20,1,4110520
400,42,20,1,4999524
400,43,21,1,4651376
400,44,21,1,5583764
400,45,22,1,5240010
400,46,22,1,6215648
400,47,23,1,5878430
400,48,23,1,6897192
400,49,24,1,6568716
400,50,24,1,7630492
400,51,24,1,8731416
400,52,25,1,8417532
400,53,25,1,9562966
400,54,26,1,9260384
400,55,26,1,10450174
400,56,27,1,10161024
400,57,27,1,11395036
400,58,27,1,12656040
400,59,28,1,12399532
400,60,28,1,13705608
400,61,29,1,13465634
400,62,29,1,14816664
400,63,30,1,14595310
400,64,30,1,15991180
400,65,30,1,17420546
400,66,31,1,17231048
400,67,31,1,18705950
400,68,32,1,18538220
400,69,32,1,20058536
400,70,33,1,19914576
400,71,33,1,21480186
400,72,33,1,23070044
400,73,34,1,22972778
400,74,34,1,24608372
400,75,35,1,24538180
400,76,35,1,26219356
400,77,35,1,27932682
400,78,36,1,27904872
400,79,36,1,29664240
400,80,37,1,29666732
