N,M,d,baseline_length,total_length,lower_bound,mode,candidate,phase,alpha,tie,weighted_grid_visits,replay_attempts,accepted_replays
5,1,1,5,5,5,fan,,,,,,,
6,1,1,6,6,6,fan,,,,,,,
7,1,1,7,7,7,fan,,,,,,,
8,1,1,8,8,8,fan,,,,,,,
9,1,1,9,9,9,fan,,,,,,,
10,1,1,10,10,10,fan,,,,,,,
10,2,1,20,20,20,fan,,,,,,,
11,1,1,11,11,11,fan,,,,,,,
11,2,1,22,22,22,fan,,,,,,,
12,1,1,12,12,12,fan,,,,,,,
12,2,1,24,24,24,fan,,,,,,,
13,1,1,13,13,13,fan,,,,,,,
13,2,1,26,26,26,fan,,,,,,,
14,1,1,14,14,14,fan,,,,,,,
14,2,1,28,28,28,fan,,,,,,,
15,1,1,15,15,15,fan,,,,,,,
15,2,1,30,30,30,fan,,,,,,,
15,3,2,129,129,129,fan,,,,,,,
16,1,1,16,16,16,fan,,,,,,,
16,2,1,32,32,32,fan,,,,,,,
16,3,2,138,138,138,fan,,,,,,,
17,1,1,17,17,17,fan,,,,,,,
17,2,1,34,34,34,fan,,,,,,,
17,3,2,147,147,147,fan,,,,,,,
18,1,1,18,18,18,fan,,,,,,,
18,2,1,36,36,36,fan,,,,,,,
18,3,2,156,156,156,fan,,,,,,,
19,1,1,19,19,19,fan,,,,,,,
19,2,1,38,38,38,fan,,,,,,,
19,3,2,165,165,165,fan,,,,,,,
20,1,1,20,20,20,fan,,,,,,,
20,2,1,40,40,40,fan,,,,,,,
20,3,2,174,174,174,fan,,,,,,,
20,4,2,268,268,268,fan,,,,,,,
21,1,1,21,21,21,fan,,,,,,,
21,2,1,42,42,42,fan,,,,,,,
21,3,2,183,183,183,fan,,,,,,,
21,4,2,282,282,282,fan,,,,,,,
22,1,1,22,22,22,fan,,,,,,,
22,2,1,44,44,44,fan,,,,,,,
22,3,2,192,192,192,fan,,,,,,,
22,4,2,296,296,296,fan,,,,,,,
23,1,1,23,23,23,fan,,,,,,,
23,2,1,46,46,46,fan,,,,,,,
23,3,2,201,201,201,fan,,,,,,,
23,4,2,310,310,310,fan,,,,,,,
24,1,1,24,24,24,fan,,,,,,,
24,2,1,48,48,48,fan,,,,,,,
24,3,2,210,210,210,fan,,,,,,,
24,4,2,324,324,324,fan,,,,,,,
25,1,1,25,25,25,fan,,,,,,,
25,2,1,50,50,50,fan,,,,,,,
25,3,2,219,219,219,fan,,,,,,,
25,4,2,338,338,338,fan,,,,,,,
25,5,3,714,714,714,fan,,,,,,,
26,1,1,26,26,26,fan,,,,,,,
26,2,1,52,52,52,fan,,,,,,,
26,3,2,228,228,228,fan,,,,,,,
26,4,2,352,352,352,fan,,,,,,,
26,5,3,744,744,744,fan,,,,,,,
27,1,1,27,27,27,fan,,,,,,,
27,2,1,54,54,54,fan,,,,,,,
27,3,2,237,237,237,fan,,,,,,,
27,4,2,366,366,366,fan,,,,,,,
27,5,3,774,774,774,fan,,,,,,,
28,1,1,28,28,28,fan,,,,,,,
28,2,1,56,56,56,fan,,,,,,,
28,3,2,246,246,246,fan,,,,,,,
28,4,2,380,380,380,fan,,,,,,,
28,5,3,804,804,804,fan,,,,,,,
29,1,1,29,29,29,fan,,,,,,,
29,2,1,58,58,58,fan,,,,,,,
29,3,2,255,255,255,fan,,,,,,,
29,4,2,394,394,394,fan,,,,,,,
29,5,3,834,834,834,fan,,,,,,,
30,1,1,30,30,30,fan,,,,,,,
30,2,1,60,60,60,fan,,,,,,,
30,3,2,264,264,264,fan,,,,,,,
30,4,2,408,408,408,fan,,,,,,,
30,5,3,864,864,864,fan,,,,,,,
30,6,3,1144,1144,1144,fan,,,,,,,
31,1,1,31,31,31,fan,,,,,,,
31,2,1,62,62,62,fan,,,,,,,
31,3,2,273,273,273,fan,,,,,,,
31,4,2,422,422,422,fan,,,,,,,
31,5,3,894,894,894,fan,,,,,,,
31,6,3,1184,1184,1184,fan,,,,,,,
32,1,1,32,32,32,fan,,,,,,,
32,2,1,64,64,64,fan,,,,,,,
32,3,2,282,282,282,fan,,,,,,,
32,4,2,436,436,436,fan,,,,,,,
32,5,3,924,924,924,fan,,,,,,,
32,6,3,1224,1224,1224,fan,,,,,,,
33,1,1,33,33,33,fan,,,,,,,
33,2,1,66,66,66,fan,,,,,,,
33,3,2,291,291,291,fan,,,,,,,
33,4,2,450,450,450,fan,,,,,,,
33,5,3,954,954,954,fan,,,,,,,
33,6,3,1264,1264,1264,fan,,,,,,,
34,1,1,34,34,34,fan,,,,,,,
34,2,1,68,68,68,fan,,,,,,,
34,3,2,300,300,300,fan,,,,,,,
34,4,2,464,464,464,fan,,,,,,,
34,5,3,984,984,984,fan,,,,,,,
34,6,3,1304,1304,1304,fan,,,,,,,
35,1,1,35,35,35,fan,,,,,,,
35,2,1,70,70,70,fan,,,,,,,
35,3,2,309,309,309,fan,,,,,,,
35,4,2,478,478,478,fan,,,,,,,
35,5,3,1014,1014,1014,fan,,,,,,,
35,6,3,1344,1344,1344,fan,,,,,,,
35,7,4,2322,2322,2322,fan,,,,,,,
36,1,1,36,36,36,fan,,,,,,,
36,2,1,72,72,72,fan,,,,,,,
36,3,2,318,318,318,fan,,,,,,,
36,4,2,492,492,492,fan,,,,,,,
36,5,3,1044,1044,1044,fan,,,,,,,
36,6,3,1384,1384,1384,fan,,,,,,,
36,7,4,2392,2392,2392,fan,,,,,,,
37,1,1,37,37,37,fan,,,,,,,
37,2,1,74,74,74,fan,,,,,,,
37,3,2,327,327,327,fan,,,,,,,
37,4,2,506,506,506,fan,,,,,,,
37,5,3,1074,1074,1074,fan,,,,,,,
37,6,3,1424,1424,1424,fan,,,,,,,
37,7,4,2462,2462,2462,fan,,,,,,,
38,1,1,38,38,38,fan,,,,,,,
38,2,1,76,76,76,fan,,,,,,,
38,3,2,336,336,336,fan,,,,,,,
38,4,2,520,520,520,fan,,,,,,,
38,5,3,1104,1104,1104,fan,,,,,,,
38,6,3,1464,1464,1464,fan,,,,,,,
38,7,4,2532,2532,2532,fan,,,,,,,
39,1,1,39,39,39,fan,,,,,,,
39,2,1,78,78,78,fan,,,,,,,
39,3,2,345,345,345,fan,,,,,,,
39,4,2,534,534,534,fan,,,,,,,
39,5,3,1134,1134,1134,fan,,,,,,,
39,6,3,1504,1504,1504,fan,,,,,,,
39,7,4,2602,2602,2602,fan,,,,,,,
40,1,1,40,40,40,fan,,,,,,,
40,2,1,80,80,80,fan,,,,,,,
40,3,2,354,354,354,fan,,,,,,,
40,4,2,548,548,548,fan,,,,,,,
40,5,3,1164,1164,1164,fan,,,,,,,
40,6,3,1544,1544,1544,fan,,,,,,,
40,7,4,2672,2672,2672,fan,,,,,,,
40,8,4,3336,3336,3336,fan,,,,,,,
41,1,1,41,41,41,fan,,,,,,,
41,2,1,82,82,82,fan,,,,,,,
41,3,2,363,363,363,fan,,,,,,,
41,4,2,562,562,562,fan,,,,,,,
41,5,3,1194,1194,1194,fan,,,,,,,
41,6,3,1584,1584,1584,fan,,,,,,,
41,7,4,2742,2742,2742,fan,,,,,,,
41,8,4,3424,3424,3424,fan,,,,,,,
42,1,1,42,42,42,fan,,,,,,,
42,2,1,84,84,84,fan,,,,,,,
42,3,2,372,372,372,fan,,,,,,,
42,4,2,576,576,576,fan,,,,,,,
42,5,3,1224,1224,1224,fan,,,,,,,
42,6,3,1624,1624,1624,fan,,,,,,,
42,7,4,2812,2812,2812,fan,,,,,,,
42,8,4,3512,3512,3512,fan,,,,,,,
43,1,1,43,43,43,fan,,,,,,,
43,2,1,86,86,86,fan,,,,,,,
43,3,2,381,381,381,fan,,,,,,,
43,4,2,590,590,590,fan,,,,,,,
43,5,3,1254,1254,1254,fan,,,,,,,
43,6,3,1664,1664,1664,fan,,,,,,,
43,7,4,2882,2882,2882,fan,,,,,,,
43,8,4,3600,3600,3600,fan,,,,,,,
44,1,1,44,44,44,fan,,,,,,,
44,2,1,88,88,88,fan,,,,,,,
44,3,2,390,390,390,fan,,,,,,,
44,4,2,604,604,604,fan,,,,,,,
44,5,3,1284,1284,1284,fan,,,,,,,
44,6,3,1704,1704,1704,fan,,,,,,,
44,7,4,2952,2952,2952,fan,,,,,,,
44,8,4,3688,3688,3688,fan,,,,,,,
45,1,1,45,45,45,fan,,,,,,,
45,2,1,90,90,90,fan,,,,,,,
45,3,2,399,399,399,fan,,,,,,,
45,4,2,618,618,618,fan,,,,,,,
45,5,3,1314,1314,1314,fan,,,,,,,
45,6,3,1744,1744,1744,fan,,,,,,,
45,7,4,3022,3022,3022,fan,,,,,,,
45,8,4,3776,3776,3776,fan,,,,,,,
45,9,5,5743,5743,5743,fan,,,,,,,
46,1,1,46,46,46,fan,,,,,,,
46,2,1,92,92,92,fan,,,,,,,
46,3,2,408,408,408,fan,,,,,,,
46,4,2,632,632,632,fan,,,,,,,
46,5,3,1344,1344,1344,fan,,,,,,,
46,6,3,1784,1784,1784,fan,,,,,,,
46,7,4,3092,3092,3092,fan,,,,,,,
46,8,4,3864,3864,3864,fan,,,,,,,
46,9,5,5878,5878,5878,fan,,,,,,,
47,1,1,47,47,47,fan,,,,,,,
47,2,1,94,94,94,fan,,,,,,,
47,3,2,417,417,417,fan,,,,,,,
47,4,2,646,646,646,fan,,,,,,,
47,5,3,1374,1374,1374,fan,,,,,,,
47,6,3,1824,1824,1824,fan,,,,,,,
47,7,4,3162,3162,3162,fan,,,,,,,
47,8,4,3952,3952,3952,fan,,,,,,,
47,9,5,6013,6013,6013,fan,,,,,,,
48,1,1,48,48,48,fan,,,,,,,
48,2,1,96,96,96,fan,,,,,,,
48,3,2,426,426,426,fan,,,,,,,
48,4,2,660,660,660,fan,,,,,,,
48,5,3,1404,1404,1404,fan,,,,,,,
48,6,3,1864,1864,1864,fan,,,,,,,
48,7,4,3232,3232,3232,fan,,,,,,,
48,8,4,4040,4040,4040,fan,,,,,,,
48,9,5,6148,6148,6148,fan,,,,,,,
49,1,1,49,49,49,fan,,,,,,,
49,2,1,98,98,98,fan,,,,,,,
49,3,2,435,435,435,fan,,,,,,,
49,4,2,674,674,674,fan,,,,,,,
49,5,3,1434,1434,1434,fan,,,,,,,
49,6,3,1904,1904,1904,fan,,,,,,,
49,7,4,3302,3302,3302,fan,,,,,,,
49,8,4,4128,4128,4128,fan,,,,,,,
49,9,5,6283,6283,6283,fan,,,,,,,
50,1,1,50,50,50,fan,,,,,,,
50,2,1,100,100,100,fan,,,,,,,
50,3,2,444,444,444,fan,,,,,,,
50,4,2,688,688,688,fan,,,,,,,
50,5,3,1464,1464,1464,fan,,,,,,,
50,6,3,1944,1944,1944,fan,,,,,,,
50,7,4,3372,3372,3372,fan,,,,,,,
50,8,4,4216,4216,4216,fan,,,,,,,
50,9,5,6418,6418,6418,fan,,,,,,,
50,10,5,7660,7660,7660,fan,,,,,,,
51,1,1,51,51,51,fan,,,,,,,
51,2,1,102,102,102,fan,,,,,,,
51,3,2,453,453,453,fan,,,,,,,
51,4,2,702,702,702,fan,,,,,,,
51,5,3,1494,1494,1494,fan,,,,,,,
51,6,3,1984,1984,1984,fan,,,,,,,
51,7,4,3442,3442,3442,fan,,,,,,,
51,8,4,4304,4304,4304,fan,,,,,,,
51,9,5,6553,6553,6553,fan,,,,,,,
51,10,5,7822,7822,7822,fan,,,,,,,
52,1,1,52,52,52,fan,,,,,,,
52,2,1,104,104,104,fan,,,,,,,
52,3,2,462,462,462,fan,,,,,,,
52,4,2,716,716,716,fan,,,,,,,
52,5,3,1524,1524,1524,fan,,,,,,,
52,6,3,2024,2024,2024,fan,,,,,,,
52,7,4,3512,3512,3512,fan,,,,,,,
52,8,4,4392,4392,4392,fan,,,,,,,
52,9,5,6688,6688,6688,fan,,,,,,,
52,10,5,7984,7984,7984,fan,,,,,,,
53,1,1,53,53,53,fan,,,,,,,
53,2,1,106,106,106,fan,,,,,,,
53,3,2,471,471,471,fan,,,,,,,
53,4,2,730,730,730,fan,,,,,,,
53,5,3,1554,1554,1554,fan,,,,,,,
53,6,3,2064,2064,2064,fan,,,,,,,
53,7,4,3582,3582,3582,fan,,,,,,,
53,8,4,4480,4480,4480,fan,,,,,,,
53,9,5,6823,6823,6823,fan,,,,,,,
53,10,5,8146,8146,8146,fan,,,,,,,
54,1,1,54,54,54,fan,,,,,,,
54,2,1,108,108,108,fan,,,,,,,
54,3,2,480,480,480,fan,,,,,,,
54,4,2,744,744,744,fan,,,,,,,
54,5,3,1584,1584,1584,fan,,,,,,,
54,6,3,2104,2104,2104,fan,,,,,,,
54,7,4,3652,3652,3652,fan,,,,,,,
54,8,4,4568,4568,4568,fan,,,,,,,
54,9,5,6958,6958,6958,fan,,,,,,,
54,10,5,8308,8308,8308,fan,,,,,,,
55,1,1,55,55,55,fan,,,,,,,
55,2,1,110,110,110,fan,,,,,,,
55,3,2,489,489,489,fan,,,,,,,
55,4,2,758,758,758,fan,,,,,,,
55,5,3,1614,1614,1614,fan,,,,,,,
55,6,3,2144,2144,2144,fan,,,,,,,
55,7,4,3722,3722,3722,fan,,,,,,,
55,8,4,4656,4656,4656,fan,,,,,,,
55,9,5,7093,7093,7093,fan,,,,,,,
55,10,5,8470,8470,8470,fan,,,,,,,
55,11,6,11987,11987,11987,fan,,,,,,,
56,1,1,56,56,56,fan,,,,,,,
56,2,1,112,112,112,fan,,,,,,,
56,3,2,498,498,498,fan,,,,,,,
56,4,2,772,772,772,fan,,,,,,,
56,5,3,1644,1644,1644,fan,,,,,,,
56,6,3,2184,2184,2184,fan,,,,,,,
56,7,4,3792,3792,3792,fan,,,,,,,
56,8,4,4744,4744,4744,fan,,,,,,,
56,9,5,7228,7228,7228,fan,,,,,,,
56,10,5,8632,8632,8632,fan,,,,,,,
56,11,6,12218,12218,12218,fan,,,,,,,
57,1,1,57,57,57,fan,,,,,,,
57,2,1,114,114,114,fan,,,,,,,
57,3,2,507,507,507,fan,,,,,,,
57,4,2,786,786,786,fan,,,,,,,
57,5,3,1674,1674,1674,fan,,,,,,,
57,6,3,2224,2224,2224,fan,,,,,,,
57,7,4,3862,3862,3862,fan,,,,,,,
57,8,4,4832,4832,4832,fan,,,,,,,
57,9,5,7363,7363,7363,fan,,,,,,,
57,10,5,8794,8794,8794,fan,,,,,,,
57,11,6,12449,12449,12449,fan,,,,,,,
58,1,1,58,58,58,fan,,,,,,,
58,2,1,116,116,116,fan,,,,,,,
58,3,2,516,516,516,fan,,,,,,,
58,4,2,800,800,800,fan,,,,,,,
58,5,3,1704,1704,1704,fan,,,,,,,
58,6,3,2264,2264,2264,fan,,,,,,,
58,7,4,3932,3932,3932,fan,,,,,,,
58,8,4,4920,4920,4920,fan,,,,,,,
58,9,5,7498,7498,7498,fan,,,,,,,
58,10,5,8956,8956,8956,fan,,,,,,,
58,11,6,12680,12680,12680,fan,,,,,,,
59,1,1,59,59,59,fan,,,,,,,
59,2,1,118,118,118,fan,,,,,,,
59,3,2,525,525,525,fan,,,,,,,
59,4,2,814,814,814,fan,,,,,,,
59,5,3,1734,1734,1734,fan,,,,,,,
59,6,3,2304,2304,2304,fan,,,,,,,
59,7,4,4002,4002,4002,fan,,,,,,,
59,8,4,5008,5008,5008,fan,,,,,,,
59,9,5,7633,7633,7633,fan,,,,,,,
59,10,5,9118,9118,9118,fan,,,,,,,
59,11,6,12911,12911,12911,fan,,,,,,,
60,1,1,60,60,60,fan,,,,,,,
60,2,1,120,120,120,fan,,,,,,,
60,3,2,534,534,534,fan,,,,,,,
60,4,2,828,828,828,fan,,,,,,,
60,5,3,1764,1764,1764,fan,,,,,,,
60,6,3,2344,2344,2344,fan,,,,,,,
60,7,4,4072,4072,4072,fan,,,,,,,
60,8,4,5096,5096,5096,fan,,,,,,,
60,9,5,7768,7768,7768,fan,,,,,,,
60,10,5,9280,9280,9280,fan,,,,,,,
60,11,6,13142,13142,13142,fan,,,,,,,
60,12,6,15284,15284,15284,fan,,,,,,,
61,1,1,61,61,61,fan,,,,,,,
61,2,1,122,122,122,fan,,,,,,,
61,3,2,543,543,543,fan,,,,,,,
61,4,2,842,842,842,fan,,,,,,,
61,5,3,1794,1794,1794,fan,,,,,,,
61,6,3,2384,2384,2384,fan,,,,,,,
61,7,4,4142,4142,4142,fan,,,,,,,
61,8,4,5184,5184,5184,fan,,,,,,,
61,9,5,7903,7903,7903,fan,,,,,,,
61,10,5,9442,9442,9442,fan,,,,,,,
61,11,6,13373,13373,13373,fan,,,,,,,
61,12,6,15554,15554,15554,fan,,,,,,,
62,1,1,62,62,62,fan,,,,,,,
62,2,1,124,124,124,fan,,,,,,,
62,3,2,552,552,552,fan,,,,,,,
62,4,2,856,856,856,fan,,,,,,,
62,5,3,1824,1824,1824,fan,,,,,,,
62,6,3,2424,2424,2424,fan,,,,,,,
62,7,4,4212,4212,4212,fan,,,,,,,
62,8,4,5272,5272,5272,fan,,,,,,,
62,9,5,8038,8038,8038,fan,,,,,,,
62,10,5,9604,9604,9604,fan,,,,,,,
62,11,6,13604,13604,13604,fan,,,,,,,
62,12,6,15824,15824,15824,fan,,,,,,,
63,1,1,63,63,63,fan,,,,,,,
63,2,1,126,126,126,fan,,,,,,,
63,3,2,561,561,561,fan,,,,,,,
63,4,2,870,870,870,fan,,,,,,,
63,5,3,1854,1854,1854,fan,,,,,,,
63,6,3,2464,2464,2464,fan,,,,,,,
63,7,4,4282,4282,4282,fan,,,,,,,
63,8,4,5360,5360,5360,fan,,,,,,,
63,9,5,8173,8173,8173,fan,,,,,,,
63,10,5,9766,9766,9766,fan,,,,,,,
63,11,6,13835,13835,13835,fan,,,,,,,
63,12,6,16094,16094,16094,fan,,,,,,,
64,1,1,64,64,64,fan,,,,,,,
64,2,1,128,128,128,fan,,,,,,,
64,3,2,570,570,570,fan,,,,,,,
64,4,2,884,884,884,fan,,,,,,,
64,5,3,1884,1884,1884,fan,,,,,,,
64,6,3,2504,2504,2504,fan,,,,,,,
64,7,4,4352,4352,4352,fan,,,,,,,
64,8,4,5448,5448,5448,fan,,,,,,,
64,9,5,8308,8308,8308,fan,,,,,,,
64,10,5,9928,9928,9928,fan,,,,,,,
64,11,6,14066,14066,14066,fan,,,,,,,
64,12,6,16364,16364,16364,fan,,,,,,,
65,1,1,65,65,65,fan,,,,,,,
65,2,1,130,130,130,fan,,,,,,,
65,3,2,579,579,579,fan,,,,,,,
65,4,2,898,898,898,fan,,,,,,,
65,5,3,1914,1914,1914,fan,,,,,,,
65,6,3,2544,2544,2544,fan,,,,,,,
65,7,4,4422,4422,4422,fan,,,,,,,
65,8,4,5536,5536,5536,fan,,,,,,,
65,9,5,8443,8443,8443,fan,,,,,,,
65,10,5,10090,10090,10090,fan,,,,,,,
65,11,6,14297,14297,14297,fan,,,,,,,
65,12,6,16634,16634,16634,fan,,,,,,,
65,13,6,23100,23100,23100,baseline,,,,,,,
66,1,1,66,66,66,fan,,,,,,,
66,2,1,132,132,132,fan,,,,,,,
66,3,2,588,588,588,fan,,,,,,,
66,4,2,912,912,912,fan,,,,,,,
66,5,3,1944,1944,1944,fan,,,,,,,
66,6,3,2584,2584,2584,fan,,,,,,,
66,7,4,4492,4492,4492,fan,,,,,,,
66,8,4,5624,5624,5624,fan,,,,,,,
66,9,5,8578,8578,8578,fan,,,,,,,
66,10,5,10252,10252,10252,fan,,,,,,,
66,11,6,14528,14528,14528,fan,,,,,,,
66,12,6,16904,16904,16904,fan,,,,,,,
66,13,6,23574,23574,23574,baseline,,,,,,,
67,1,1,67,67,67,fan,,,,,,,
67,2,1,134,134,134,fan,,,,,,,
67,3,2,597,597,597,fan,,,,,,,
67,4,2,926,926,926,fan,,,,,,,
67,5,3,1974,1974,1974,fan,,,,,,,
67,6,3,2624,2624,2624,fan,,,,,,,
67,7,4,4562,4562,4562,fan,,,,,,,
67,8,4,5712,5712,5712,fan,,,,,,,
67,9,5,8713,8713,8713,fan,,,,,,,
67,10,5,10414,10414,10414,fan,,,,,,,
67,11,6,14759,14759,14759,fan,,,,,,,
67,12,6,17174,17174,17174,fan,,,,,,,
67,13,6,24054,24054,24054,baseline,,,,,,,
68,1,1,68,68,68,fan,,,,,,,
68,2,1,136,136,136,fan,,,,,,,
68,3,2,606,606,606,fan,,,,,,,
68,4,2,940,940,940,fan,,,,,,,
68,5,3,2004,2004,2004,fan,,,,,,,
68,6,3,2664,2664,2664,fan,,,,,,,
68,7,4,4632,4632,4632,fan,,,,,,,
68,8,4,5800,5800,5800,fan,,,,,,,
68,9,5,8848,8848,8848,fan,,,,,,,
68,10,5,10576,10576,10576,fan,,,,,,,
68,11,6,14990,14990,14990,fan,,,,,,,
68,12,6,17444,17444,17444,fan,,,,,,,
68,13,6,24534,24534,24534,baseline,,,,,,,
69,1,1,69,69,69,fan,,,,,,,
69,2,1,138,138,138,fan,,,,,,,
69,3,2,615,615,615,fan,,,,,,,
69,4,2,954,954,954,fan,,,,,,,
69,5,3,2034,2034,2034,fan,,,,,,,
69,6,3,2704,2704,2704,fan,,,,,,,
69,7,4,4702,4702,4702,fan,,,,,,,
69,8,4,5888,5888,5888,fan,,,,,,,
69,9,5,8983,8983,8983,fan,,,,,,,
69,10,5,10738,10738,10738,fan,,,,,,,
69,11,6,15221,15221,15221,fan,,,,,,,
69,12,6,17714,17714,17714,fan,,,,,,,
69,13,6,25022,25022,25022,baseline,,,,,,,
70,1,1,70,70,70,fan,,,,,,,
70,2,1,140,140,140,fan,,,,,,,
70,3,2,624,624,624,fan,,,,,,,
70,4,2,968,968,968,fan,,,,,,,
70,5,3,2064,2064,2064,fan,,,,,,,
70,6,3,2744,2744,2744,fan,,,,,,,
70,7,4,4772,4772,4772,fan,,,,,,,
70,8,4,5976,5976,5976,fan,,,,,,,
70,9,5,9118,9118,9118,fan,,,,,,,
70,10,5,10900,10900,10900,fan,,,,,,,
70,11,6,15452,15452,15452,fan,,,,,,,
70,12,6,17984,17984,17984,fan,,,,,,,
70,13,6,25510,25510,25510,baseline,,,,,,,
70,14,7,27440,27440,27440,fan,,,,,,,
71,1,1,71,71,71,fan,,,,,,,
71,2,1,142,142,142,fan,,,,,,,
71,3,2,633,633,633,fan,,,,,,,
71,4,2,982,982,982,fan,,,,,,,
71,5,3,2094,2094,2094,fan,,,,,,,
71,6,3,2784,2784,2784,fan,,,,,,,
71,7,4,4842,4842,4842,fan,,,,,,,
71,8,4,6064,6064,6064,fan,,,,,,,
71,9,5,9253,9253,9253,fan,,,,,,,
71,10,5,11062,11062,11062,fan,,,,,,,
71,11,6,15683,15683,15683,fan,,,,,,,
71,12,6,18254,18254,18254,fan,,,,,,,
71,13,6,26004,26004,26004,baseline,,,,,,,
71,14,7,27856,27856,27856,fan,,,,,,,
72,1,1,72,72,72,fan,,,,,,,
72,2,1,144,144,144,fan,,,,,,,
72,3,2,642,642,642,fan,,,,,,,
72,4,2,996,996,996,fan,,,,,,,
72,5,3,2124,2124,2124,fan,,,,,,,
72,6,3,2824,2824,2824,fan,,,,,,,
72,7,4,4912,4912,4912,fan,,,,,,,
72,8,4,6152,6152,6152,fan,,,,,,,
72,9,5,9388,9388,9388,fan,,,,,,,
72,10,5,11224,11224,11224,fan,,,,,,,
72,11,6,15914,15914,15914,fan,,,,,,,
72,12,6,18524,18524,18524,fan,,,,,,,
72,13,6,26498,26498,26498,baseline,,,,,,,
72,14,7,28272,28272,28272,fan,,,,,,,
73,1,1,73,73,73,fan,,,,,,,
73,2,1,146,146,146,fan,,,,,,,
73,3,2,651,651,651,fan,,,,,,,
73,4,2,1010,1010,1010,fan,,,,,,,
73,5,3,2154,2154,2154,fan,,,,,,,
73,6,3,2864,2864,2864,fan,,,,,,,
73,7,4,4982,4982,4982,fan,,,,,,,
73,8,4,6240,6240,6240,fan,,,,,,,
73,9,5,9523,9523,9523,fan,,,,,,,
73,10,5,11386,11386,11386,fan,,,,,,,
73,11,6,16145,16145,16145,fan,,,,,,,
73,12,6,18794,18794,18794,fan,,,,,,,
73,13,7,25204,25204,25204,fan,,,,,,,
73,14,7,28688,28688,28688,fan,,,,,,,
74,1,1,74,74,74,fan,,,,,,,
74,2,1,148,148,148,fan,,,,,,,
74,3,2,660,660,660,fan,,,,,,,
74,4,2,1024,1024,1024,fan,,,,,,,
74,5,3,2184,2184,2184,fan,,,,,,,
74,6,3,2904,2904,2904,fan,,,,,,,
74,7,4,5052,5052,5052,fan,,,,,,,
74,8,4,6328,6328,6328,fan,,,,,,,
74,9,5,9658,9658,9658,fan,,,,,,,
74,10,5,11548,11548,11548,fan,,,,,,,
74,11,6,16376,16376,16376,fan,,,,,,,
74,12,6,19064,19064,19064,fan,,,,,,,
74,13,7,25568,25568,25568,fan,,,,,,,
74,14,7,29104,29104,29104,fan,,,,,,,
75,1,1,75,75,75,fan,,,,,,,
75,2,1,150,150,150,fan,,,,,,,
75,3,2,669,669,669,fan,,,,,,,
75,4,2,1038,1038,1038,fan,,,,,,,
75,5,3,2214,2214,2214,fan,,,,,,,
75,6,3,2944,2944,2944,fan,,,,,,,
75,7,4,5122,5122,5122,fan,,,,,,,
75,8,4,6416,6416,6416,fan,,,,,,,
75,9,5,9793,9793,9793,fan,,,,,,,
75,10,5,11710,11710,11710,fan,,,,,,,
75,11,6,16607,16607,16607,fan,,,,,,,
75,12,6,19334,19334,19334,fan,,,,,,,
75,13,7,25932,25932,25932,fan,,,,,,,
75,14,7,29520,29520,29520,fan,,,,,,,
75,15,7,39423,39423,39423,baseline,,,,,,,
76,1,1,76,76,76,fan,,,,,,,
76,2,1,152,152,152,fan,,,,,,,
76,3,2,678,678,678,fan,,,,,,,
76,4,2,1052,1052,1052,fan,,,,,,,
76,5,3,2244,2244,2244,fan,,,,,,,
76,6,3,2984,2984,2984,fan,,,,,,,
76,7,4,5192,5192,5192,fan,,,,,,,
76,8,4,6504,6504,6504,fan,,,,,,,
76,9,5,9928,9928,9928,fan,,,,,,,
76,10,5,11872,11872,11872,fan,,,,,,,
76,11,6,16838,16838,16838,fan,,,,,,,
76,12,6,19604,19604,19604,fan,,,,,,,
76,13,7,26296,26296,26296,fan,,,,,,,
76,14,7,29936,29936,29936,fan,,,,,,,
76,15,7,40112,40112,40112,baseline,,,,,,,
77,1,1,77,77,77,fan,,,,,,,
77,2,1,154,154,154,fan,,,,,,,
77,3,2,687,687,687,fan,,,,,,,
77,4,2,1066,1066,1066,fan,,,,,,,
77,5,3,2274,2274,2274,fan,,,,,,,
77,6,3,3024,3024,3024,fan,,,,,,,
77,7,4,5262,5262,5262,fan,,,,,,,
77,8,4,6592,6592,6592,fan,,,,,,,
77,9,5,10063,10063,10063,fan,,,,,,,
77,10,5,12034,12034,12034,fan,,,,,,,
77,11,6,17069,17069,17069,fan,,,,,,,
77,12,6,19874,19874,19874,fan,,,,,,,
77,13,7,26660,26660,26660,fan,,,,,,,
77,14,7,30352,30352,30352,fan,,,,,,,
77,15,7,40808,40808,40808,baseline,,,,,,,
78,1,1,78,78,78,fan,,,,,,,
78,2,1,156,156,156,fan,,,,,,,
78,3,2,696,696,696,fan,,,,,,,
78,4,2,1080,1080,1080,fan,,,,,,,
78,5,3,2304,2304,2304,fan,,,,,,,
78,6,3,3064,3064,3064,fan,,,,,,,
78,7,4,5332,5332,5332,fan,,,,,,,
78,8,4,6680,6680,6680,fan,,,,,,,
78,9,5,10198,10198,10198,fan,,,,,,,
78,10,5,12196,12196,12196,fan,,,,,,,
78,11,6,17300,17300,17300,fan,,,,,,,
78,12,6,20144,20144,20144,fan,,,,,,,
78,13,7,27024,27024,27024,fan,,,,,,,
78,14,7,30768,30768,30768,fan,,,,,,,
78,15,7,41504,41504,41504,baseline,,,,,,,
79,1,1,79,79,79,fan,,,,,,,
79,2,1,158,158,158,fan,,,,,,,
79,3,2,705,705,705,fan,,,,,,,
79,4,2,1094,1094,1094,fan,,,,,,,
79,5,3,2334,2334,2334,fan,,,,,,,
79,6,3,3104,3104,3104,fan,,,,,,,
79,7,4,5402,5402,5402,fan,,,,,,,
79,8,4,6768,6768,6768,fan,,,,,,,
79,9,5,10333,10333,10333,fan,,,,,,,
79,10,5,12358,12358,12358,fan,,,,,,,
79,11,6,17531,17531,17531,fan,,,,,,,
79,12,6,20414,20414,20414,fan,,,,,,,
79,13,7,27388,27388,27388,fan,,,,,,,
79,14,7,31184,31184,31184,fan,,,,,,,
79,15,7,42208,42208,42208,baseline,,,,,,,
80,1,1,80,80,80,fan,,,,,,,
80,2,1,160,160,160,fan,,,,,,,
80,3,2,714,714,714,fan,,,,,,,
80,4,2,1108,1108,1108,fan,,,,,,,
80,5,3,2364,2364,2364,fan,,,,,,,
80,6,3,3144,3144,3144,fan,,,,,,,
80,7,4,5472,5472,5472,fan,,,,,,,
80,8,4,6856,6856,6856,fan,,,,,,,
80,9,5,10468,10468,10468,fan,,,,,,,
80,10,5,12520,12520,12520,fan,,,,,,,
80,11,6,17762,17762,17762,fan,,,,,,,
80,12,6,20684,20684,20684,fan,,,,,,,
80,13,7,27752,27752,27752,fan,,,,,,,
80,14,7,31600,31600,31600,fan,,,,,,,
80,15,7,42912,42912,42912,baseline,,,,,,,
80,16,8,45776,45776,45776,fan,,,,,,,
81,1,1,81,81,81,fan,,,,,,,
81,2,1,162,162,162,fan,,,,,,,
81,3,2,723,723,723,fan,,,,,,,
81,4,2,1122,1122,1122,fan,,,,,,,
81,5,3,2394,2394,2394,fan,,,,,,,
81,6,3,3184,3184,3184,fan,,,,,,,
81,7,4,5542,5542,5542,fan,,,,,,,
81,8,4,6944,6944,6944,fan,,,,,,,
81,9,5,10603,10603,10603,fan,,,,,,,
81,10,5,12682,12682,12682,fan,,,,,,,
81,11,6,17993,17993,17993,fan,,,,,,,
81,12,6,20954,20954,20954,fan,,,,,,,
81,13,7,28116,28116,28116,fan,,,,,,,
81,14,7,32016,32016,32016,fan,,,,,,,
81,15,7,43623,43623,43623,baseline,,,,,,,
81,16,8,46384,46384,46384,fan,,,,,,,
82,1,1,82,82,82,fan,,,,,,,
82,2,1,164,164,164,fan,,,,,,,
82,3,2,732,732,732,fan,,,,,,,
82,4,2,1136,1136,1136,fan,,,,,,,
82,5,3,2424,2424,2424,fan,,,,,,,
82,6,3,3224,3224,3224,fan,,,,,,,
82,7,4,5612,5612,5612,fan,,,,,,,
82,8,4,7032,7032,7032,fan,,,,,,,
82,9,5,10738,10738,10738,fan,,,,,,,
82,10,5,12844,12844,12844,fan,,,,,,,
82,11,6,18224,18224,18224,fan,,,,,,,
82,12,6,21224,21224,21224,fan,,,,,,,
82,13,7,28480,28480,28480,fan,,,,,,,
82,14,7,32432,32432,32432,fan,,,,,,,
82,15,7,44334,44334,44334,baseline,,,,,,,
82,16,8,46992,46992,46992,fan,,,,,,,
83,1,1,83,83,83,fan,,,,,,,
83,2,1,166,166,166,fan,,,,,,,
83,3,2,741,741,741,fan,,,,,,,
83,4,2,1150,1150,1150,fan,,,,,,,
83,5,3,2454,2454,2454,fan,,,,,,,
83,6,3,3264,3264,3264,fan,,,,,,,
83,7,4,5682,5682,5682,fan,,,,,,,
83,8,4,7120,7120,7120,fan,,,,,,,
83,9,5,10873,10873,10873,fan,,,,,,,
83,10,5,13006,13006,13006,fan,,,,,,,
83,11,6,18455,18455,18455,fan,,,,,,,
83,12,6,21494,21494,21494,fan,,,,,,,
83,13,7,28844,28844,28844,fan,,,,,,,
83,14,7,32848,32848,32848,fan,,,,,,,
83,15,7,45052,45052,45052,baseline,,,,,,,
83,16,8,47600,47600,47600,fan,,,,,,,
84,1,1,84,84,84,fan,,,,,,,
84,2,1,168,168,168,fan,,,,,,,
84,3,2,750,750,750,fan,,,,,,,
84,4,2,1164,1164,1164,fan,,,,,,,
84,5,3,2484,2484,2484,fan,,,,,,,
84,6,3,3304,3304,3304,fan,,,,,,,
84,7,4,5752,5752,5752,fan,,,,,,,
84,8,4,7208,7208,7208,fan,,,,,,,
84,9,5,11008,11008,11008,fan,,,,,,,
84,10,5,13168,13168,13168,fan,,,,,,,
84,11,6,18686,18686,18686,fan,,,,,,,
84,12,6,21764,21764,21764,fan,,,,,,,
84,13,7,29208,29208,29208,fan,,,,,,,
84,14,7,33264,33264,33264,fan,,,,,,,
84,15,7,45770,45770,45770,baseline,,,,,,,
84,16,8,48208,48208,48208,fan,,,,,,,
85,1,1,85,85,85,fan,,,,,,,
85,2,1,170,170,170,fan,,,,,,,
85,3,2,759,759,759,fan,,,,,,,
85,4,2,1178,1178,1178,fan,,,,,,,
85,5,3,2514,2514,2514,fan,,,,,,,
85,6,3,3344,3344,3344,fan,,,,,,,
85,7,4,5822,5822,5822,fan,,,,,,,
85,8,4,7296,7296,7296,fan,,,,,,,
85,9,5,11143,11143,11143,fan,,,,,,,
85,10,5,13330,13330,13330,fan,,,,,,,
85,11,6,18917,18917,18917,fan,,,,,,,
85,12,6,22034,22034,22034,fan,,,,,,,
85,13,7,29572,29572,29572,fan,,,,,,,
85,14,7,33680,33680,33680,fan,,,,,,,
85,15,7,46495,46495,46495,baseline,,,,,,,
85,16,8,48816,48816,48816,fan,,,,,,,
85,17,8,63117,63117,63117,baseline,,,,,,,
86,1,1,86,86,86,fan,,,,,,,
86,2,1,172,172,172,fan,,,,,,,
86,3,2,768,768,768,fan,,,,,,,
86,4,2,1192,1192,1192,fan,,,,,,,
86,5,3,2544,2544,2544,fan,,,,,,,
86,6,3,3384,3384,3384,fan,,,,,,,
86,7,4,5892,5892,5892,fan,,,,,,,
86,8,4,7384,7384,7384,fan,,,,,,,
86,9,5,11278,11278,11278,fan,,,,,,,
86,10,5,13492,13492,13492,fan,,,,,,,
86,11,6,19148,19148,19148,fan,,,,,,,
86,12,6,22304,22304,22304,fan,,,,,,,
86,13,7,29936,29936,29936,fan,,,,,,,
86,14,7,34096,34096,34096,fan,,,,,,,
86,15,7,47220,47220,47220,baseline,,,,,,,
86,16,8,49424,49424,49424,fan,,,,,,,
86,17,8,64074,64074,64074,baseline,,,,,,,
87,1,1,87,87,87,fan,,,,,,,
87,2,1,174,174,174,fan,,,,,,,
87,3,2,777,777,777,fan,,,,,,,
87,4,2,1206,1206,1206,fan,,,,,,,
87,5,3,2574,2574,2574,fan,,,,,,,
87,6,3,3424,3424,3424,fan,,,,,,,
87,7,4,5962,5962,5962,fan,,,,,,,
87,8,4,7472,7472,7472,fan,,,,,,,
87,9,5,11413,11413,11413,fan,,,,,,,
87,10,5,13654,13654,13654,fan,,,,,,,
87,11,6,19379,19379,19379,fan,,,,,,,
87,12,6,22574,22574,22574,fan,,,,,,,
87,13,7,30300,30300,30300,fan,,,,,,,
87,14,7,34512,34512,34512,fan,,,,,,,
87,15,7,47953,47953,47953,baseline,,,,,,,
87,16,8,50032,50032,50032,fan,,,,,,,
87,17,8,65039,65039,65039,baseline,,,,,,,
88,1,1,88,88,88,fan,,,,,,,
88,2,1,176,176,176,fan,,,,,,,
88,3,2,786,786,786,fan,,,,,,,
88,4,2,1220,1220,1220,fan,,,,,,,
88,5,3,2604,2604,2604,fan,,,,,,,
88,6,3,3464,3464,3464,fan,,,,,,,
88,7,4,6032,6032,6032,fan,,,,,,,
88,8,4,7560,7560,7560,fan,,,,,,,
88,9,5,11548,11548,11548,fan,,,,,,,
88,10,5,13816,13816,13816,fan,,,,,,,
88,11,6,19610,19610,19610,fan,,,,,,,
88,12,6,22844,22844,22844,fan,,,,,,,
88,13,7,30664,30664,30664,fan,,,,,,,
88,14,7,34928,34928,34928,fan,,,,,,,
88,15,7,48686,48686,48686,baseline,,,,,,,
88,16,8,50640,50640,50640,fan,,,,,,,
88,17,8,66004,66004,66004,baseline,,,,,,,
89,1,1,89,89,89,fan,,,,,,,
89,2,1,178,178,178,fan,,,,,,,
89,3,2,795,795,795,fan,,,,,,,
89,4,2,1234,1234,1234,fan,,,,,,,
89,5,3,2634,2634,2634,fan,,,,,,,
89,6,3,3504,3504,3504,fan,,,,,,,
89,7,4,6102,6102,6102,fan,,,,,,,
89,8,4,7648,7648,7648,fan,,,,,,,
89,9,5,11683,11683,11683,fan,,,,,,,
89,10,5,13978,13978,13978,fan,,,,,,,
89,11,6,19841,19841,19841,fan,,,,,,,
89,12,6,23114,23114,23114,fan,,,,,,,
89,13,7,31028,31028,31028,fan,,,,,,,
89,14,7,35344,35344,35344,fan,,,,,,,
89,15,7,49426,49426,49426,baseline,,,,,,,
89,16,8,51248,51248,51248,fan,,,,,,,
89,17,8,66977,66977,66977,baseline,,,,,,,
90,1,1,90,90,90,fan,,,,,,,
90,2,1,180,180,180,fan,,,,,,,
90,3,2,804,804,804,fan,,,,,,,
90,4,2,1248,1248,1248,fan,,,,,,,
90,5,3,2664,2664,2664,fan,,,,,,,
90,6,3,3544,3544,3544,fan,,,,,,,
90,7,4,6172,6172,6172,fan,,,,,,,
90,8,4,7736,7736,7736,fan,,,,,,,
90,9,5,11818,11818,11818,fan,,,,,,,
90,10,5,14140,14140,14140,fan,,,,,,,
90,11,6,20072,20072,20072,fan,,,,,,,
90,12,6,23384,23384,23384,fan,,,,,,,
90,13,7,31392,31392,31392,fan,,,,,,,
90,14,7,35760,35760,35760,fan,,,,,,,
90,15,7,50166,50166,50166,baseline,,,,,,,
90,16,8,51856,51856,51856,fan,,,,,,,
90,17,8,67950,67950,67950,baseline,,,,,,,
90,18,9,71940,71940,71940,fan,,,,,,,
91,1,1,91,91,91,fan,,,,,,,
91,2,1,182,182,182,fan,,,,,,,
91,3,2,813,813,813,fan,,,,,,,
91,4,2,1262,1262,1262,fan,,,,,,,
91,5,3,2694,2694,2694,fan,,,,,,,
91,6,3,3584,3584,3584,fan,,,,,,,
91,7,4,6242,6242,6242,fan,,,,,,,
91,8,4,7824,7824,7824,fan,,,,,,,
91,9,5,11953,11953,11953,fan,,,,,,,
91,10,5,14302,14302,14302,fan,,,,,,,
91,11,6,20303,20303,20303,fan,,,,,,,
91,12,6,23654,23654,23654,fan,,,,,,,
91,13,7,31756,31756,31756,fan,,,,,,,
91,14,7,36176,36176,36176,fan,,,,,,,
91,15,7,50913,50913,50913,baseline,,,,,,,
91,16,8,52464,52464,52464,fan,,,,,,,
91,17,8,68931,68931,68931,baseline,,,,,,,
91,18,9,72790,72790,72790,fan,,,,,,,
92,1,1,92,92,92,fan,,,,,,,
92,2,1,184,184,184,fan,,,,,,,
92,3,2,822,822,822,fan,,,,,,,
92,4,2,1276,1276,1276,fan,,,,,,,
92,5,3,2724,2724,2724,fan,,,,,,,
92,6,3,3624,3624,3624,fan,,,,,,,
92,7,4,6312,6312,6312,fan,,,,,,,
92,8,4,7912,7912,7912,fan,,,,,,,
92,9,5,12088,12088,12088,fan,,,,,,,
92,10,5,14464,14464,14464,fan,,,,,,,
92,11,6,20534,20534,20534,fan,,,,,,,
92,12,6,23924,23924,23924,fan,,,,,,,
92,13,7,32120,32120,32120,fan,,,,,,,
92,14,7,36592,36592,36592,fan,,,,,,,
92,15,7,51660,51660,51660,baseline,,,,,,,
92,16,8,53072,53072,53072,fan,,,,,,,
92,17,8,69912,69912,69912,baseline,,,,,,,
92,18,9,73640,73640,73640,fan,,,,,,,
93,1,1,93,93,93,fan,,,,,,,
93,2,1,186,186,186,fan,,,,,,,
93,3,2,831,831,831,fan,,,,,,,
93,4,2,1290,1290,1290,fan,,,,,,,
93,5,3,2754,2754,2754,fan,,,,,,,
93,6,3,3664,3664,3664,fan,,,,,,,
93,7,4,6382,6382,6382,fan,,,,,,,
93,8,4,8000,8000,8000,fan,,,,,,,
93,9,5,12223,12223,12223,fan,,,,,,,
93,10,5,14626,14626,14626,fan,,,,,,,
93,11,6,20765,20765,20765,fan,,,,,,,
93,12,6,24194,24194,24194,fan,,,,,,,
93,13,7,32484,32484,32484,fan,,,,,,,
93,14,7,37008,37008,37008,fan,,,,,,,
93,15,7,52414,52414,52414,baseline,,,,,,,
93,16,8,53680,53680,53680,fan,,,,,,,
93,17,8,70902,70902,70902,baseline,,,,,,,
93,18,9,74490,74490,74490,fan,,,,,,,
94,1,1,94,94,94,fan,,,,,,,
94,2,1,188,188,188,fan,,,,,,,
94,3,2,840,840,840,fan,,,,,,,
94,4,2,1304,1304,1304,fan,,,,,,,
94,5,3,2784,2784,2784,fan,,,,,,,
94,6,3,3704,3704,3704,fan,,,,,,,
94,7,4,6452,6452,6452,fan,,,,,,,
94,8,4,8088,8088,8088,fan,,,,,,,
94,9,5,12358,12358,12358,fan,,,,,,,
94,10,5,14788,14788,14788,fan,,,,,,,
94,11,6,20996,20996,20996,fan,,,,,,,
94,12,6,24464,24464,24464,fan,,,,,,,
94,13,7,32848,32848,32848,fan,,,,,,,
94,14,7,37424,37424,37424,fan,,,,,,,
94,15,7,53168,53168,53168,baseline,,,,,,,
94,16,8,54288,54288,54288,fan,,,,,,,
94,17,8,71892,71892,71892,baseline,,,,,,,
94,18,9,75340,75340,75340,fan,,,,,,,
95,1,1,95,95,95,fan,,,,,,,
95,2,1,190,190,190,fan,,,,,,,
95,3,2,849,849,849,fan,,,,,,,
95,4,2,1318,1318,1318,fan,,,,,,,
95,5,3,2814,2814,2814,fan,,,,,,,
95,6,3,3744,3744,3744,fan,,,,,,,
95,7,4,6522,6522,6522,fan,,,,,,,
95,8,4,8176,8176,8176,fan,,,,,,,
95,9,5,12493,12493,12493,fan,,,,,,,
95,10,5,14950,14950,14950,fan,,,,,,,
95,11,6,21227,21227,21227,fan,,,,,,,
95,12,6,24734,24734,24734,fan,,,,,,,
95,13,7,33212,33212,33212,fan,,,,,,,
95,14,7,37840,37840,37840,fan,,,,,,,
95,15,7,53930,53930,53930,baseline,,,,,,,
95,16,8,54896,54896,54896,fan,,,,,,,
95,17,8,72890,72890,72890,baseline,,,,,,,
95,18,9,76190,76190,76190,fan,,,,,,,
95,19,9,96104,96104,96104,baseline,,,,,,,
96,1,1,96,96,96,fan,,,,,,,
96,2,1,192,192,192,fan,,,,,,,
96,3,2,858,858,858,fan,,,,,,,
96,4,2,1332,1332,1332,fan,,,,,,,
96,5,3,2844,2844,2844,fan,,,,,,,
96,6,3,3784,3784,3784,fan,,,,,,,
96,7,4,6592,6592,6592,fan,,,,,,,
96,8,4,8264,8264,8264,fan,,,,,,,
96,9,5,12628,12628,12628,fan,,,,,,,
96,10,5,15112,15112,15112,fan,,,,,,,
96,11,6,21458,21458,21458,fan,,,,,,,
96,12,6,25004,25004,25004,fan,,,,,,,
96,13,7,33576,33576,33576,fan,,,,,,,
96,14,7,38256,38256,38256,fan,,,,,,,
96,15,7,54692,54692,54692,baseline,,,,,,,
96,16,8,55504,55504,55504,fan,,,,,,,
96,17,8,73888,73888,73888,baseline,,,,,,,
96,18,9,77040,77040,77040,fan,,,,,,,
96,19,9,97388,97388,97388,baseline,,,,,,,
97,1,1,97,97,97,fan,,,,,,,
97,2,1,194,194,194,fan,,,,,,,
97,3,2,867,867,867,fan,,,,,,,
97,4,2,1346,1346,1346,fan,,,,,,,
97,5,3,2874,2874,2874,fan,,,,,,,
97,6,3,3824,3824,3824,fan,,,,,,,
97,7,4,6662,6662,6662,fan,,,,,,,
97,8,4,8352,8352,8352,fan,,,,,,,
97,9,5,12763,12763,12763,fan,,,,,,,
97,10,5,15274,15274,15274,fan,,,,,,,
97,11,6,21689,21689,21689,fan,,,,,,,
97,12,6,25274,25274,25274,fan,,,,,,,
97,13,7,33940,33940,33940,fan,,,,,,,
97,14,7,38672,38672,38672,fan,,,,,,,
97,15,7,55461,55461,55461,baseline,,,,,,,
97,16,8,56112,56112,56112,fan,,,,,,,
97,17,8,74894,74894,74894,baseline,,,,,,,
97,18,9,77890,77890,77890,fan,,,,,,,
97,19,9,98681,98681,98681,baseline,,,,,,,
98,1,1,98,98,98,fan,,,,,,,
98,2,1,196,196,196,fan,,,,,,,
98,3,2,876,876,876,fan,,,,,,,
98,4,2,1360,1360,1360,fan,,,,,,,
98,5,3,2904,2904,2904,fan,,,,,,,
98,6,3,3864,3864,3864,fan,,,,,,,
98,7,4,6732,6732,6732,fan,,,,,,,
98,8,4,8440,8440,8440,fan,,,,,,,
98,9,5,12898,12898,12898,fan,,,,,,,
98,10,5,15436,15436,15436,fan,,,,,,,
98,11,6,21920,21920,21920,fan,,,,,,,
98,12,6,25544,25544,25544,fan,,,,,,,
98,13,7,34304,34304,34304,fan,,,,,,,
98,14,7,39088,39088,39088,fan,,,,,,,
98,15,7,56230,56230,56230,baseline,,,,,,,
98,16,8,56720,56720,56720,fan,,,,,,,
98,17,8,75900,75900,75900,baseline,,,,,,,
98,18,9,78740,78740,78740,fan,,,,,,,
98,19,9,99974,99974,99974,baseline,,,,,,,
99,1,1,99,99,99,fan,,,,,,,
99,2,1,198,198,198,fan,,,,,,,
99,3,2,885,885,885,fan,,,,,,,
99,4,2,1374,1374,1374,fan,,,,,,,
99,5,3,2934,2934,2934,fan,,,,,,,
99,6,3,3904,3904,3904,fan,,,,,,,
99,7,4,6802,6802,6802,fan,,,,,,,
99,8,4,8528,8528,8528,fan,,,,,,,
99,9,5,13033,13033,13033,fan,,,,,,,
99,10,5,15598,15598,15598,fan,,,,,,,
99,11,6,22151,22151,22151,fan,,,,,,,
99,12,6,25814,25814,25814,fan,,,,,,,
99,13,7,34668,34668,34668,fan,,,,,,,
99,14,7,39504,39504,39504,fan,,,,,,,
99,15,8,51076,51076,51076,fan,,,,,,,
99,16,8,57328,57328,57328,fan,,,,,,,
99,17,8,76914,76914,76914,baseline,,,,,,,
99,18,9,79590,79590,79590,fan,,,,,,,
99,19,9,101277,101277,101277,baseline,,,,,,,
100,1,1,100,100,100,fan,,,,,,,
100,2,1,200,200,200,fan,,,,,,,
100,3,2,894,894,894,fan,,,,,,,
100,4,2,1388,1388,1388,fan,,,,,,,
100,5,3,2964,2964,2964,fan,,,,,,,
100,6,3,3944,3944,3944,fan,,,,,,,
100,7,4,6872,6872,6872,fan,,,,,,,
100,8,4,8616,8616,8616,fan,,,,,,,
100,9,5,13168,13168,13168,fan,,,,,,,
100,10,5,15760,15760,15760,fan,,,,,,,
100,11,6,22382,22382,22382,fan,,,,,,,
100,12,6,26084,26084,26084,fan,,,,,,,
100,13,7,35032,35032,35032,fan,,,,,,,
100,14,7,39920,39920,39920,fan,,,,,,,
100,15,8,51616,51616,51616,fan,,,,,,,
100,16,8,57936,57936,57936,fan,,,,,,,
100,17,8,77928,77928,77928,baseline,,,,,,,
100,18,9,80440,80440,80440,fan,,,,,,,
100,19,9,102580,102580,102580,baseline,,,,,,,
100,20,10,108060,108060,108060,fan,,,,,,,
101,1,1,101,101,101,fan,,,,,,,
101,2,1,202,202,202,fan,,,,,,,
101,3,2,903,903,903,fan,,,,,,,
101,4,2,1402,1402,1402,fan,,,,,,,
101,5,3,2994,2994,2994,fan,,,,,,,
101,6,3,3984,3984,3984,fan,,,,,,,
101,7,4,6942,6942,6942,fan,,,,,,,
101,8,4,8704,8704,8704,fan,,,,,,,
101,9,5,13303,13303,13303,fan,,,,,,,
101,10,5,15922,15922,15922,fan,,,,,,,
101,11,6,22613,22613,22613,fan,,,,,,,
101,12,6,26354,26354,26354,fan,,,,,,,
101,13,7,35396,35396,35396,fan,,,,,,,
101,14,7,40336,40336,40336,fan,,,,,,,
101,15,8,52156,52156,52156,fan,,,,,,,
101,16,8,58544,58544,58544,fan,,,,,,,
101,17,8,78952,78952,78952,baseline,,,,,,,
101,18,9,81290,81290,81290,fan,,,,,,,
101,19,9,103892,103892,103892,baseline,,,,,,,
101,20,10,109210,109210,109210,fan,,,,,,,
102,1,1,102,102,102,fan,,,,,,,
102,2,1,204,204,204,fan,,,,,,,
102,3,2,912,912,912,fan,,,,,,,
102,4,2,1416,1416,1416,fan,,,,,,,
102,5,3,3024,3024,3024,fan,,,,,,,
102,6,3,4024,4024,4024,fan,,,,,,,
102,7,4,7012,7012,7012,fan,,,,,,,
102,8,4,8792,8792,8792,fan,,,,,,,
102,9,5,13438,13438,13438,fan,,,,,,,
102,10,5,16084,16084,16084,fan,,,,,,,
102,11,6,22844,22844,22844,fan,,,,,,,
102,12,6,26624,26624,26624,fan,,,,,,,
102,13,7,35760,35760,35760,fan,,,,,,,
102,14,7,40752,40752,40752,fan,,,,,,,
102,15,8,52696,52696,52696,fan,,,,,,,
102,16,8,59152,59152,59152,fan,,,,,,,
102,17,8,79976,79976,79976,baseline,,,,,,,
102,18,9,82140,82140,82140,fan,,,,,,,
102,19,9,105204,105204,105204,baseline,,,,,,,
102,20,10,110360,110360,110360,fan,,,,,,,
103,1,1,103,103,103,fan,,,,,,,
103,2,1,206,206,206,fan,,,,,,,
103,3,2,921,921,921,fan,,,,,,,
103,4,2,1430,1430,1430,fan,,,,,,,
103,5,3,3054,3054,3054,fan,,,,,,,
103,6,3,4064,4064,4064,fan,,,,,,,
103,7,4,7082,7082,7082,fan,,,,,,,
103,8,4,8880,8880,8880,fan,,,,,,,
103,9,5,13573,13573,13573,fan,,,,,,,
103,10,5,16246,16246,16246,fan,,,,,,,
103,11,6,23075,23075,23075,fan,,,,,,,
103,12,6,26894,26894,26894,fan,,,,,,,
103,13,7,36124,36124,36124,fan,,,,,,,
103,14,7,41168,41168,41168,fan,,,,,,,
103,15,8,53236,53236,53236,fan,,,,,,,
103,16,8,59760,59760,59760,fan,,,,,,,
103,17,8,81008,81008,81008,baseline,,,,,,,
103,18,9,82990,82990,82990,fan,,,,,,,
103,19,9,106526,106526,106526,baseline,,,,,,,
103,20,10,111510,111510,111510,fan,,,,,,,
104,1,1,104,104,104,fan,,,,,,,
104,2,1,208,208,208,fan,,,,,,,
104,3,2,930,930,930,fan,,,,,,,
104,4,2,1444,1444,1444,fan,,,,,,,
104,5,3,3084,3084,3084,fan,,,,,,,
104,6,3,4104,4104,4104,fan,,,,,,,
104,7,4,7152,7152,7152,fan,,,,,,,
104,8,4,8968,8968,8968,fan,,,,,,,
104,9,5,13708,13708,13708,fan,,,,,,,
104,10,5,16408,16408,16408,fan,,,,,,,
104,11,6,23306,23306,23306,fan,,,,,,,
104,12,6,27164,27164,27164,fan,,,,,,,
104,13,7,36488,36488,36488,fan,,,,,,,
104,14,7,41584,41584,41584,fan,,,,,,,
104,15,8,53776,53776,53776,fan,,,,,,,
104,16,8,60368,60368,60368,fan,,,,,,,
104,17,8,82040,82040,82040,baseline,,,,,,,
104,18,9,83840,83840,83840,fan,,,,,,,
104,19,9,107848,107848,107848,baseline,,,,,,,
104,20,10,112660,112660,112660,fan,,,,,,,
105,1,1,105,105,105,fan,,,,,,,
105,2,1,210,210,210,fan,,,,,,,
105,3,2,939,939,939,fan,,,,,,,
105,4,2,1458,1458,1458,fan,,,,,,,
105,5,3,3114,3114,3114,fan,,,,,,,
105,6,3,4144,4144,4144,fan,,,,,,,
105,7,4,7222,7222,7222,fan,,,,,,,
105,8,4,9056,9056,9056,fan,,,,,,,
105,9,5,13843,13843,13843,fan,,,,,,,
105,10,5,16570,16570,16570,fan,,,,,,,
105,11,6,23537,23537,23537,fan,,,,,,,
105,12,6,27434,27434,27434,fan,,,,,,,
105,13,7,36852,36852,36852,fan,,,,,,,
105,14,7,42000,42000,42000,fan,,,,,,,
105,15,8,54316,54316,54316,fan,,,,,,,
105,16,8,60976,60976,60976,fan,,,,,,,
105,17,8,83081,83081,83081,baseline,,,,,,,
105,18,9,84690,84690,84690,fan,,,,,,,
105,19,9,109179,109179,109179,baseline,,,,,,,
105,20,10,113810,113810,113810,fan,,,,,,,
105,21,10,140539,140533,140533,guided,0,1,110,1,162210205,3595,194
106,1,1,106,106,106,fan,,,,,,,
106,2,1,212,212,212,fan,,,,,,,
106,3,2,948,948,948,fan,,,,,,,
106,4,2,1472,1472,1472,fan,,,,,,,
106,5,3,3144,3144,3144,fan,,,,,,,
106,6,3,4184,4184,4184,fan,,,,,,,
106,7,4,7292,7292,7292,fan,,,,,,,
106,8,4,9144,9144,9144,fan,,,,,,,
106,9,5,13978,13978,13978,fan,,,,,,,
106,10,5,16732,16732,16732,fan,,,,,,,
106,11,6,23768,23768,23768,fan,,,,,,,
106,12,6,27704,27704,27704,fan,,,,,,,
106,13,7,37216,37216,37216,fan,,,,,,,
106,14,7,42416,42416,42416,fan,,,,,,,
106,15,8,54856,54856,54856,fan,,,,,,,
106,16,8,61584,61584,61584,fan,,,,,,,
106,17,8,84122,84122,84122,baseline,,,,,,,
106,18,9,85540,85540,85540,fan,,,,,,,
106,19,9,110510,110510,110510,baseline,,,,,,,
106,20,10,114960,114960,114960,fan,,,,,,,
106,21,10,142216,142212,142212,guided,0,3,110,1,107787975,2380,131
107,1,1,107,107,107,fan,,,,,,,
107,2,1,214,214,214,fan,,,,,,,
107,3,2,957,957,957,fan,,,,,,,
107,4,2,1486,1486,1486,fan,,,,,,,
107,5,3,3174,3174,3174,fan,,,,,,,
107,6,3,4224,4224,4224,fan,,,,,,,
107,7,4,7362,7362,7362,fan,,,,,,,
107,8,4,9232,9232,9232,fan,,,,,,,
107,9,5,14113,14113,14113,fan,,,,,,,
107,10,5,16894,16894,16894,fan,,,,,,,
107,11,6,23999,23999,23999,fan,,,,,,,
107,12,6,27974,27974,27974,fan,,,,,,,
107,13,7,37580,37580,37580,fan,,,,,,,
107,14,7,42832,42832,42832,fan,,,,,,,
107,15,8,55396,55396,55396,fan,,,,,,,
107,16,8,62192,62192,62192,fan,,,,,,,
107,17,8,85171,85171,85171,baseline,,,,,,,
107,18,9,86390,86390,86390,fan,,,,,,,
107,19,9,111852,111852,111852,baseline,,,,,,,
107,20,10,116110,116110,116110,fan,,,,,,,
107,21,10,143903,143901,143901,guided,0,3,110,1,159491073,3575,199
108,1,1,108,108,108,fan,,,,,,,
108,2,1,216,216,216,fan,,,,,,,
108,3,2,966,966,966,fan,,,,,,,
108,4,2,1500,1500,1500,fan,,,,,,,
108,5,3,3204,3204,3204,fan,,,,,,,
108,6,3,4264,4264,4264,fan,,,,,,,
108,7,4,7432,7432,7432,fan,,,,,,,
108,8,4,9320,9320,9320,fan,,,,,,,
108,9,5,14248,14248,14248,fan,,,,,,,
108,10,5,17056,17056,17056,fan,,,,,,,
108,11,6,24230,24230,24230,fan,,,,,,,
108,12,6,28244,28244,28244,fan,,,,,,,
108,13,7,37944,37944,37944,fan,,,,,,,
108,14,7,43248,43248,43248,fan,,,,,,,
108,15,8,55936,55936,55936,fan,,,,,,,
108,16,8,62800,62800,62800,fan,,,,,,,
108,17,8,86220,86220,86220,baseline,,,,,,,
108,18,9,87240,87240,87240,fan,,,,,,,
108,19,9,113194,113194,113194,baseline,,,,,,,
108,20,10,117260,117260,117260,fan,,,,,,,
108,21,10,145590,145590,145590,baseline,,,,,,,
109,1,1,109,109,109,fan,,,,,,,
109,2,1,218,218,218,fan,,,,,,,
109,3,2,975,975,975,fan,,,,,,,
109,4,2,1514,1514,1514,fan,,,,,,,
109,5,3,3234,3234,3234,fan,,,,,,,
109,6,3,4304,4304,4304,fan,,,,,,,
109,7,4,7502,7502,7502,fan,,,,,,,
109,8,4,9408,9408,9408,fan,,,,,,,
109,9,5,14383,14383,14383,fan,,,,,,,
109,10,5,17218,17218,17218,fan,,,,,,,
109,11,6,24461,24461,24461,fan,,,,,,,
109,12,6,28514,28514,28514,fan,,,,,,,
109,13,7,38308,38308,38308,fan,,,,,,,
109,14,7,43664,43664,43664,fan,,,,,,,
109,15,8,56476,56476,56476,fan,,,,,,,
109,16,8,63408,63408,63408,fan,,,,,,,
109,17,8,87279,87279,87279,baseline,,,,,,,
109,18,9,88090,88090,88090,fan,,,,,,,
109,19,9,114545,114545,114545,baseline,,,,,,,
109,20,10,118410,118410,118410,fan,,,,,,,
109,21,10,147290,147290,147290,baseline,,,,,,,
110,1,1,110,110,110,fan,,,,,,,
110,2,1,220,220,220,fan,,,,,,,
110,3,2,984,984,984,fan,,,,,,,
110,4,2,1528,1528,1528,fan,,,,,,,
110,5,3,3264,3264,3264,fan,,,,,,,
110,6,3,4344,4344,4344,fan,,,,,,,
110,7,4,7572,7572,7572,fan,,,,,,,
110,8,4,9496,9496,9496,fan,,,,,,,
110,9,5,14518,14518,14518,fan,,,,,,,
110,10,5,17380,17380,17380,fan,,,,,,,
110,11,6,24692,24692,24692,fan,,,,,,,
110,12,6,28784,28784,28784,fan,,,,,,,
110,13,7,38672,38672,38672,fan,,,,,,,
110,14,7,44080,44080,44080,fan,,,,,,,
110,15,8,57016,57016,57016,fan,,,,,,,
110,16,8,64016,64016,64016,fan,,,,,,,
110,17,8,88338,88338,88338,baseline,,,,,,,
110,18,9,88940,88940,88940,fan,,,,,,,
110,19,9,115896,115896,115896,baseline,,,,,,,
110,20,10,119560,119560,119560,fan,,,,,,,
110,21,10,148990,148990,148990,baseline,,,,,,,
110,22,10,185232,185232,185232,baseline,,,,,,,
111,1,1,111,111,111,fan,,,,,,,
111,2,1,222,222,222,fan,,,,,,,
111,3,2,993,993,993,fan,,,,,,,
111,4,2,1542,1542,1542,fan,,,,,,,
111,5,3,3294,3294,3294,fan,,,,,,,
111,6,3,4384,4384,4384,fan,,,,,,,
111,7,4,7642,7642,7642,fan,,,,,,,
111,8,4,9584,9584,9584,fan,,,,,,,
111,9,5,14653,14653,14653,fan,,,,,,,
111,10,5,17542,17542,17542,fan,,,,,,,
111,11,6,24923,24923,24923,fan,,,,,,,
111,12,6,29054,29054,29054,fan,,,,,,,
111,13,7,39036,39036,39036,fan,,,,,,,
111,14,7,44496,44496,44496,fan,,,,,,,
111,15,8,57556,57556,57556,fan,,,,,,,
111,16,8,64624,64624,64624,fan,,,,,,,
111,17,8,89405,89405,89405,baseline,,,,,,,
111,18,9,89790,89790,89790,fan,,,,,,,
111,19,9,117257,117257,117257,baseline,,,,,,,
111,20,10,120710,120710,120710,fan,,,,,,,
111,21,10,150700,150700,150700,baseline,,,,,,,
111,22,11,157712,157712,157712,fan,,,,,,,
112,1,1,112,112,112,fan,,,,,,,
112,2,1,224,224,224,fan,,,,,,,
112,3,2,1002,1002,1002,fan,,,,,,,
112,4,2,1556,1556,1556,fan,,,,,,,
112,5,3,3324,3324,3324,fan,,,,,,,
112,6,3,4424,4424,4424,fan,,,,,,,
112,7,4,7712,7712,7712,fan,,,,,,,
112,8,4,9672,9672,9672,fan,,,,,,,
112,9,5,14788,14788,14788,fan,,,,,,,
112,10,5,17704,17704,17704,fan,,,,,,,
112,11,6,25154,25154,25154,fan,,,,,,,
112,12,6,29324,29324,29324,fan,,,,,,,
112,13,7,39400,39400,39400,fan,,,,,,,
112,14,7,44912,44912,44912,fan,,,,,,,
112,15,8,58096,58096,58096,fan,,,,,,,
112,16,8,65232,65232,65232,fan,,,,,,,
112,17,8,90472,90472,90472,baseline,,,,,,,
112,18,9,90640,90640,90640,fan,,,,,,,
112,19,9,118618,118618,118618,baseline,,,,,,,
112,20,10,121860,121860,121860,fan,,,,,,,
112,21,10,152410,152410,152410,baseline,,,,,,,
112,22,11,159224,159224,159224,fan,,,,,,,
113,1,1,113,113,113,fan,,,,,,,
113,2,1,226,226,226,fan,,,,,,,
113,3,2,1011,1011,1011,fan,,,,,,,
113,4,2,1570,1570,1570,fan,,,,,,,
113,5,3,3354,3354,3354,fan,,,,,,,
113,6,3,4464,4464,4464,fan,,,,,,,
113,7,4,7782,7782,7782,fan,,,,,,,
113,8,4,9760,9760,9760,fan,,,,,,,
113,9,5,14923,14923,14923,fan,,,,,,,
113,10,5,17866,17866,17866,fan,,,,,,,
113,11,6,25385,25385,25385,fan,,,,,,,
113,12,6,29594,29594,29594,fan,,,,,,,
113,13,7,39764,39764,39764,fan,,,,,,,
113,14,7,45328,45328,45328,fan,,,,,,,
113,15,8,58636,58636,58636,fan,,,,,,,
113,16,8,65840,65840,65840,fan,,,,,,,
113,17,8,91548,91548,91548,baseline,,,,,,,
113,18,9,91490,91490,91490,fan,,,,,,,
113,19,9,119988,119988,119988,baseline,,,,,,,
113,20,10,123010,123010,123010,fan,,,,,,,
113,21,10,154132,154132,154132,baseline,,,,,,,
113,22,11,160736,160736,160736,fan,,,,,,,
114,1,1,114,114,114,fan,,,,,,,
114,2,1,228,228,228,fan,,,,,,,
114,3,2,1020,1020,1020,fan,,,,,,,
114,4,2,1584,1584,1584,fan,,,,,,,
114,5,3,3384,3384,3384,fan,,,,,,,
114,6,3,4504,4504,4504,fan,,,,,,,
114,7,4,7852,7852,7852,fan,,,,,,,
114,8,4,9848,9848,9848,fan,,,,,,,
114,9,5,15058,15058,15058,fan,,,,,,,
114,10,5,18028,18028,18028,fan,,,,,,,
114,11,6,25616,25616,25616,fan,,,,,,,
114,12,6,29864,29864,29864,fan,,,,,,,
114,13,7,40128,40128,40128,fan,,,,,,,
114,14,7,45744,45744,45744,fan,,,,,,,
114,15,8,59176,59176,59176,fan,,,,,,,
114,16,8,66448,66448,66448,fan,,,,,,,
114,17,8,92624,92624,92624,baseline,,,,,,,
114,18,9,92340,92340,92340,fan,,,,,,,
114,19,9,121358,121358,121358,baseline,,,,,,,
114,20,10,124160,124160,124160,fan,,,,,,,
114,21,10,155854,155854,155854,baseline,,,,,,,
114,22,11,162248,162248,162248,fan,,,,,,,
115,1,1,115,115,115,fan,,,,,,,
115,2,1,230,230,230,fan,,,,,,,
115,3,2,1029,1029,1029,fan,,,,,,,
115,4,2,1598,1598,1598,fan,,,,,,,
115,5,3,3414,3414,3414,fan,,,,,,,
115,6,3,4544,4544,4544,fan,,,,,,,
115,7,4,7922,7922,7922,fan,,,,,,,
115,8,4,9936,9936,9936,fan,,,,,,,
115,9,5,15193,15193,15193,fan,,,,,,,
115,10,5,18190,18190,18190,fan,,,,,,,
115,11,6,25847,25847,25847,fan,,,,,,,
115,12,6,30134,30134,30134,fan,,,,,,,
115,13,7,40492,40492,40492,fan,,,,,,,
115,14,7,46160,46160,46160,fan,,,,,,,
115,15,8,59716,59716,59716,fan,,,,,,,
115,16,8,67056,67056,67056,fan,,,,,,,
115,17,8,93708,93708,93708,baseline,,,,,,,
115,18,9,93190,93190,93190,fan,,,,,,,
115,19,9,122739,122739,122739,baseline,,,,,,,
115,20,10,125310,125310,125310,fan,,,,,,,
115,21,10,157586,157586,157586,baseline,,,,,,,
115,22,11,163760,163760,163760,fan,,,,,,,
115,23,11,198794,198792,198792,guided,0,3,110,1,260891317,4133,164
116,1,1,116,116,116,fan,,,,,,,
116,2,1,232,232,232,fan,,,,,,,
116,3,2,1038,1038,1038,fan,,,,,,,
116,4,2,1612,1612,1612,fan,,,,,,,
116,5,3,3444,3444,3444,fan,,,,,,,
116,6,3,4584,4584,4584,fan,,,,,,,
116,7,4,7992,7992,7992,fan,,,,,,,
116,8,4,10024,10024,10024,fan,,,,,,,
116,9,5,15328,15328,15328,fan,,,,,,,
116,10,5,18352,18352,18352,fan,,,,,,,
116,11,6,26078,26078,26078,fan,,,,,,,
116,12,6,30404,30404,30404,fan,,,,,,,
116,13,7,40856,40856,40856,fan,,,,,,,
116,14,7,46576,46576,46576,fan,,,,,,,
116,15,8,60256,60256,60256,fan,,,,,,,
116,16,8,67664,67664,67664,fan,,,,,,,
116,17,8,94792,94792,94792,baseline,,,,,,,
116,18,9,94040,94040,94040,fan,,,,,,,
116,19,9,124120,124120,124120,baseline,,,,,,,
116,20,10,126460,126460,126460,fan,,,,,,,
116,21,10,159318,159318,159318,baseline,,,,,,,
116,22,11,165272,165272,165272,fan,,,,,,,
116,23,11,200942,200938,200938,guided,0,3,110,1,175615606,2766,113
117,1,1,117,117,117,fan,,,,,,,
117,2,1,234,234,234,fan,,,,,,,
117,3,2,1047,1047,1047,fan,,,,,,,
117,4,2,1626,1626,1626,fan,,,,,,,
117,5,3,3474,3474,3474,fan,,,,,,,
117,6,3,4624,4624,4624,fan,,,,,,,
117,7,4,8062,8062,8062,fan,,,,,,,
117,8,4,10112,10112,10112,fan,,,,,,,
117,9,5,15463,15463,15463,fan,,,,,,,
117,10,5,18514,18514,18514,fan,,,,,,,
117,11,6,26309,26309,26309,fan,,,,,,,
117,12,6,30674,30674,30674,fan,,,,,,,
117,13,7,41220,41220,41220,fan,,,,,,,
117,14,7,46992,46992,46992,fan,,,,,,,
117,15,8,60796,60796,60796,fan,,,,,,,
117,16,8,68272,68272,68272,fan,,,,,,,
117,17,8,95884,95884,95884,baseline,,,,,,,
117,18,9,94890,94890,94890,fan,,,,,,,
117,19,9,125510,125510,125510,baseline,,,,,,,
117,20,10,127610,127610,127610,fan,,,,,,,
117,21,10,161061,161061,161061,baseline,,,,,,,
117,22,11,166784,166784,166784,fan,,,,,,,
117,23,11,203101,203095,203095,guided,0,1,110,1,263648899,4189,175
118,1,1,118,118,118,fan,,,,,,,
118,2,1,236,236,236,fan,,,,,,,
118,3,2,1056,1056,1056,fan,,,,,,,
118,4,2,1640,1640,1640,fan,,,,,,,
118,5,3,3504,3504,3504,fan,,,,,,,
118,6,3,4664,4664,4664,fan,,,,,,,
118,7,4,8132,8132,8132,fan,,,,,,,
118,8,4,10200,10200,10200,fan,,,,,,,
118,9,5,15598,15598,15598,fan,,,,,,,
118,10,5,18676,18676,18676,fan,,,,,,,
118,11,6,26540,26540,26540,fan,,,,,,,
118,12,6,30944,30944,30944,fan,,,,,,,
118,13,7,41584,41584,41584,fan,,,,,,,
118,14,7,47408,47408,47408,fan,,,,,,,
118,15,8,61336,61336,61336,fan,,,,,,,
118,16,8,68880,68880,68880,fan,,,,,,,
118,17,8,96976,96976,96976,baseline,,,,,,,
118,18,9,95740,95740,95740,fan,,,,,,,
118,19,9,126900,126900,126900,baseline,,,,,,,
118,20,10,128760,128760,128760,fan,,,,,,,
118,21,10,162804,162804,162804,baseline,,,,,,,
118,22,11,168296,168296,168296,fan,,,,,,,
118,23,11,205260,205252,205252,guided,0,3,110,1,178749786,2804,124
119,1,1,119,119,119,fan,,,,,,,
119,2,1,238,238,238,fan,,,,,,,
119,3,2,1065,1065,1065,fan,,,,,,,
119,4,2,1654,1654,1654,fan,,,,,,,
119,5,3,3534,3534,3534,fan,,,,,,,
119,6,3,4704,4704,4704,fan,,,,,,,
119,7,4,8202,8202,8202,fan,,,,,,,
119,8,4,10288,10288,10288,fan,,,,,,,
119,9,5,15733,15733,15733,fan,,,,,,,
119,10,5,18838,18838,18838,fan,,,,,,,
119,11,6,26771,26771,26771,fan,,,,,,,
119,12,6,31214,31214,31214,fan,,,,,,,
119,13,7,41948,41948,41948,fan,,,,,,,
119,14,7,47824,47824,47824,fan,,,,,,,
119,15,8,61876,61876,61876,fan,,,,,,,
119,16,8,69488,69488,69488,fan,,,,,,,
119,17,8,98076,98076,98076,baseline,,,,,,,
119,18,9,96590,96590,96590,fan,,,,,,,
119,19,9,128300,128300,128300,baseline,,,,,,,
119,20,10,129910,129910,129910,fan,,,,,,,
119,21,10,164557,164557,164557,baseline,,,,,,,
119,22,11,169808,169808,169808,fan,,,,,,,
119,23,11,207433,207422,207422,guided,0,3,110,1,270019127,4236,192
120,1,1,120,120,120,fan,,,,,,,
120,2,1,240,240,240,fan,,,,,,,
120,3,2,1074,1074,1074,fan,,,,,,,
120,4,2,1668,1668,1668,fan,,,,,,,
120,5,3,3564,3564,3564,fan,,,,,,,
120,6,3,4744,4744,4744,fan,,,,,,,
120,7,4,8272,8272,8272,fan,,,,,,,
120,8,4,10376,10376,10376,fan,,,,,,,
120,9,5,15868,15868,15868,fan,,,,,,,
120,10,5,19000,19000,19000,fan,,,,,,,
120,11,6,27002,27002,27002,fan,,,,,,,
120,12,6,31484,31484,31484,fan,,,,,,,
120,13,7,42312,42312,42312,fan,,,,,,,
120,14,7,48240,48240,48240,fan,,,,,,,
120,15,8,62416,62416,62416,fan,,,,,,,
120,16,8,70096,70096,70096,fan,,,,,,,
120,17,8,99176,99176,99176,baseline,,,,,,,
120,18,9,97440,97440,97440,fan,,,,,,,
120,19,9,129700,129700,129700,baseline,,,,,,,
120,20,10,131060,131060,131060,fan,,,,,,,
120,21,10,166310,166310,166310,baseline,,,,,,,
120,22,11,171320,171320,171320,fan,,,,,,,
120,23,11,209606,209592,209592,guided,0,3,110,1,181625795,2825,130
120,24,11,256608,256608,256608,baseline,,,,,,,
121,1,1,121,121,121,fan,,,,,,,
121,2,1,242,242,242,fan,,,,,,,
121,3,2,1083,1083,1083,fan,,,,,,,
121,4,2,1682,1682,1682,fan,,,,,,,
121,5,3,3594,3594,3594,fan,,,,,,,
121,6,3,4784,4784,4784,fan,,,,,,,
121,7,4,8342,8342,8342,fan,,,,,,,
121,8,4,10464,10464,10464,fan,,,,,,,
121,9,5,16003,16003,16003,fan,,,,,,,
121,10,5,19162,19162,19162,fan,,,,,,,
121,11,6,27233,27233,27233,fan,,,,,,,
121,12,6,31754,31754,31754,fan,,,,,,,
121,13,7,42676,42676,42676,fan,,,,,,,
121,14,7,48656,48656,48656,fan,,,,,,,
121,15,8,62956,62956,62956,fan,,,,,,,
121,16,8,70704,70704,70704,fan,,,,,,,
121,17,8,100285,100285,100285,baseline,,,,,,,
121,18,9,98290,98290,98290,fan,,,,,,,
121,19,9,131109,131109,131109,baseline,,,,,,,
121,20,10,132210,132210,132210,fan,,,,,,,
121,21,10,168075,168075,168075,baseline,,,,,,,
121,22,11,172832,172832,172832,fan,,,,,,,
121,23,11,211790,211773,211773,guided,0,1,110,1,269940181,4248,198
121,24,11,259568,259568,259568,baseline,,,,,,,
122,1,1,122,122,122,fan,,,,,,,
122,2,1,244,244,244,fan,,,,,,,
122,3,2,1092,1092,1092,fan,,,,,,,
122,4,2,1696,1696,1696,fan,,,,,,,
122,5,3,3624,3624,3624,fan,,,,,,,
122,6,3,4824,4824,4824,fan,,,,,,,
122,7,4,8412,8412,8412,fan,,,,,,,
122,8,4,10552,10552,10552,fan,,,,,,,
122,9,5,16138,16138,16138,fan,,,,,,,
122,10,5,19324,19324,19324,fan,,,,,,,
122,11,6,27464,27464,27464,fan,,,,,,,
122,12,6,32024,32024,32024,fan,,,,,,,
122,13,7,43040,43040,43040,fan,,,,,,,
122,14,7,49072,49072,49072,fan,,,,,,,
122,15,8,63496,63496,63496,fan,,,,,,,
122,16,8,71312,71312,71312,fan,,,,,,,
122,17,8,101394,101394,101394,baseline,,,,,,,
122,18,9,99140,99140,99140,fan,,,,,,,
122,19,9,132518,132518,132518,baseline,,,,,,,
122,20,10,133360,133360,133360,fan,,,,,,,
122,21,10,169840,169840,169840,baseline,,,,,,,
122,22,11,174344,174344,174344,fan,,,,,,,
122,23,11,213974,213954,213954,guided,0,3,110,1,184544281,2846,136
122,24,11,262528,262528,262528,baseline,,,,,,,
123,1,1,123,123,123,fan,,,,,,,
123,2,1,246,246,246,fan,,,,,,,
123,3,2,1101,1101,1101,fan,,,,,,,
123,4,2,1710,1710,1710,fan,,,,,,,
123,5,3,3654,3654,3654,fan,,,,,,,
123,6,3,4864,4864,4864,fan,,,,,,,
123,7,4,8482,8482,8482,fan,,,,,,,
123,8,4,10640,10640,10640,fan,,,,,,,
123,9,5,16273,16273,16273,fan,,,,,,,
123,10,5,19486,19486,19486,fan,,,,,,,
123,11,6,27695,27695,27695,fan,,,,,,,
123,12,6,32294,32294,32294,fan,,,,,,,
123,13,7,43404,43404,43404,fan,,,,,,,
123,14,7,49488,49488,49488,fan,,,,,,,
123,15,8,64036,64036,64036,fan,,,,,,,
123,16,8,71920,71920,71920,fan,,,,,,,
123,17,8,102511,102511,102511,baseline,,,,,,,
123,18,9,99990,99990,99990,fan,,,,,,,
123,19,9,133936,133936,133936,baseline,,,,,,,
123,20,10,134510,134510,134510,fan,,,,,,,
123,21,10,171615,171615,171615,baseline,,,,,,,
123,22,11,175856,175856,175856,fan,,,,,,,
123,23,11,216164,216147,216147,guided,0,3,110,1,277946023,4294,199
123,24,11,265510,265510,265510,baseline,,,,,,,
124,1,1,124,124,124,fan,,,,,,,
124,2,1,248,248,248,fan,,,,,,,
124,3,2,1110,1110,1110,fan,,,,,,,
124,4,2,1724,1724,1724,fan,,,,,,,
124,5,3,3684,3684,3684,fan,,,,,,,
124,6,3,4904,4904,4904,fan,,,,,,,
124,7,4,8552,8552,8552,fan,,,,,,,
124,8,4,10728,10728,10728,fan,,,,,,,
124,9,5,16408,16408,16408,fan,,,,,,,
124,10,5,19648,19648,19648,fan,,,,,,,
124,11,6,27926,27926,27926,fan,,,,,,,
124,12,6,32564,32564,32564,fan,,,,,,,
124,13,7,43768,43768,43768,fan,,,,,,,
124,14,7,49904,49904,49904,fan,,,,,,,
124,15,8,64576,64576,64576,fan,,,,,,,
124,16,8,72528,72528,72528,fan,,,,,,,
124,17,8,103628,103628,103628,baseline,,,,,,,
124,18,9,100840,100840,100840,fan,,,,,,,
124,19,9,135354,135354,135354,baseline,,,,,,,
124,20,10,135660,135660,135660,fan,,,,,,,
124,21,10,173390,173390,173390,baseline,,,,,,,
124,22,11,177368,177368,177368,fan,,,,,,,
124,23,11,218354,218340,218340,guided,0,3,110,1,186986051,2865,131
124,24,11,268492,268492,268492,baseline,,,,,,,
125,1,1,125,125,125,fan,,,,,,,
125,2,1,250,250,250,fan,,,,,,,
125,3,2,1119,1119,1119,fan,,,,,,,
125,4,2,1738,1738,1738,fan,,,,,,,
125,5,3,3714,3714,3714,fan,,,,,,,
125,6,3,4944,4944,4944,fan,,,,,,,
125,7,4,8622,8622,8622,fan,,,,,,,
125,8,4,10816,10816,10816,fan,,,,,,,
125,9,5,16543,16543,16543,fan,,,,,,,
125,10,5,19810,19810,19810,fan,,,,,,,
125,11,6,28157,28157,28157,fan,,,,,,,
125,12,6,32834,32834,32834,fan,,,,,,,
125,13,7,44132,44132,44132,fan,,,,,,,
125,14,7,50320,50320,50320,fan,,,,,,,
125,15,8,65116,65116,65116,fan,,,,,,,
125,16,8,73136,73136,73136,fan,,,,,,,
125,17,8,104753,104753,104753,baseline,,,,,,,
125,18,9,101690,101690,101690,fan,,,,,,,
125,19,9,136781,136781,136781,baseline,,,,,,,
125,20,10,136810,136810,136810,fan,,,,,,,
125,21,10,175176,175176,175176,baseline,,,,,,,
125,22,11,178880,178880,178880,fan,,,,,,,
125,23,11,220555,220544,220544,guided,0,1,110,1,276714836,4301,194
125,24,11,271498,271498,271498,baseline,,,,,,,
125,25,12,273515,273480,273480,guided,0,1,110,1,364958226,4479,189
126,1,1,126,126,126,fan,,,,,,,
126,2,1,252,252,252,fan,,,,,,,
126,3,2,1128,1128,1128,fan,,,,,,,
126,4,2,1752,1752,1752,fan,,,,,,,
126,5,3,3744,3744,3744,fan,,,,,,,
126,6,3,4984,4984,4984,fan,,,,,,,
126,7,4,8692,8692,8692,fan,,,,,,,
126,8,4,10904,10904,10904,fan,,,,,,,
126,9,5,16678,16678,16678,fan,,,,,,,
126,10,5,19972,19972,19972,fan,,,,,,,
126,11,6,28388,28388,28388,fan,,,,,,,
126,12,6,33104,33104,33104,fan,,,,,,,
126,13,7,44496,44496,44496,fan,,,,,,,
126,14,7,50736,50736,50736,fan,,,,,,,
126,15,8,65656,65656,65656,fan,,,,,,,
126,16,8,73744,73744,73744,fan,,,,,,,
126,17,8,105878,105878,105878,baseline,,,,,,,
126,18,9,102540,102540,102540,fan,,,,,,,
126,19,9,138208,138208,138208,baseline,,,,,,,
126,20,10,137960,137960,137960,fan,,,,,,,
126,21,10,176962,176962,176962,baseline,,,,,,,
126,22,11,180392,180392,180392,fan,,,,,,,
126,23,11,222756,222748,222748,guided,0,3,110,1,187810317,2872,126
126,24,11,274504,274504,274504,baseline,,,,,,,
126,25,12,276202,276172,276172,guided,0,3,110,1,245629962,2993,128
127,1,1,127,127,127,fan,,,,,,,
127,2,1,254,254,254,fan,,,,,,,
127,3,2,1137,1137,1137,fan,,,,,,,
127,4,2,1766,1766,1766,fan,,,,,,,
127,5,3,3774,3774,3774,fan,,,,,,,
127,6,3,5024,5024,5024,fan,,,,,,,
127,7,4,8762,8762,8762,fan,,,,,,,
127,8,4,10992,10992,10992,fan,,,,,,,
127,9,5,16813,16813,16813,fan,,,,,,,
127,10,5,20134,20134,20134,fan,,,,,,,
127,11,6,28619,28619,28619,fan,,,,,,,
127,12,6,33374,33374,33374,fan,,,,,,,
127,13,7,44860,44860,44860,fan,,,,,,,
127,14,7,51152,51152,51152,fan,,,,,,,
127,15,8,66196,66196,66196,fan,,,,,,,
127,16,8,74352,74352,74352,fan,,,,,,,
127,17,8,107011,107011,107011,baseline,,,,,,,
127,18,9,103390,103390,103390,fan,,,,,,,
127,19,9,139645,139645,139645,baseline,,,,,,,
127,20,10,139110,139110,139110,fan,,,,,,,
127,21,10,178758,178758,178758,baseline,,,,,,,
127,22,11,181904,181904,181904,fan,,,,,,,
127,23,11,224974,224965,224965,guided,0,3,110,1,281355458,4313,200
127,24,11,277532,277532,277532,baseline,,,,,,,
127,25,12,278901,278876,278876,guided,0,3,110,1,371205546,4530,195
128,1,1,128,128,128,fan,,,,,,,
128,2,1,256,256,256,fan,,,,,,,
128,3,2,1146,1146,1146,fan,,,,,,,
128,4,2,1780,1780,1780,fan,,,,,,,
128,5,3,3804,3804,3804,fan,,,,,,,
128,6,3,5064,5064,5064,fan,,,,,,,
128,7,4,8832,8832,8832,fan,,,,,,,
128,8,4,11080,11080,11080,fan,,,,,,,
128,9,5,16948,16948,16948,fan,,,,,,,
128,10,5,20296,20296,20296,fan,,,,,,,
128,11,6,28850,28850,28850,fan,,,,,,,
128,12,6,33644,33644,33644,fan,,,,,,,
128,13,7,45224,45224,45224,fan,,,,,,,
128,14,7,51568,51568,51568,fan,,,,,,,
128,15,8,66736,66736,66736,fan,,,,,,,
128,16,8,74960,74960,74960,fan,,,,,,,
128,17,8,108144,108144,108144,baseline,,,,,,,
128,18,9,104240,104240,104240,fan,,,,,,,
128,19,9,141082,141082,141082,baseline,,,,,,,
128,20,10,140260,140260,140260,fan,,,,,,,
128,21,10,180554,180554,180554,baseline,,,,,,,
128,22,11,183416,183416,183416,fan,,,,,,,
128,23,11,227192,227182,227182,guided,0,3,110,1,189790858,2877,137
128,24,11,280560,280560,280560,baseline,,,,,,,
128,25,12,281600,281580,281580,guided,0,1,110,1,249441714,3017,134
129,1,1,129,129,129,fan,,,,,,,
129,2,1,258,258,258,fan,,,,,,,
129,3,2,1155,1155,1155,fan,,,,,,,
129,4,2,1794,1794,1794,fan,,,,,,,
129,5,3,3834,3834,3834,fan,,,,,,,
129,6,3,5104,5104,5104,fan,,,,,,,
129,7,4,8902,8902,8902,fan,,,,,,,
129,8,4,11168,11168,11168,fan,,,,,,,
129,9,5,17083,17083,17083,fan,,,,,,,
129,10,5,20458,20458,20458,fan,,,,,,,
129,11,6,29081,29081,29081,fan,,,,,,,
129,12,6,33914,33914,33914,fan,,,,,,,
129,13,7,45588,45588,45588,fan,,,,,,,
129,14,7,51984,51984,51984,fan,,,,,,,
129,15,8,67276,67276,67276,fan,,,,,,,
129,16,8,75568,75568,75568,fan,,,,,,,
129,17,9,94805,94805,94805,fan,,,,,,,
129,18,9,105090,105090,105090,fan,,,,,,,
129,19,9,142528,142528,142528,baseline,,,,,,,
129,20,10,141410,141410,141410,fan,,,,,,,
129,21,10,182360,182360,182360,baseline,,,,,,,
129,22,11,184928,184928,184928,fan,,,,,,,
129,23,11,229421,229410,229410,guided,0,1,110,1,276686256,4288,211
129,24,11,283612,283612,283612,baseline,,,,,,,
129,25,12,284320,284297,284297,guided,0,1,110,1,376897012,4562,211
130,1,1,130,130,130,fan,,,,,,,
130,2,1,260,260,260,fan,,,,,,,
130,3,2,1164,1164,1164,fan,,,,,,,
130,4,2,1808,1808,1808,fan,,,,,,,
130,5,3,3864,3864,3864,fan,,,,,,,
130,6,3,5144,5144,5144,fan,,,,,,,
130,7,4,8972,8972,8972,fan,,,,,,,
130,8,4,11256,11256,11256,fan,,,,,,,
130,9,5,17218,17218,17218,fan,,,,,,,
130,10,5,20620,20620,20620,fan,,,,,,,
130,11,6,29312,29312,29312,fan,,,,,,,
130,12,6,34184,34184,34184,fan,,,,,,,
130,13,7,45952,45952,45952,fan,,,,,,,
130,14,7,52400,52400,52400,fan,,,,,,,
130,15,8,67816,67816,67816,fan,,,,,,,
130,16,8,76176,76176,76176,fan,,,,,,,
130,17,9,95570,95570,95570,fan,,,,,,,
130,18,9,105940,105940,105940,fan,,,,,,,
130,19,9,143974,143974,143974,baseline,,,,,,,
130,20,10,142560,142560,142560,fan,,,,,,,
130,21,10,184166,184166,184166,baseline,,,,,,,
130,22,11,186440,186440,186440,fan,,,,,,,
130,23,11,231650,231638,231638,guided,0,3,110,1,188413735,2858,148
130,24,11,286664,286664,286664,baseline,,,,,,,
130,25,12,287040,287014,287014,guided,0,3,110,1,253364222,3049,144
130,26,12,346732,346732,346732,baseline,,,,,,,
131,1,1,131,131,131,fan,,,,,,,
131,2,1,262,262,262,fan,,,,,,,
131,3,2,1173,1173,1173,fan,,,,,,,
131,4,2,1822,1822,1822,fan,,,,,,,
131,5,3,3894,3894,3894,fan,,,,,,,
131,6,3,5184,5184,5184,fan,,,,,,,
131,7,4,9042,9042,9042,fan,,,,,,,
131,8,4,11344,11344,11344,fan,,,,,,,
131,9,5,17353,17353,17353,fan,,,,,,,
131,10,5,20782,20782,20782,fan,,,,,,,
131,11,6,29543,29543,29543,fan,,,,,,,
131,12,6,34454,34454,34454,fan,,,,,,,
131,13,7,46316,46316,46316,fan,,,,,,,
131,14,7,52816,52816,52816,fan,,,,,,,
131,15,8,68356,68356,68356,fan,,,,,,,
131,16,8,76784,76784,76784,fan,,,,,,,
131,17,9,96335,96335,96335,fan,,,,,,,
131,18,9,106790,106790,106790,fan,,,,,,,
131,19,9,145429,145429,145429,baseline,,,,,,,
131,20,10,143710,143710,143710,fan,,,,,,,
131,21,10,185982,185982,185982,baseline,,,,,,,
131,22,11,187952,187952,187952,fan,,,,,,,
131,23,11,233887,233878,233878,guided,0,3,110,1,279064788,4298,245
131,24,11,289738,289738,289738,baseline,,,,,,,
131,25,12,289772,289743,289743,guided,0,3,110,1,382359333,4612,221
131,26,12,350360,350360,350360,baseline,,,,,,,
132,1,1,132,132,132,fan,,,,,,,
132,2,1,264,264,264,fan,,,,,,,
132,3,2,1182,1182,1182,fan,,,,,,,
132,4,2,1836,1836,1836,fan,,,,,,,
132,5,3,3924,3924,3924,fan,,,,,,,
132,6,3,5224,5224,5224,fan,,,,,,,
132,7,4,9112,9112,9112,fan,,,,,,,
132,8,4,11432,11432,11432,fan,,,,,,,
132,9,5,17488,17488,17488,fan,,,,,,,
132,10,5,20944,20944,20944,fan,,,,,,,
132,11,6,29774,29774,29774,fan,,,,,,,
132,12,6,34724,34724,34724,fan,,,,,,,
132,13,7,46680,46680,46680,fan,,,,,,,
132,14,7,53232,53232,53232,fan,,,,,,,
132,15,8,68896,68896,68896,fan,,,,,,,
132,16,8,77392,77392,77392,fan,,,,,,,
132,17,9,97100,97100,97100,fan,,,,,,,
132,18,9,107640,107640,107640,fan,,,,,,,
132,19,9,146884,146884,146884,baseline,,,,,,,
132,20,10,144860,144860,144860,fan,,,,,,,
132,21,10,187798,187798,187798,baseline,,,,,,,
132,22,11,189464,189464,189464,fan,,,,,,,
132,23,11,236124,236118,236118,guided,0,3,110,1,185374354,2851,171
132,24,11,292812,292812,292812,baseline,,,,,,,
132,25,12,292504,292472,292472,guided,0,1,110,1,256962066,3078,154
132,26,12,354012,354012,354012,baseline,,,,,,,
133,1,1,133,133,133,fan,,,,,,,
133,2,1,266,266,266,fan,,,,,,,
133,3,2,1191,1191,1191,fan,,,,,,,
133,4,2,1850,1850,1850,fan,,,,,,,
133,5,3,3954,3954,3954,fan,,,,,,,
133,6,3,5264,5264,5264,fan,,,,,,,
133,7,4,9182,9182,9182,fan,,,,,,,
133,8,4,11520,11520,11520,fan,,,,,,,
133,9,5,17623,17623,17623,fan,,,,,,,
133,10,5,21106,21106,21106,fan,,,,,,,
133,11,6,30005,30005,30005,fan,,,,,,,
133,12,6,34994,34994,34994,fan,,,,,,,
133,13,7,47044,47044,47044,fan,,,,,,,
133,14,7,53648,53648,53648,fan,,,,,,,
133,15,8,69436,69436,69436,fan,,,,,,,
133,16,8,78000,78000,78000,fan,,,,,,,
133,17,9,97865,97865,97865,fan,,,,,,,
133,18,9,108490,108490,108490,fan,,,,,,,
133,19,9,148348,148348,148348,baseline,,,,,,,
133,20,10,146010,146010,146010,fan,,,,,,,
133,21,10,189625,189625,189625,baseline,,,,,,,
133,22,11,190976,190976,190976,fan,,,,,,,
133,23,11,238372,238369,238369,guided,0,1,110,1,273226117,4279,268
133,24,12,244240,244240,244240,fan,,,,,,,
133,25,12,295242,295215,295215,guided,0,1,110,1,387694833,4642,227
133,26,12,357666,357666,357666,baseline,,,,,,,
134,1,1,134,134,134,fan,,,,,,,
134,2,1,268,268,268,fan,,,,,,,
134,3,2,1200,1200,1200,fan,,,,,,,
134,4,2,1864,1864,1864,fan,,,,,,,
134,5,3,3984,3984,3984,fan,,,,,,,
134,6,3,5304,5304,5304,fan,,,,,,,
134,7,4,9252,9252,9252,fan,,,,,,,
134,8,4,11608,11608,11608,fan,,,,,,,
134,9,5,17758,17758,17758,fan,,,,,,,
134,10,5,21268,21268,21268,fan,,,,,,,
134,11,6,30236,30236,30236,fan,,,,,,,
134,12,6,35264,35264,35264,fan,,,,,,,
134,13,7,47408,47408,47408,fan,,,,,,,
134,14,7,54064,54064,54064,fan,,,,,,,
134,15,8,69976,69976,69976,fan,,,,,,,
134,16,8,78608,78608,78608,fan,,,,,,,
134,17,9,98630,98630,98630,fan,,,,,,,
134,18,9,109340,109340,109340,fan,,,,,,,
134,19,9,149812,149812,149812,baseline,,,,,,,
134,20,10,147160,147160,147160,fan,,,,,,,
134,21,10,191452,191452,191452,baseline,,,,,,,
134,22,11,192488,192488,192488,fan,,,,,,,
134,23,11,240620,240620,240620,baseline,,,,,,,
134,24,12,246184,246184,246184,fan,,,,,,,
134,25,12,297980,297958,297958,guided,0,3,110,1,261053378,3103,150
134,26,12,361344,361344,361344,baseline,,,,,,,
135,1,1,135,135,135,fan,,,,,,,
135,2,1,270,270,270,fan,,,,,,,
135,3,2,1209,1209,1209,fan,,,,,,,
135,4,2,1878,1878,1878,fan,,,,,,,
135,5,3,4014,4014,4014,fan,,,,,,,
135,6,3,5344,5344,5344,fan,,,,,,,
135,7,4,9322,9322,9322,fan,,,,,,,
135,8,4,11696,11696,11696,fan,,,,,,,
135,9,5,17893,17893,17893,fan,,,,,,,
135,10,5,21430,21430,21430,fan,,,,,,,
135,11,6,30467,30467,30467,fan,,,,,,,
135,12,6,35534,35534,35534,fan,,,,,,,
135,13,7,47772,47772,47772,fan,,,,,,,
135,14,7,54480,54480,54480,fan,,,,,,,
135,15,8,70516,70516,70516,fan,,,,,,,
135,16,8,79216,79216,79216,fan,,,,,,,
135,17,9,99395,99395,99395,fan,,,,,,,
135,18,9,110190,110190,110190,fan,,,,,,,
135,19,9,151286,151286,151286,baseline,,,,,,,
135,20,10,148310,148310,148310,fan,,,,,,,
135,21,10,193289,193289,193289,baseline,,,,,,,
135,22,11,194000,194000,194000,fan,,,,,,,
135,23,11,242882,242882,242882,baseline,,,,,,,
135,24,12,248128,248128,248128,fan,,,,,,,
135,25,12,300730,300713,300713,guided,0,3,110,1,393912171,4691,223
135,26,12,365022,365022,365022,baseline,,,,,,,
135,27,13,367471,367421,367421,guided,0,3,110,1,497719760,4728,218
136,1,1,136,136,136,fan,,,,,,,
136,2,1,272,272,272,fan,,,,,,,
136,3,2,1218,1218,1218,fan,,,,,,,
136,4,2,1892,1892,1892,fan,,,,,,,
136,5,3,4044,4044,4044,fan,,,,,,,
136,6,3,5384,5384,5384,fan,,,,,,,
136,7,4,9392,9392,9392,fan,,,,,,,
136,8,4,11784,11784,11784,fan,,,,,,,
136,9,5,18028,18028,18028,fan,,,,,,,
136,10,5,21592,21592,21592,fan,,,,,,,
136,11,6,30698,30698,30698,fan,,,,,,,
136,12,6,35804,35804,35804,fan,,,,,,,
136,13,7,48136,48136,48136,fan,,,,,,,
136,14,7,54896,54896,54896,fan,,,,,,,
136,15,8,71056,71056,71056,fan,,,,,,,
136,16,8,79824,79824,79824,fan,,,,,,,
136,17,9,100160,100160,100160,fan,,,,,,,
136,18,9,111040,111040,111040,fan,,,,,,,
136,19,9,152760,152760,152760,baseline,,,,,,,
136,20,10,149460,149460,149460,fan,,,,,,,
136,21,10,195126,195126,195126,baseline,,,,,,,
136,22,11,195512,195512,195512,fan,,,,,,,
136,23,11,245144,245144,245144,baseline,,,,,,,
136,24,12,250072,250072,250072,fan,,,,,,,
136,25,12,303480,303468,303468,guided,0,1,110,1,265054445,3128,146
136,26,12,368724,368724,368724,baseline,,,,,,,
136,27,13,370786,370742,370742,guided,0,3,110,1,334416113,3158,149
137,1,1,137,137,137,fan,,,,,,,
137,2,1,274,274,274,fan,,,,,,,
137,3,2,1227,1227,1227,fan,,,,,,,
137,4,2,1906,1906,1906,fan,,,,,,,
137,5,3,4074,4074,4074,fan,,,,,,,
137,6,3,5424,5424,5424,fan,,,,,,,
137,7,4,9462,9462,9462,fan,,,,,,,
137,8,4,11872,11872,11872,fan,,,,,,,
137,9,5,18163,18163,18163,fan,,,,,,,
137,10,5,21754,21754,21754,fan,,,,,,,
137,11,6,30929,30929,30929,fan,,,,,,,
137,12,6,36074,36074,36074,fan,,,,,,,
137,13,7,48500,48500,48500,fan,,,,,,,
137,14,7,55312,55312,55312,fan,,,,,,,
137,15,8,71596,71596,71596,fan,,,,,,,
137,16,8,80432,80432,80432,fan,,,,,,,
137,17,9,100925,100925,100925,fan,,,,,,,
137,18,9,111890,111890,111890,fan,,,,,,,
137,19,9,154243,154243,154243,baseline,,,,,,,
137,20,10,150610,150610,150610,fan,,,,,,,
137,21,10,196973,196973,196973,baseline,,,,,,,
137,22,11,197024,197024,197024,fan,,,,,,,
137,23,11,247417,247417,247417,baseline,,,,,,,
137,24,12,252016,252016,252016,fan,,,,,,,
137,25,12,306245,306236,306236,guided,0,1,110,1,399723493,4712,230
137,26,12,372428,372428,372428,baseline,,,,,,,
137,27,13,374114,374076,374076,guided,0,1,110,1,505129287,4782,229
138,1,1,138,138,138,fan,,,,,,,
138,2,1,276,276,276,fan,,,,,,,
138,3,2,1236,1236,1236,fan,,,,,,,
138,4,2,1920,1920,1920,fan,,,,,,,
138,5,3,4104,4104,4104,fan,,,,,,,
138,6,3,5464,5464,5464,fan,,,,,,,
138,7,4,9532,9532,9532,fan,,,,,,,
138,8,4,11960,11960,11960,fan,,,,,,,
138,9,5,18298,18298,18298,fan,,,,,,,
138,10,5,21916,21916,21916,fan,,,,,,,
138,11,6,31160,31160,31160,fan,,,,,,,
138,12,6,36344,36344,36344,fan,,,,,,,
138,13,7,48864,48864,48864,fan,,,,,,,
138,14,7,55728,55728,55728,fan,,,,,,,
138,15,8,72136,72136,72136,fan,,,,,,,
138,16,8,81040,81040,81040,fan,,,,,,,
138,17,9,101690,101690,101690,fan,,,,,,,
138,18,9,112740,112740,112740,fan,,,,,,,
138,19,9,155726,155726,155726,baseline,,,,,,,
138,20,10,151760,151760,151760,fan,,,,,,,
138,21,10,198820,198820,198820,baseline,,,,,,,
138,22,11,198536,198536,198536,fan,,,,,,,
138,23,11,249690,249690,249690,baseline,,,,,,,
138,24,12,253960,253960,253960,fan,,,,,,,
138,25,12,309010,309004,309004,guided,0,3,110,1,268764645,3145,157
138,26,12,376156,376156,376156,baseline,,,,,,,
138,27,13,377442,377410,377410,guided,0,3,110,1,339315691,3182,160
139,1,1,139,139,139,fan,,,,,,,
139,2,1,278,278,278,fan,,,,,,,
139,3,2,1245,1245,1245,fan,,,,,,,
139,4,2,1934,1934,1934,fan,,,,,,,
139,5,3,4134,4134,4134,fan,,,,,,,
139,6,3,5504,5504,5504,fan,,,,,,,
139,7,4,9602,9602,9602,fan,,,,,,,
139,8,4,12048,12048,12048,fan,,,,,,,
139,9,5,18433,18433,18433,fan,,,,,,,
139,10,5,22078,22078,22078,fan,,,,,,,
139,11,6,31391,31391,31391,fan,,,,,,,
139,12,6,36614,36614,36614,fan,,,,,,,
139,13,7,49228,49228,49228,fan,,,,,,,
139,14,7,56144,56144,56144,fan,,,,,,,
139,15,8,72676,72676,72676,fan,,,,,,,
139,16,8,81648,81648,81648,fan,,,,,,,
139,17,9,102455,102455,102455,fan,,,,,,,
139,18,9,113590,113590,113590,fan,,,,,,,
139,19,9,157218,157218,157218,baseline,,,,,,,
139,20,10,152910,152910,152910,fan,,,,,,,
139,21,10,200677,200677,200677,baseline,,,,,,,
139,22,11,200048,200048,200048,fan,,,,,,,
139,23,11,251975,251975,251975,baseline,,,,,,,
139,24,12,255904,255904,255904,fan,,,,,,,
139,25,12,311787,311784,311784,guided,0,3,110,1,405692727,4753,241
139,26,12,379886,379886,379886,baseline,,,,,,,
139,27,13,380786,380759,380759,guided,0,3,110,1,512365919,4803,244
140,1,1,140,140,140,fan,,,,,,,
140,2,1,280,280,280,fan,,,,,,,
140,3,2,1254,1254,1254,fan,,,,,,,
140,4,2,1948,1948,1948,fan,,,,,,,
140,5,3,4164,4164,4164,fan,,,,,,,
140,6,3,5544,5544,5544,fan,,,,,,,
140,7,4,9672,9672,9672,fan,,,,,,,
140,8,4,12136,12136,12136,fan,,,,,,,
140,9,5,18568,18568,18568,fan,,,,,,,
140,10,5,22240,22240,22240,fan,,,,,,,
140,11,6,31622,31622,31622,fan,,,,,,,
140,12,6,36884,36884,36884,fan,,,,,,,
140,13,7,49592,49592,49592,fan,,,,,,,
140,14,7,56560,56560,56560,fan,,,,,,,
140,15,8,73216,73216,73216,fan,,,,,,,
140,16,8,82256,82256,82256,fan,,,,,,,
140,17,9,103220,103220,103220,fan,,,,,,,
140,18,9,114440,114440,114440,fan,,,,,,,
140,19,9,158710,158710,158710,baseline,,,,,,,
140,20,10,154060,154060,154060,fan,,,,,,,
140,21,10,202534,202534,202534,baseline,,,,,,,
140,22,11,201560,201560,201560,fan,,,,,,,
140,23,11,254260,254260,254260,baseline,,,,,,,
140,24,12,257848,257848,257848,fan,,,,,,,
140,25,12,314564,314564,314564,baseline,,,,,,,
140,26,12,383640,383640,383640,baseline,,,,,,,
140,27,13,384130,384108,384108,guided,0,3,110,1,344320027,3209,164
140,28,13,458576,458576,458576,baseline,,,,,,,
141,1,1,141,141,141,fan,,,,,,,
141,2,1,282,282,282,fan,,,,,,,
141,3,2,1263,1263,1263,fan,,,,,,,
141,4,2,1962,1962,1962,fan,,,,,,,
141,5,3,4194,4194,4194,fan,,,,,,,
141,6,3,5584,5584,5584,fan,,,,,,,
141,7,4,9742,9742,9742,fan,,,,,,,
141,8,4,12224,12224,12224,fan,,,,,,,
141,9,5,18703,18703,18703,fan,,,,,,,
141,10,5,22402,22402,22402,fan,,,,,,,
141,11,6,31853,31853,31853,fan,,,,,,,
141,12,6,37154,37154,37154,fan,,,,,,,
141,13,7,49956,49956,49956,fan,,,,,,,
141,14,7,56976,56976,56976,fan,,,,,,,
141,15,8,73756,73756,73756,fan,,,,,,,
141,16,8,82864,82864,82864,fan,,,,,,,
141,17,9,103985,103985,103985,fan,,,,,,,
141,18,9,115290,115290,115290,fan,,,,,,,
141,19,9,160211,160211,160211,baseline,,,,,,,
141,20,10,155210,155210,155210,fan,,,,,,,
141,21,10,204402,204402,204402,baseline,,,,,,,
141,22,11,203072,203072,203072,fan,,,,,,,
141,23,11,256556,256556,256556,baseline,,,,,,,
141,24,12,259792,259792,259792,fan,,,,,,,
141,25,12,317357,317356,317356,guided,0,1,110,1,411772030,4751,233
141,26,12,387398,387398,387398,baseline,,,,,,,
141,27,13,387487,387470,387470,guided,0,1,110,1,519567776,4866,248
141,28,13,462994,462994,462994,baseline,,,,,,,
142,1,1,142,142,142,fan,,,,,,,
142,2,1,284,284,284,fan,,,,,,,
142,3,2,1272,1272,1272,fan,,,,,,,
142,4,2,1976,1976,1976,fan,,,,,,,
142,5,3,4224,4224,4224,fan,,,,,,,
142,6,3,5624,5624,5624,fan,,,,,,,
142,7,4,9812,9812,9812,fan,,,,,,,
142,8,4,12312,12312,12312,fan,,,,,,,
142,9,5,18838,18838,18838,fan,,,,,,,
142,10,5,22564,22564,22564,fan,,,,,,,
142,11,6,32084,32084,32084,fan,,,,,,,
142,12,6,37424,37424,37424,fan,,,,,,,
142,13,7,50320,50320,50320,fan,,,,,,,
142,14,7,57392,57392,57392,fan,,,,,,,
142,15,8,74296,74296,74296,fan,,,,,,,
142,16,8,83472,83472,83472,fan,,,,,,,
142,17,9,104750,104750,104750,fan,,,,,,,
142,18,9,116140,116140,116140,fan,,,,,,,
142,19,9,161712,161712,161712,baseline,,,,,,,
142,20,10,156360,156360,156360,fan,,,,,,,
142,21,10,206270,206270,206270,baseline,,,,,,,
142,22,11,204584,204584,204584,fan,,,,,,,
142,23,11,258852,258852,258852,baseline,,,,,,,
142,24,12,261736,261736,261736,fan,,,,,,,
142,25,12,320150,320148,320148,guided,0,3,110,1,276764398,3167,149
142,26,12,391180,391180,391180,baseline,,,,,,,
142,27,13,390844,390832,390832,guided,0,3,110,1,349371581,3245,168
142,28,13,467412,467412,467412,baseline,,,,,,,
143,1,1,143,143,143,fan,,,,,,,
143,2,1,286,286,286,fan,,,,,,,
143,3,2,1281,1281,1281,fan,,,,,,,
143,4,2,1990,1990,1990,fan,,,,,,,
143,5,3,4254,4254,4254,fan,,,,,,,
143,6,3,5664,5664,5664,fan,,,,,,,
143,7,4,9882,9882,9882,fan,,,,,,,
143,8,4,12400,12400,12400,fan,,,,,,,
143,9,5,18973,18973,18973,fan,,,,,,,
143,10,5,22726,22726,22726,fan,,,,,,,
143,11,6,32315,32315,32315,fan,,,,,,,
143,12,6,37694,37694,37694,fan,,,,,,,
143,13,7,50684,50684,50684,fan,,,,,,,
143,14,7,57808,57808,57808,fan,,,,,,,
143,15,8,74836,74836,74836,fan,,,,,,,
143,16,8,84080,84080,84080,fan,,,,,,,
143,17,9,105515,105515,105515,fan,,,,,,,
143,18,9,116990,116990,116990,fan,,,,,,,
143,19,9,163224,163224,163224,baseline,,,,,,,
143,20,10,157510,157510,157510,fan,,,,,,,
143,21,10,208148,208148,208148,baseline,,,,,,,
143,22,11,206096,206096,206096,fan,,,,,,,
143,23,11,261159,261159,261159,baseline,,,,,,,
143,24,12,263680,263680,263680,fan,,,,,,,
143,25,12,322955,322952,322952,guided,0,3,110,1,417374634,4780,214
143,26,12,394964,394964,394964,baseline,,,,,,,
143,27,13,394222,394208,394208,guided,0,3,110,1,527013609,4902,246
143,28,13,471858,471858,471858,baseline,,,,,,,
144,1,1,144,144,144,fan,,,,,,,
144,2,1,288,288,288,fan,,,,,,,
144,3,2,1290,1290,1290,fan,,,,,,,
144,4,2,2004,2004,2004,fan,,,,,,,
144,5,3,4284,4284,4284,fan,,,,,,,
144,6,3,5704,5704,5704,fan,,,,,,,
144,7,4,9952,9952,9952,fan,,,,,,,
144,8,4,12488,12488,12488,fan,,,,,,,
144,9,5,19108,19108,19108,fan,,,,,,,
144,10,5,22888,22888,22888,fan,,,,,,,
144,11,6,32546,32546,32546,fan,,,,,,,
144,12,6,37964,37964,37964,fan,,,,,,,
144,13,7,51048,51048,51048,fan,,,,,,,
144,14,7,58224,58224,58224,fan,,,,,,,
144,15,8,75376,75376,75376,fan,,,,,,,
144,16,8,84688,84688,84688,fan,,,,,,,
144,17,9,106280,106280,106280,fan,,,,,,,
144,18,9,117840,117840,117840,fan,,,,,,,
144,19,9,164736,164736,164736,baseline,,,,,,,
144,20,10,158660,158660,158660,fan,,,,,,,
144,21,10,210026,210026,210026,baseline,,,,,,,
144,22,11,207608,207608,207608,fan,,,,,,,
144,23,11,263466,263466,263466,baseline,,,,,,,
144,24,12,265624,265624,265624,fan,,,,,,,
144,25,12,325760,325756,325756,guided,0,1,110,1,280384747,3169,130
144,26,12,398772,398772,398772,baseline,,,,,,,
144,27,13,397600,397584,397584,guided,0,3,110,1,354120970,3275,162
144,28,13,476304,476304,476304,baseline,,,,,,,
145,1,1,145,145,145,fan,,,,,,,
145,2,1,290,290,290,fan,,,,,,,
145,3,2,1299,1299,1299,fan,,,,,,,
145,4,2,2018,2018,2018,fan,,,,,,,
145,5,3,4314,4314,4314,fan,,,,,,,
145,6,3,5744,5744,5744,fan,,,,,,,
145,7,4,10022,10022,10022,fan,,,,,,,
145,8,4,12576,12576,12576,fan,,,,,,,
145,9,5,19243,19243,19243,fan,,,,,,,
145,10,5,23050,23050,23050,fan,,,,,,,
145,11,6,32777,32777,32777,fan,,,,,,,
145,12,6,38234,38234,38234,fan,,,,,,,
145,13,7,51412,51412,51412,fan,,,,,,,
145,14,7,58640,58640,58640,fan,,,,,,,
145,15,8,75916,75916,75916,fan,,,,,,,
145,16,8,85296,85296,85296,fan,,,,,,,
145,17,9,107045,107045,107045,fan,,,,,,,
145,18,9,118690,118690,118690,fan,,,,,,,
145,19,9,166257,166257,166257,baseline,,,,,,,
145,20,10,159810,159810,159810,fan,,,,,,,
145,21,10,211915,211915,211915,baseline,,,,,,,
145,22,11,209120,209120,209120,fan,,,,,,,
145,23,11,265784,265784,265784,baseline,,,,,,,
145,24,12,267568,267568,267568,fan,,,,,,,
145,25,12,328580,328573,328573,guided,0,1,110,1,422759161,4789,224
145,26,12,402584,402584,402584,baseline,,,,,,,
145,27,13,400991,400973,400973,guided,0,1,110,1,533977019,4956,240
145,28,13,480780,480780,480780,baseline,,,,,,,
145,29,14,483695,483659,483659,guided,0,1,110,1,663190007,4924,267
146,1,1,146,146,146,fan,,,,,,,
146,2,1,292,292,292,fan,,,,,,,
146,3,2,1308,1308,1308,fan,,,,,,,
146,4,2,2032,2032,2032,fan,,,,,,,
146,5,3,4344,4344,4344,fan,,,,,,,
146,6,3,5784,5784,5784,fan,,,,,,,
146,7,4,10092,10092,10092,fan,,,,,,,
146,8,4,12664,12664,12664,fan,,,,,,,
146,9,5,19378,19378,19378,fan,,,,,,,
146,10,5,23212,23212,23212,fan,,,,,,,
146,11,6,33008,33008,33008,fan,,,,,,,
146,12,6,38504,38504,38504,fan,,,,,,,
146,13,7,51776,51776,51776,fan,,,,,,,
146,14,7,59056,59056,59056,fan,,,,,,,
146,15,8,76456,76456,76456,fan,,,,,,,
146,16,8,85904,85904,85904,fan,,,,,,,
146,17,9,107810,107810,107810,fan,,,,,,,
146,18,9,119540,119540,119540,fan,,,,,,,
146,19,9,167778,167778,167778,baseline,,,,,,,
146,20,10,160960,160960,160960,fan,,,,,,,
146,21,10,213804,213804,213804,baseline,,,,,,,
146,22,11,210632,210632,210632,fan,,,,,,,
146,23,11,268102,268102,268102,baseline,,,,,,,
146,24,12,269512,269512,269512,fan,,,,,,,
146,25,12,331400,331390,331390,guided,0,3,110,1,284253204,3203,159
146,26,12,406420,406420,406420,baseline,,,,,,,
146,27,13,404382,404362,404362,guided,0,3,110,1,359021379,3302,156
146,28,13,485256,485256,485256,baseline,,,,,,,
146,29,14,487740,487700,487700,guided,0,3,110,1,445524249,3288,178
147,1,1,147,147,147,fan,,,,,,,
147,2,1,294,294,294,fan,,,,,,,
147,3,2,1317,1317,1317,fan,,,,,,,
147,4,2,2046,2046,2046,fan,,,,,,,
147,5,3,4374,4374,4374,fan,,,,,,,
147,6,3,5824,5824,5824,fan,,,,,,,
147,7,4,10162,10162,10162,fan,,,,,,,
147,8,4,12752,12752,12752,fan,,,,,,,
147,9,5,19513,19513,19513,fan,,,,,,,
147,10,5,23374,23374,23374,fan,,,,,,,
147,11,6,33239,33239,33239,fan,,,,,,,
147,12,6,38774,38774,38774,fan,,,,,,,
147,13,7,52140,52140,52140,fan,,,,,,,
147,14,7,59472,59472,59472,fan,,,,,,,
147,15,8,76996,76996,76996,fan,,,,,,,
147,16,8,86512,86512,86512,fan,,,,,,,
147,17,9,108575,108575,108575,fan,,,,,,,
147,18,9,120390,120390,120390,fan,,,,,,,
147,19,9,169309,169309,169309,baseline,,,,,,,
147,20,10,162110,162110,162110,fan,,,,,,,
147,21,10,215703,215703,215703,baseline,,,,,,,
147,22,11,212144,212144,212144,fan,,,,,,,
147,23,11,270433,270433,270433,baseline,,,,,,,
147,24,12,271456,271456,271456,fan,,,,,,,
147,25,12,334232,334219,334219,guided,0,3,110,1,428451202,4856,253
147,26,12,410258,410258,410258,baseline,,,,,,,
147,27,13,407781,407764,407764,guided,0,3,110,1,541537433,4991,253
147,28,13,489760,489760,489760,baseline,,,,,,,
147,29,14,491799,491755,491755,guided,0,3,110,1,672426492,4984,267
148,1,1,148,148,148,fan,,,,,,,
148,2,1,296,296,296,fan,,,,,,,
148,3,2,1326,1326,1326,fan,,,,,,,
148,4,2,2060,2060,2060,fan,,,,,,,
148,5,3,4404,4404,4404,fan,,,,,,,
148,6,3,5864,5864,5864,fan,,,,,,,
148,7,4,10232,10232,10232,fan,,,,,,,
148,8,4,12840,12840,12840,fan,,,,,,,
148,9,5,19648,19648,19648,fan,,,,,,,
148,10,5,23536,23536,23536,fan,,,,,,,
148,11,6,33470,33470,33470,fan,,,,,,,
148,12,6,39044,39044,39044,fan,,,,,,,
148,13,7,52504,52504,52504,fan,,,,,,,
148,14,7,59888,59888,59888,fan,,,,,,,
148,15,8,77536,77536,77536,fan,,,,,,,
148,16,8,87120,87120,87120,fan,,,,,,,
148,17,9,109340,109340,109340,fan,,,,,,,
148,18,9,121240,121240,121240,fan,,,,,,,
148,19,9,170840,170840,170840,baseline,,,,,,,
148,20,10,163260,163260,163260,fan,,,,,,,
148,21,10,217602,217602,217602,baseline,,,,,,,
148,22,11,213656,213656,213656,fan,,,,,,,
148,23,11,272764,272764,272764,baseline,,,,,,,
148,24,12,273400,273400,273400,fan,,,,,,,
148,25,12,337064,337048,337048,guided,0,1,110,1,288027338,3237,188
148,26,12,414120,414120,414120,baseline,,,,,,,
148,27,13,411180,411166,411166,guided,0,3,110,1,363932734,3337,175
148,28,13,494264,494264,494264,baseline,,,,,,,
148,29,14,495858,495810,495810,guided,0,1,110,1,451829712,3317,178
149,1,1,149,149,149,fan,,,,,,,
149,2,1,298,298,298,fan,,,,,,,
149,3,2,1335,1335,1335,fan,,,,,,,
149,4,2,2074,2074,2074,fan,,,,,,,
149,5,3,4434,4434,4434,fan,,,,,,,
149,6,3,5904,5904,5904,fan,,,,,,,
149,7,4,10302,10302,10302,fan,,,,,,,
149,8,4,12928,12928,12928,fan,,,,,,,
149,9,5,19783,19783,19783,fan,,,,,,,
149,10,5,23698,23698,23698,fan,,,,,,,
149,11,6,33701,33701,33701,fan,,,,,,,
149,12,6,39314,39314,39314,fan,,,,,,,
149,13,7,52868,52868,52868,fan,,,,,,,
149,14,7,60304,60304,60304,fan,,,,,,,
149,15,8,78076,78076,78076,fan,,,,,,,
149,16,8,87728,87728,87728,fan,,,,,,,
149,17,9,110105,110105,110105,fan,,,,,,,
149,18,9,122090,122090,122090,fan,,,,,,,
149,19,9,172380,172380,172380,baseline,,,,,,,
149,20,10,164410,164410,164410,fan,,,,,,,
149,21,10,219513,219513,219513,baseline,,,,,,,
149,22,11,215168,215168,215168,fan,,,,,,,
149,23,11,275106,275106,275106,baseline,,,,,,,
149,24,12,275344,275344,275344,fan,,,,,,,
149,25,12,339904,339890,339890,guided,0,1,110,1,434747321,4871,265
149,26,12,417982,417982,417982,baseline,,,,,,,
149,27,13,414592,414581,414581,guided,0,1,110,1,548501830,5047,272
149,28,13,498798,498798,498798,baseline,,,,,,,
149,29,14,499922,499880,499880,guided,0,1,110,1,681481786,5000,268
150,1,1,150,150,150,fan,,,,,,,
150,2,1,300,300,300,fan,,,,,,,
150,3,2,1344,1344,1344,fan,,,,,,,
150,4,2,2088,2088,2088,fan,,,,,,,
150,5,3,4464,4464,4464,fan,,,,,,,
150,6,3,5944,5944,5944,fan,,,,,,,
150,7,4,10372,10372,10372,fan,,,,,,,
150,8,4,13016,13016,13016,fan,,,,,,,
150,9,5,19918,19918,19918,fan,,,,,,,
150,10,5,23860,23860,23860,fan,,,,,,,
150,11,6,33932,33932,33932,fan,,,,,,,
150,12,6,39584,39584,39584,fan,,,,,,,
150,13,7,53232,53232,53232,fan,,,,,,,
150,14,7,60720,60720,60720,fan,,,,,,,
150,15,8,78616,78616,78616,fan,,,,,,,
150,16,8,88336,88336,88336,fan,,,,,,,
150,17,9,110870,110870,110870,fan,,,,,,,
150,18,9,122940,122940,122940,fan,,,,,,,
150,19,9,173920,173920,173920,baseline,,,,,,,
150,20,10,165560,165560,165560,fan,,,,,,,
150,21,10,221424,221424,221424,baseline,,,,,,,
150,22,11,216680,216680,216680,fan,,,,,,,
150,23,11,277448,277448,277448,baseline,,,,,,,
150,24,12,277288,277288,277288,fan,,,,,,,
150,25,12,342744,342732,342732,guided,0,3,110,1,292015456,3248,171
150,26,12,421868,421868,421868,baseline,,,,,,,
150,27,13,418004,417996,417996,guided,0,3,110,1,368786898,3369,194
150,28,13,503332,503332,503332,baseline,,,,,,,
150,29,14,503986,503950,503950,guided,0,3,110,1,457952338,3338,180
150,30,14,595436,595436,595436,baseline,,,,,,,
151,1,1,151,151,151,fan,,,,,,,
151,2,1,302,302,302,fan,,,,,,,
151,3,2,1353,1353,1353,fan,,,,,,,
151,4,2,2102,2102,2102,fan,,,,,,,
151,5,3,4494,4494,4494,fan,,,,,,,
151,6,3,5984,5984,5984,fan,,,,,,,
151,7,4,10442,10442,10442,fan,,,,,,,
151,8,4,13104,13104,13104,fan,,,,,,,
151,9,5,20053,20053,20053,fan,,,,,,,
151,10,5,24022,24022,24022,fan,,,,,,,
151,11,6,34163,34163,34163,fan,,,,,,,
151,12,6,39854,39854,39854,fan,,,,,,,
151,13,7,53596,53596,53596,fan,,,,,,,
151,14,7,61136,61136,61136,fan,,,,,,,
151,15,8,79156,79156,79156,fan,,,,,,,
151,16,8,88944,88944,88944,fan,,,,,,,
151,17,9,111635,111635,111635,fan,,,,,,,
151,18,9,123790,123790,123790,fan,,,,,,,
151,19,9,175471,175471,175471,baseline,,,,,,,
151,20,10,166710,166710,166710,fan,,,,,,,
151,21,10,223345,223345,223345,baseline,,,,,,,
151,22,11,218192,218192,218192,fan,,,,,,,
151,23,11,279802,279802,279802,baseline,,,,,,,
151,24,12,279232,279232,279232,fan,,,,,,,
151,25,12,345596,345586,345586,guided,0,3,110,1,439694425,4909,248
151,26,12,425756,425756,425756,baseline,,,,,,,
151,27,13,421437,421426,421426,guided,0,3,110,1,556198488,5072,273
151,28,13,507894,507894,507894,baseline,,,,,,,
151,29,14,508064,508034,508034,guided,0,3,110,1,690710745,5061,271
151,30,14,600722,600722,600722,baseline,,,,,,,
152,1,1,152,152,152,fan,,,,,,,
152,2,1,304,304,304,fan,,,,,,,
152,3,2,1362,1362,1362,fan,,,,,,,
152,4,2,2116,2116,2116,fan,,,,,,,
152,5,3,4524,4524,4524,fan,,,,,,,
152,6,3,6024,6024,6024,fan,,,,,,,
152,7,4,10512,10512,10512,fan,,,,,,,
152,8,4,13192,13192,13192,fan,,,,,,,
152,9,5,20188,20188,20188,fan,,,,,,,
152,10,5,24184,24184,24184,fan,,,,,,,
152,11,6,34394,34394,34394,fan,,,,,,,
152,12,6,40124,40124,40124,fan,,,,,,,
152,13,7,53960,53960,53960,fan,,,,,,,
152,14,7,61552,61552,61552,fan,,,,,,,
152,15,8,79696,79696,79696,fan,,,,,,,
152,16,8,89552,89552,89552,fan,,,,,,,
152,17,9,112400,112400,112400,fan,,,,,,,
152,18,9,124640,124640,124640,fan,,,,,,,
152,19,9,177022,177022,177022,baseline,,,,,,,
152,20,10,167860,167860,167860,fan,,,,,,,
152,21,10,225266,225266,225266,baseline,,,,,,,
152,22,11,219704,219704,219704,fan,,,,,,,
152,23,11,282156,282156,282156,baseline,,,,,,,
152,24,12,281176,281176,281176,fan,,,,,,,
152,25,12,348448,348440,348440,guided,0,1,110,1,295538429,3256,154
152,26,12,429668,429668,429668,baseline,,,,,,,
152,27,13,424870,424856,424856,guided,0,3,110,1,373349218,3383,176
152,28,13,512456,512456,512456,baseline,,,,,,,
152,29,14,512142,512118,512118,guided,0,1,110,1,463937642,3368,182
152,30,14,606036,606036,606036,baseline,,,,,,,
153,1,1,153,153,153,fan,,,,,,,
153,2,1,306,306,306,fan,,,,,,,
153,3,2,1371,1371,1371,fan,,,,,,,
153,4,2,2130,2130,2130,fan,,,,,,,
153,5,3,4554,4554,4554,fan,,,,,,,
153,6,3,6064,6064,6064,fan,,,,,,,
153,7,4,10582,10582,10582,fan,,,,,,,
153,8,4,13280,13280,13280,fan,,,,,,,
153,9,5,20323,20323,20323,fan,,,,,,,
153,10,5,24346,24346,24346,fan,,,,,,,
153,11,6,34625,34625,34625,fan,,,,,,,
153,12,6,40394,40394,40394,fan,,,,,,,
153,13,7,54324,54324,54324,fan,,,,,,,
153,14,7,61968,61968,61968,fan,,,,,,,
153,15,8,80236,80236,80236,fan,,,,,,,
153,16,8,90160,90160,90160,fan,,,,,,,
153,17,9,113165,113165,113165,fan,,,,,,,
153,18,9,125490,125490,125490,fan,,,,,,,
153,19,9,178582,178582,178582,baseline,,,,,,,
153,20,10,169010,169010,169010,fan,,,,,,,
153,21,10,227198,227198,227198,baseline,,,,,,,
153,22,11,221216,221216,221216,fan,,,,,,,
153,23,11,284521,284521,284521,baseline,,,,,,,
153,24,12,283120,283120,283120,fan,,,,,,,
153,25,12,351314,351308,351308,guided,0,1,110,1,446218029,4941,265
153,26,12,433580,433580,433580,baseline,,,,,,,
153,27,13,428316,428299,428299,guided,0,1,110,1,563694893,5113,255
153,28,13,517044,517044,517044,baseline,,,,,,,
153,29,14,516246,516217,516217,guided,0,1,110,1,699776858,5107,273
153,30,14,611354,611354,611354,baseline,,,,,,,
154,1,1,154,154,154,fan,,,,,,,
154,2,1,308,308,308,fan,,,,,,,
154,3,2,1380,1380,1380,fan,,,,,,,
154,4,2,2144,2144,2144,fan,,,,,,,
154,5,3,4584,4584,4584,fan,,,,,,,
154,6,3,6104,6104,6104,fan,,,,,,,
154,7,4,10652,10652,10652,fan,,,,,,,
154,8,4,13368,13368,13368,fan,,,,,,,
154,9,5,20458,20458,20458,fan,,,,,,,
154,10,5,24508,24508,24508,fan,,,,,,,
154,11,6,34856,34856,34856,fan,,,,,,,
154,12,6,40664,40664,40664,fan,,,,,,,
154,13,7,54688,54688,54688,fan,,,,,,,
154,14,7,62384,62384,62384,fan,,,,,,,
154,15,8,80776,80776,80776,fan,,,,,,,
154,16,8,90768,90768,90768,fan,,,,,,,
154,17,9,113930,113930,113930,fan,,,,,,,
154,18,9,126340,126340,126340,fan,,,,,,,
154,19,9,180142,180142,180142,baseline,,,,,,,
154,20,10,170160,170160,170160,fan,,,,,,,
154,21,10,229130,229130,229130,baseline,,,,,,,
154,22,11,222728,222728,222728,fan,,,,,,,
154,23,11,286886,286886,286886,baseline,,,,,,,
154,24,12,285064,285064,285064,fan,,,,,,,
154,25,12,354180,354176,354176,guided,0,3,110,1,299799799,3304,188
154,26,12,437516,437516,437516,baseline,,,,,,,
154,27,13,431762,431742,431742,guided,0,3,110,1,378539444,3400,158
154,28,13,521632,521632,521632,baseline,,,,,,,
154,29,14,520350,520316,520316,guided,0,3,110,1,470347209,3417,182
154,30,14,616700,616700,616700,baseline,,,,,,,
155,1,1,155,155,155,fan,,,,,,,
155,2,1,310,310,310,fan,,,,,,,
155,3,2,1389,1389,1389,fan,,,,,,,
155,4,2,2158,2158,2158,fan,,,,,,,
155,5,3,4614,4614,4614,fan,,,,,,,
155,6,3,6144,6144,6144,fan,,,,,,,
155,7,4,10722,10722,10722,fan,,,,,,,
155,8,4,13456,13456,13456,fan,,,,,,,
155,9,5,20593,20593,20593,fan,,,,,,,
155,10,5,24670,24670,24670,fan,,,,,,,
155,11,6,35087,35087,35087,fan,,,,,,,
155,12,6,40934,40934,40934,fan,,,,,,,
155,13,7,55052,55052,55052,fan,,,,,,,
155,14,7,62800,62800,62800,fan,,,,,,,
155,15,8,81316,81316,81316,fan,,,,,,,
155,16,8,91376,91376,91376,fan,,,,,,,
155,17,9,114695,114695,114695,fan,,,,,,,
155,18,9,127190,127190,127190,fan,,,,,,,
155,19,9,181712,181712,181712,baseline,,,,,,,
155,20,10,171310,171310,171310,fan,,,,,,,
155,21,10,231072,231072,231072,baseline,,,,,,,
155,22,11,224240,224240,224240,fan,,,,,,,
155,23,11,289264,289264,289264,baseline,,,,,,,
155,24,12,287008,287008,287008,fan,,,,,,,
155,25,12,357058,357056,357056,guided,0,3,110,1,447340205,4992,299
155,26,12,441454,441454,441454,baseline,,,,,,,
155,27,13,435224,435199,435199,guided,0,3,110,1,570963377,5132,238
155,28,13,526248,526248,526248,baseline,,,,,,,
155,29,14,524468,524429,524429,guided,0,3,110,1,708862548,5183,273
155,30,14,622048,622048,622048,baseline,,,,,,,
155,31,15,625529,625467,625467,guided,0,3,110,1,867251686,4844,273
156,1,1,156,156,156,fan,,,,,,,
156,2,1,312,312,312,fan,,,,,,,
156,3,2,1398,1398,1398,fan,,,,,,,
156,4,2,2172,2172,2172,fan,,,,,,,
156,5,3,4644,4644,4644,fan,,,,,,,
156,6,3,6184,6184,6184,fan,,,,,,,
156,7,4,10792,10792,10792,fan,,,,,,,
156,8,4,13544,13544,13544,fan,,,,,,,
156,9,5,20728,20728,20728,fan,,,,,,,
156,10,5,24832,24832,24832,fan,,,,,,,
156,11,6,35318,35318,35318,fan,,,,,,,
156,12,6,41204,41204,41204,fan,,,,,,,
156,13,7,55416,55416,55416,fan,,,,,,,
156,14,7,63216,63216,63216,fan,,,,,,,
156,15,8,81856,81856,81856,fan,,,,,,,
156,16,8,91984,91984,91984,fan,,,,,,,
156,17,9,115460,115460,115460,fan,,,,,,,
156,18,9,128040,128040,128040,fan,,,,,,,
156,19,9,183282,183282,183282,baseline,,,,,,,
156,20,10,172460,172460,172460,fan,,,,,,,
156,21,10,233014,233014,233014,baseline,,,,,,,
156,22,11,225752,225752,225752,fan,,,,,,,
156,23,11,291642,291642,291642,baseline,,,,,,,
156,24,12,288952,288952,288952,fan,,,,,,,
156,25,12,359936,359936,359936,baseline,,,,,,,
156,26,12,445416,445416,445416,baseline,,,,,,,
156,27,13,438686,438656,438656,guided,0,3,110,1,382967407,3426,159
156,28,13,530864,530864,530864,baseline,,,,,,,
156,29,14,528586,528542,528542,guided,0,1,110,1,476033996,3454,182
156,30,14,627424,627424,627424,baseline,,,,,,,
156,31,15,630392,630324,630324,guided,0,3,110,1,581998600,3237,174
157,1,1,157,157,157,fan,,,,,,,
157,2,1,314,314,314,fan,,,,,,,
157,3,2,1407,1407,1407,fan,,,,,,,
157,4,2,2186,2186,2186,fan,,,,,,,
157,5,3,4674,4674,4674,fan,,,,,,,
157,6,3,6224,6224,6224,fan,,,,,,,
157,7,4,10862,10862,10862,fan,,,,,,,
157,8,4,13632,13632,13632,fan,,,,,,,
157,9,5,20863,20863,20863,fan,,,,,,,
157,10,5,24994,24994,24994,fan,,,,,,,
157,11,6,35549,35549,35549,fan,,,,,,,
157,12,6,41474,41474,41474,fan,,,,,,,
157,13,7,55780,55780,55780,fan,,,,,,,
157,14,7,63632,63632,63632,fan,,,,,,,
157,15,8,82396,82396,82396,fan,,,,,,,
157,16,8,92592,92592,92592,fan,,,,,,,
157,17,9,116225,116225,116225,fan,,,,,,,
157,18,9,128890,128890,128890,fan,,,,,,,
157,19,9,184861,184861,184861,baseline,,,,,,,
157,20,10,173610,173610,173610,fan,,,,,,,
157,21,10,234968,234968,234968,baseline,,,,,,,
157,22,11,227264,227264,227264,fan,,,,,,,
157,23,11,294031,294031,294031,baseline,,,,,,,
157,24,12,290896,290896,290896,fan,,,,,,,
157,25,12,362831,362829,362829,guided,0,1,110,1,457253402,5067,345
157,26,13,364994,364994,364994,fan,,,,,,,
157,27,13,442161,442126,442126,guided,0,1,110,1,577745948,5182,239
157,28,13,535506,535506,535506,baseline,,,,,,,
157,29,14,532709,532671,532671,guided,0,1,110,1,717981575,5218,265
157,30,14,632800,632800,632800,baseline,,,,,,,
157,31,15,635270,635196,635196,guided,0,1,110,1,878555131,4948,255
158,1,1,158,158,158,fan,,,,,,,
158,2,1,316,316,316,fan,,,,,,,
158,3,2,1416,1416,1416,fan,,,,,,,
158,4,2,2200,2200,2200,fan,,,,,,,
158,5,3,4704,4704,4704,fan,,,,,,,
158,6,3,6264,6264,6264,fan,,,,,,,
158,7,4,10932,10932,10932,fan,,,,,,,
158,8,4,13720,13720,13720,fan,,,,,,,
158,9,5,20998,20998,20998,fan,,,,,,,
158,10,5,25156,25156,25156,fan,,,,,,,
158,11,6,35780,35780,35780,fan,,,,,,,
158,12,6,41744,41744,41744,fan,,,,,,,
158,13,7,56144,56144,56144,fan,,,,,,,
158,14,7,64048,64048,64048,fan,,,,,,,
158,15,8,82936,82936,82936,fan,,,,,,,
158,16,8,93200,93200,93200,fan,,,,,,,
158,17,9,116990,116990,116990,fan,,,,,,,
158,18,9,129740,129740,129740,fan,,,,,,,
158,19,9,186440,186440,186440,baseline,,,,,,,
158,20,10,174760,174760,174760,fan,,,,,,,
158,21,10,236922,236922,236922,baseline,,,,,,,
158,22,11,228776,228776,228776,fan,,,,,,,
158,23,11,296420,296420,296420,baseline,,,,,,,
158,24,12,292840,292840,292840,fan,,,,,,,
158,25,12,365726,365722,365722,guided,0,3,110,1,306288142,3376,234
158,26,13,367444,367444,367444,fan,,,,,,,
158,27,13,445636,445596,445596,guided,0,3,110,1,387906177,3455,160
158,28,13,540148,540148,540148,baseline,,,,,,,
158,29,14,536832,536800,536800,guided,0,3,110,1,482031284,3485,174
158,30,14,638204,638204,638204,baseline,,,,,,,
158,31,15,640148,640068,640068,guided,0,3,110,1,589771616,3275,150
159,1,1,159,159,159,fan,,,,,,,
159,2,1,318,318,318,fan,,,,,,,
159,3,2,1425,1425,1425,fan,,,,,,,
159,4,2,2214,2214,2214,fan,,,,,,,
159,5,3,4734,4734,4734,fan,,,,,,,
159,6,3,6304,6304,6304,fan,,,,,,,
159,7,4,11002,11002,11002,fan,,,,,,,
159,8,4,13808,13808,13808,fan,,,,,,,
159,9,5,21133,21133,21133,fan,,,,,,,
159,10,5,25318,25318,25318,fan,,,,,,,
159,11,6,36011,36011,36011,fan,,,,,,,
159,12,6,42014,42014,42014,fan,,,,,,,
159,13,7,56508,56508,56508,fan,,,,,,,
159,14,7,64464,64464,64464,fan,,,,,,,
159,15,8,83476,83476,83476,fan,,,,,,,
159,16,8,93808,93808,93808,fan,,,,,,,
159,17,9,117755,117755,117755,fan,,,,,,,
159,18,9,130590,130590,130590,fan,,,,,,,
159,19,9,188028,188028,188028,baseline,,,,,,,
159,20,10,175910,175910,175910,fan,,,,,,,
159,21,10,238886,238886,238886,baseline,,,,,,,
159,22,11,230288,230288,230288,fan,,,,,,,
159,23,11,298821,298821,298821,baseline,,,,,,,
159,24,12,294784,294784,294784,fan,,,,,,,
159,25,12,368633,368627,368627,guided,0,3,110,1,453441153,5073,357
159,26,13,369894,369894,369894,fan,,,,,,,
159,27,13,449116,449081,449081,guided,0,3,110,1,585216890,5208,238
159,28,13,544818,544818,544818,baseline,,,,,,,
159,29,14,540969,540943,540943,guided,0,3,110,1,726922723,5279,257
159,30,14,643610,643610,643610,baseline,,,,,,,
159,31,15,645028,644956,644956,guided,0,3,110,1,889541312,5000,253
160,1,1,160,160,160,fan,,,,,,,
160,2,1,320,320,320,fan,,,,,,,
160,3,2,1434,1434,1434,fan,,,,,,,
160,4,2,2228,2228,2228,fan,,,,,,,
160,5,3,4764,4764,4764,fan,,,,,,,
160,6,3,6344,6344,6344,fan,,,,,,,
160,7,4,11072,11072,11072,fan,,,,,,,
160,8,4,13896,13896,13896,fan,,,,,,,
160,9,5,21268,21268,21268,fan,,,,,,,
160,10,5,25480,25480,25480,fan,,,,,,,
160,11,6,36242,36242,36242,fan,,,,,,,
160,12,6,42284,42284,42284,fan,,,,,,,
160,13,7,56872,56872,56872,fan,,,,,,,
160,14,7,64880,64880,64880,fan,,,,,,,
160,15,8,84016,84016,84016,fan,,,,,,,
160,16,8,94416,94416,94416,fan,,,,,,,
160,17,9,118520,118520,118520,fan,,,,,,,
160,18,9,131440,131440,131440,fan,,,,,,,
160,19,9,189616,189616,189616,baseline,,,,,,,
160,20,10,177060,177060,177060,fan,,,,,,,
160,21,10,240850,240850,240850,baseline,,,,,,,
160,22,11,231800,231800,231800,fan,,,,,,,
160,23,11,301222,301222,301222,baseline,,,,,,,
160,24,12,296728,296728,296728,fan,,,,,,,
160,25,12,371540,371532,371532,guided,0,1,110,1,307990421,3397,246
160,26,13,372344,372344,372344,fan,,,,,,,
160,27,13,452596,452566,452566,guided,0,3,110,1,392903868,3476,158
160,28,13,549488,549488,549488,baseline,,,,,,,
160,29,14,545106,545086,545086,guided,0,1,110,1,487887088,3519,166
160,30,14,649044,649044,649044,baseline,,,,,,,
160,31,15,649908,649844,649844,guided,0,3,110,1,597158687,3350,179
160,32,15,760752,760752,760752,baseline,,,,,,,
161,1,1,161,161,161,fan,,,,,,,
161,2,1,322,322,322,fan,,,,,,,
161,3,2,1443,1443,1443,fan,,,,,,,
161,4,2,2242,2242,2242,fan,,,,,,,
161,5,3,4794,4794,4794,fan,,,,,,,
161,6,3,6384,6384,6384,fan,,,,,,,
161,7,4,11142,11142,11142,fan,,,,,,,
161,8,4,13984,13984,13984,fan,,,,,,,
161,9,5,21403,21403,21403,fan,,,,,,,
161,10,5,25642,25642,25642,fan,,,,,,,
161,11,6,36473,36473,36473,fan,,,,,,,
161,12,6,42554,42554,42554,fan,,,,,,,
161,13,7,57236,57236,57236,fan,,,,,,,
161,14,7,65296,65296,65296,fan,,,,,,,
161,15,8,84556,84556,84556,fan,,,,,,,
161,16,8,95024,95024,95024,fan,,,,,,,
161,17,9,119285,119285,119285,fan,,,,,,,
161,18,9,132290,132290,132290,fan,,,,,,,
161,19,9,191213,191213,191213,baseline,,,,,,,
161,20,10,178210,178210,178210,fan,,,,,,,
161,21,10,242825,242825,242825,baseline,,,,,,,
161,22,11,233312,233312,233312,fan,,,,,,,
161,23,11,303634,303634,303634,baseline,,,,,,,
161,24,12,298672,298672,298672,fan,,,,,,,
161,25,12,374457,374451,374451,guided,0,1,110,1,460898770,5099,361
161,26,13,374794,374794,374794,fan,,,,,,,
161,27,13,456089,456064,456064,guided,0,1,110,1,592603058,5250,236
161,28,13,554184,554184,554184,baseline,,,,,,,
161,29,14,549269,549244,549244,guided,0,1,110,1,736255148,5324,267
161,30,14,654478,654478,654478,baseline,,,,,,,
161,31,15,654803,654747,654747,guided,0,1,110,1,900392663,5120,282
161,32,15,767038,767038,767038,baseline,,,,,,,
162,1,1,162,162,162,fan,,,,,,,
162,2,1,324,324,324,fan,,,,,,,
162,3,2,1452,1452,1452,fan,,,,,,,
162,4,2,2256,2256,2256,fan,,,,,,,
162,5,3,4824,4824,4824,fan,,,,,,,
162,6,3,6424,6424,6424,fan,,,,,,,
162,7,4,11212,11212,11212,fan,,,,,,,
162,8,4,14072,14072,14072,fan,,,,,,,
162,9,5,21538,21538,21538,fan,,,,,,,
162,10,5,25804,25804,25804,fan,,,,,,,
162,11,6,36704,36704,36704,fan,,,,,,,
162,12,6,42824,42824,42824,fan,,,,,,,
162,13,7,57600,57600,57600,fan,,,,,,,
162,14,7,65712,65712,65712,fan,,,,,,,
162,15,8,85096,85096,85096,fan,,,,,,,
162,16,8,95632,95632,95632,fan,,,,,,,
162,17,9,120050,120050,120050,fan,,,,,,,
162,18,9,133140,133140,133140,fan,,,,,,,
162,19,9,192810,192810,192810,baseline,,,,,,,
162,20,10,179360,179360,179360,fan,,,,,,,
162,21,10,244800,244800,244800,baseline,,,,,,,
162,22,11,234824,234824,234824,fan,,,,,,,
162,23,11,306046,306046,306046,baseline,,,,,,,
162,24,12,300616,300616,300616,fan,,,,,,,
162,25,12,377374,377370,377370,guided,0,3,110,1,308807387,3390,238
162,26,13,377244,377244,377244,fan,,,,,,,
162,27,13,459582,459562,459562,guided,0,3,110,1,398082750,3497,156
162,28,13,558880,558880,558880,baseline,,,,,,,
162,29,14,553432,553402,553402,guided,0,3,110,1,493687471,3554,184
162,30,14,659940,659940,659940,baseline,,,,,,,
162,31,15,659698,659650,659650,guided,0,3,110,1,604511955,3424,204
162,32,15,773324,773324,773324,baseline,,,,,,,
163,1,1,163,163,163,fan,,,,,,,
163,2,1,326,326,326,fan,,,,,,,
163,3,2,1461,1461,1461,fan,,,,,,,
163,4,2,2270,2270,2270,fan,,,,,,,
163,5,3,4854,4854,4854,fan,,,,,,,
163,6,3,6464,6464,6464,fan,,,,,,,
163,7,4,11282,11282,11282,fan,,,,,,,
163,8,4,14160,14160,14160,fan,,,,,,,
163,9,5,21673,21673,21673,fan,,,,,,,
163,10,5,25966,25966,25966,fan,,,,,,,
163,11,6,36935,36935,36935,fan,,,,,,,
163,12,6,43094,43094,43094,fan,,,,,,,
163,13,7,57964,57964,57964,fan,,,,,,,
163,14,7,66128,66128,66128,fan,,,,,,,
163,15,8,85636,85636,85636,fan,,,,,,,
163,16,8,96240,96240,96240,fan,,,,,,,
163,17,9,120815,120815,120815,fan,,,,,,,
163,18,9,133990,133990,133990,fan,,,,,,,
163,19,10,164345,164345,164345,fan,,,,,,,
163,20,10,180510,180510,180510,fan,,,,,,,
163,21,10,246785,246785,246785,baseline,,,,,,,
163,22,11,236336,236336,236336,fan,,,,,,,
163,23,11,308471,308471,308471,baseline,,,,,,,
163,24,12,302560,302560,302560,fan,,,,,,,
163,25,12,380303,380301,380301,guided,0,3,110,1,454872042,5071,353
163,26,13,379694,379694,379694,fan,,,,,,,
163,27,13,463091,463074,463074,guided,0,3,110,1,600975110,5281,245
163,28,13,563604,563604,563604,baseline,,,,,,,
163,29,14,557609,557574,557574,guided,0,3,110,1,745586750,5389,285
163,30,14,665404,665404,665404,baseline,,,,,,,
163,31,15,664624,664570,664570,guided,0,3,110,1,911469730,5156,284
163,32,15,779642,779642,779642,baseline,,,,,,,
164,1,1,164,164,164,fan,,,,,,,
164,2,1,328,328,328,fan,,,,,,,
164,3,2,1470,1470,1470,fan,,,,,,,
164,4,2,2284,2284,2284,fan,,,,,,,
164,5,3,4884,4884,4884,fan,,,,,,,
164,6,3,6504,6504,6504,fan,,,,,,,
164,7,4,11352,11352,11352,fan,,,,,,,
164,8,4,14248,14248,14248,fan,,,,,,,
164,9,5,21808,21808,21808,fan,,,,,,,
164,10,5,26128,26128,26128,fan,,,,,,,
164,11,6,37166,37166,37166,fan,,,,,,,
164,12,6,43364,43364,43364,fan,,,,,,,
164,13,7,58328,58328,58328,fan,,,,,,,
164,14,7,66544,66544,66544,fan,,,,,,,
164,15,8,86176,86176,86176,fan,,,,,,,
164,16,8,96848,96848,96848,fan,,,,,,,
164,17,9,121580,121580,121580,fan,,,,,,,
164,18,9,134840,134840,134840,fan,,,,,,,
164,19,10,165390,165390,165390,fan,,,,,,,
164,20,10,181660,181660,181660,fan,,,,,,,
164,21,10,248770,248770,248770,baseline,,,,,,,
164,22,11,237848,237848,237848,fan,,,,,,,
164,23,11,310896,310896,310896,baseline,,,,,,,
164,24,12,304504,304504,304504,fan,,,,,,,
164,25,12,383232,383232,383232,baseline,,,,,,,
164,26,13,382144,382144,382144,fan,,,,,,,
164,27,13,466600,466586,466586,guided,0,3,110,1,403468756,3528,167
164,28,13,568328,568328,568328,baseline,,,,,,,
164,29,14,561786,561746,561746,guided,0,1,110,1,500419778,3592,202
164,30,14,670896,670896,670896,baseline,,,,,,,
164,31,15,669550,669490,669490,guided,0,3,110,1,612016566,3433,183
164,32,15,785960,785960,785960,baseline,,,,,,,
165,1,1,165,165,165,fan,,,,,,,
165,2,1,330,330,330,fan,,,,,,,
165,3,2,1479,1479,1479,fan,,,,,,,
165,4,2,2298,2298,2298,fan,,,,,,,
165,5,3,4914,4914,4914,fan,,,,,,,
165,6,3,6544,6544,6544,fan,,,,,,,
165,7,4,11422,11422,11422,fan,,,,,,,
165,8,4,14336,14336,14336,fan,,,,,,,
165,9,5,21943,21943,21943,fan,,,,,,,
165,10,5,26290,26290,26290,fan,,,,,,,
165,11,6,37397,37397,37397,fan,,,,,,,
165,12,6,43634,43634,43634,fan,,,,,,,
165,13,7,58692,58692,58692,fan,,,,,,,
165,14,7,66960,66960,66960,fan,,,,,,,
165,15,8,86716,86716,86716,fan,,,,,,,
165,16,8,97456,97456,97456,fan,,,,,,,
165,17,9,122345,122345,122345,fan,,,,,,,
165,18,9,135690,135690,135690,fan,,,,,,,
165,19,10,166435,166435,166435,fan,,,,,,,
165,20,10,182810,182810,182810,fan,,,,,,,
165,21,10,250765,250765,250765,baseline,,,,,,,
165,22,11,239360,239360,239360,fan,,,,,,,
165,23,11,313332,313332,313332,baseline,,,,,,,
165,24,12,306448,306448,306448,fan,,,,,,,
165,25,12,386178,386176,386176,guided,0,1,110,1,460403121,5083,350
165,26,13,384594,384594,384594,fan,,,,,,,
165,27,13,470122,470111,470111,guided,0,1,110,1,607498652,5336,256
165,28,13,573078,573078,573078,baseline,,,,,,,
165,29,14,565980,565934,565934,guided,0,1,110,1,754109735,5418,287
165,30,14,676388,676388,676388,baseline,,,,,,,
165,31,15,674491,674425,674425,guided,0,1,110,1,922975873,5235,264
165,32,15,792308,792308,792308,baseline,,,,,,,
165,33,15,916794,916794,916794,baseline,,,,,,,
166,1,1,166,166,166,fan,,,,,,,
166,2,1,332,332,332,fan,,,,,,,
166,3,2,1488,1488,1488,fan,,,,,,,
166,4,2,2312,2312,2312,fan,,,,,,,
166,5,3,4944,4944,4944,fan,,,,,,,
166,6,3,6584,6584,6584,fan,,,,,,,
166,7,4,11492,11492,11492,fan,,,,,,,
166,8,4,14424,14424,14424,fan,,,,,,,
166,9,5,22078,22078,22078,fan,,,,,,,
166,10,5,26452,26452,26452,fan,,,,,,,
166,11,6,37628,37628,37628,fan,,,,,,,
166,12,6,43904,43904,43904,fan,,,,,,,
166,13,7,59056,59056,59056,fan,,,,,,,
166,14,7,67376,67376,67376,fan,,,,,,,
166,15,8,87256,87256,87256,fan,,,,,,,
166,16,8,98064,98064,98064,fan,,,,,,,
166,17,9,123110,123110,123110,fan,,,,,,,
166,18,9,136540,136540,136540,fan,,,,,,,
166,19,10,167480,167480,167480,fan,,,,,,,
166,20,10,183960,183960,183960,fan,,,,,,,
166,21,10,252760,252760,252760,baseline,,,,,,,
166,22,11,240872,240872,240872,fan,,,,,,,
166,23,11,315768,315768,315768,baseline,,,,,,,
166,24,12,308392,308392,308392,fan,,,,,,,
166,25,12,389124,389120,389120,guided,0,3,110,1,308164146,3384,235
166,26,13,387044,387044,387044,fan,,,,,,,
166,27,13,473644,473636,473636,guided,0,3,110,1,407407189,3556,178
166,28,13,577828,577828,577828,baseline,,,,,,,
166,29,14,570174,570122,570122,guided,0,3,110,1,506245646,3616,186
166,30,14,681908,681908,681908,baseline,,,,,,,
166,31,15,679432,679360,679360,guided,0,3,110,1,619410488,3458,163
166,32,15,798656,798656,798656,baseline,,,,,,,
166,33,15,924628,924628,924628,baseline,,,,,,,
167,1,1,167,167,167,fan,,,,,,,
167,2,1,334,334,334,fan,,,,,,,
167,3,2,1497,1497,1497,fan,,,,,,,
167,4,2,2326,2326,2326,fan,,,,,,,
167,5,3,4974,4974,4974,fan,,,,,,,
167,6,3,6624,6624,6624,fan,,,,,,,
167,7,4,11562,11562,11562,fan,,,,,,,
167,8,4,14512,14512,14512,fan,,,,,,,
167,9,5,22213,22213,22213,fan,,,,,,,
167,10,5,26614,26614,26614,fan,,,,,,,
167,11,6,37859,37859,37859,fan,,,,,,,
167,12,6,44174,44174,44174,fan,,,,,,,
167,13,7,59420,59420,59420,fan,,,,,,,
167,14,7,67792,67792,67792,fan,,,,,,,
167,15,8,87796,87796,87796,fan,,,,,,,
167,16,8,98672,98672,98672,fan,,,,,,,
167,17,9,123875,123875,123875,fan,,,,,,,
167,18,9,137390,137390,137390,fan,,,,,,,
167,19,10,168525,168525,168525,fan,,,,,,,
167,20,10,185110,185110,185110,fan,,,,,,,
167,21,10,254765,254765,254765,baseline,,,,,,,
167,22,11,242384,242384,242384,fan,,,,,,,
167,23,11,318216,318216,318216,baseline,,,,,,,
167,24,12,310336,310336,310336,fan,,,,,,,
167,25,12,392082,392076,392076,guided,0,3,110,1,454822724,5075,355
167,26,13,389494,389494,389494,fan,,,,,,,
167,27,13,477187,477176,477176,guided,0,3,110,1,614861698,5390,297
167,28,13,582606,582606,582606,baseline,,,,,,,
167,29,14,574382,574324,574324,guided,0,3,110,1,762845023,5469,271
167,30,14,687430,687430,687430,baseline,,,,,,,
167,31,15,684391,684311,684311,guided,0,3,110,1,934013411,5254,251
167,32,15,805036,805036,805036,baseline,,,,,,,
167,33,15,932490,932490,932490,baseline,,,,,,,
168,1,1,168,168,168,fan,,,,,,,
168,2,1,336,336,336,fan,,,,,,,
168,3,2,1506,1506,1506,fan,,,,,,,
168,4,2,2340,2340,2340,fan,,,,,,,
168,5,3,5004,5004,5004,fan,,,,,,,
168,6,3,6664,6664,6664,fan,,,,,,,
168,7,4,11632,11632,11632,fan,,,,,,,
168,8,4,14600,14600,14600,fan,,,,,,,
168,9,5,22348,22348,22348,fan,,,,,,,
168,10,5,26776,26776,26776,fan,,,,,,,
168,11,6,38090,38090,38090,fan,,,,,,,
168,12,6,44444,44444,44444,fan,,,,,,,
168,13,7,59784,59784,59784,fan,,,,,,,
168,14,7,68208,68208,68208,fan,,,,,,,
168,15,8,88336,88336,88336,fan,,,,,,,
168,16,8,99280,99280,99280,fan,,,,,,,
168,17,9,124640,124640,124640,fan,,,,,,,
168,18,9,138240,138240,138240,fan,,,,,,,
168,19,10,169570,169570,169570,fan,,,,,,,
168,20,10,186260,186260,186260,fan,,,,,,,
168,21,10,256770,256770,256770,baseline,,,,,,,
168,22,11,243896,243896,243896,fan,,,,,,,
168,23,11,320664,320664,320664,baseline,,,,,,,
168,24,12,312280,312280,312280,fan,,,,,,,
168,25,12,395040,395032,395032,guided,0,1,110,1,308556337,3394,240
168,26,13,391944,391944,391944,fan,,,,,,,
168,27,13,480730,480716,480716,guided,0,3,110,1,413128107,3606,208
168,28,13,587384,587384,587384,baseline,,,,,,,
168,29,14,578590,578526,578526,guided,0,1,110,1,512113356,3640,170
168,30,14,692980,692980,692980,baseline,,,,,,,
168,31,15,689350,689262,689262,guided,0,3,110,1,626905698,3515,170
168,32,15,811416,811416,811416,baseline,,,,,,,
168,33,15,940372,940372,940372,baseline,,,,,,,
169,1,1,169,169,169,fan,,,,,,,
169,2,1,338,338,338,fan,,,,,,,
169,3,2,1515,1515,1515,fan,,,,,,,
169,4,2,2354,2354,2354,fan,,,,,,,
169,5,3,5034,5034,5034,fan,,,,,,,
169,6,3,6704,6704,6704,fan,,,,,,,
169,7,4,11702,11702,11702,fan,,,,,,,
169,8,4,14688,14688,14688,fan,,,,,,,
169,9,5,22483,22483,22483,fan,,,,,,,
169,10,5,26938,26938,26938,fan,,,,,,,
169,11,6,38321,38321,38321,fan,,,,,,,
169,12,6,44714,44714,44714,fan,,,,,,,
169,13,7,60148,60148,60148,fan,,,,,,,
169,14,7,68624,68624,68624,fan,,,,,,,
169,15,8,88876,88876,88876,fan,,,,,,,
169,16,8,99888,99888,99888,fan,,,,,,,
169,17,9,125405,125405,125405,fan,,,,,,,
169,18,9,139090,139090,139090,fan,,,,,,,
169,19,10,170615,170615,170615,fan,,,,,,,
169,20,10,187410,187410,187410,fan,,,,,,,
169,21,10,258786,258786,258786,baseline,,,,,,,
169,22,11,245408,245408,245408,fan,,,,,,,
169,23,11,323123,323123,323123,baseline,,,,,,,
169,24,12,314224,314224,314224,fan,,,,,,,
169,25,12,398008,398002,398002,guided,0,1,110,1,462802410,5101,370
169,26,13,394394,394394,394394,fan,,,,,,,
169,27,13,484286,484269,484269,guided,0,1,110,1,622283009,5452,327
169,28,13,592188,592188,592188,baseline,,,,,,,
169,29,14,582801,582743,582743,guided,0,1,110,1,772330408,5509,251
169,30,14,698530,698530,698530,baseline,,,,,,,
169,31,15,694322,694228,694228,guided,0,1,110,1,944613091,5341,264
169,32,15,817826,817826,817826,baseline,,,,,,,
169,33,15,948280,948280,948280,baseline,,,,,,,
170,1,1,170,170,170,fan,,,,,,,
170,2,1,340,340,340,fan,,,,,,,
170,3,2,1524,1524,1524,fan,,,,,,,
170,4,2,2368,2368,2368,fan,,,,,,,
170,5,3,5064,5064,5064,fan,,,,,,,
170,6,3,6744,6744,6744,fan,,,,,,,
170,7,4,11772,11772,11772,fan,,,,,,,
170,8,4,14776,14776,14776,fan,,,,,,,
170,9,5,22618,22618,22618,fan,,,,,,,
170,10,5,27100,27100,27100,fan,,,,,,,
170,11,6,38552,38552,38552,fan,,,,,,,
170,12,6,44984,44984,44984,fan,,,,,,,
170,13,7,60512,60512,60512,fan,,,,,,,
170,14,7,69040,69040,69040,fan,,,,,,,
170,15,8,89416,89416,89416,fan,,,,,,,
170,16,8,100496,100496,100496,fan,,,,,,,
170,17,9,126170,126170,126170,fan,,,,,,,
170,18,9,139940,139940,139940,fan,,,,,,,
170,19,10,171660,171660,171660,fan,,,,,,,
170,20,10,188560,188560,188560,fan,,,,,,,
170,21,10,260802,260802,260802,baseline,,,,,,,
170,22,11,246920,246920,246920,fan,,,,,,,
170,23,11,325582,325582,325582,baseline,,,,,,,
170,24,12,316168,316168,316168,fan,,,,,,,
170,25,12,400976,400972,400972,guided,0,3,110,1,311141648,3398,250
170,26,13,396844,396844,396844,fan,,,,,,,
170,27,13,487842,487822,487822,guided,0,3,110,1,417683957,3647,238
170,28,13,596992,596992,596992,baseline,,,,,,,
170,29,14,587012,586960,586960,guided,0,3,110,1,518277633,3680,166
170,30,14,704108,704108,704108,baseline,,,,,,,
170,31,15,699298,699194,699194,guided,0,3,110,1,634719214,3556,179
170,32,15,824236,824236,824236,baseline,,,,,,,
170,33,15,956210,956210,956210,baseline,,,,,,,
170,34,16,958204,958200,958200,guided,0,3,110,1,791392837,2812,265
171,1,1,171,171,171,fan,,,,,,,
171,2,1,342,342,342,fan,,,,,,,
171,3,2,1533,1533,1533,fan,,,,,,,
171,4,2,2382,2382,2382,fan,,,,,,,
171,5,3,5094,5094,5094,fan,,,,,,,
171,6,3,6784,6784,6784,fan,,,,,,,
171,7,4,11842,11842,11842,fan,,,,,,,
171,8,4,14864,14864,14864,fan,,,,,,,
171,9,5,22753,22753,22753,fan,,,,,,,
171,10,5,27262,27262,27262,fan,,,,,,,
171,11,6,38783,38783,38783,fan,,,,,,,
171,12,6,45254,45254,45254,fan,,,,,,,
171,13,7,60876,60876,60876,fan,,,,,,,
171,14,7,69456,69456,69456,fan,,,,,,,
171,15,8,89956,89956,89956,fan,,,,,,,
171,16,8,101104,101104,101104,fan,,,,,,,
171,17,9,126935,126935,126935,fan,,,,,,,
171,18,9,140790,140790,140790,fan,,,,,,,
171,19,10,172705,172705,172705,fan,,,,,,,
171,20,10,189710,189710,189710,fan,,,,,,,
171,21,10,262828,262828,262828,baseline,,,,,,,
171,22,11,248432,248432,248432,fan,,,,,,,
171,23,11,328052,328052,328052,baseline,,,,,,,
171,24,12,318112,318112,318112,fan,,,,,,,
171,25,12,403956,403954,403954,guided,0,3,110,1,457415477,5081,380
171,26,13,399294,399294,399294,fan,,,,,,,
171,27,13,491406,491389,491389,guided,0,3,110,1,629253925,5487,350
171,28,13,601824,601824,601824,baseline,,,,,,,
171,29,14,591237,591191,591191,guided,0,3,110,1,781453319,5576,247
171,30,14,709688,709688,709688,baseline,,,,,,,
171,31,15,704271,704177,704177,guided,0,3,110,1,956311141,5393,273
171,32,15,830678,830678,830678,baseline,,,,,,,
171,33,16,831290,831147,831147,guided,0,3,110,1,1154965443,4701,220
171,34,16,965568,965566,965566,guided,0,3,110,1,795131279,2818,268
172,1,1,172,172,172,fan,,,,,,,
172,2,1,344,344,344,fan,,,,,,,
172,3,2,1542,1542,1542,fan,,,,,,,
172,4,2,2396,2396,2396,fan,,,,,,,
172,5,3,5124,5124,5124,fan,,,,,,,
172,6,3,6824,6824,6824,fan,,,,,,,
172,7,4,11912,11912,11912,fan,,,,,,,
172,8,4,14952,14952,14952,fan,,,,,,,
172,9,5,22888,22888,22888,fan,,,,,,,
172,10,5,27424,27424,27424,fan,,,,,,,
172,11,6,39014,39014,39014,fan,,,,,,,
172,12,6,45524,45524,45524,fan,,,,,,,
172,13,7,61240,61240,61240,fan,,,,,,,
172,14,7,69872,69872,69872,fan,,,,,,,
172,15,8,90496,90496,90496,fan,,,,,,,
172,16,8,101712,101712,101712,fan,,,,,,,
172,17,9,127700,127700,127700,fan,,,,,,,
172,18,9,141640,141640,141640,fan,,,,,,,
172,19,10,173750,173750,173750,fan,,,,,,,
172,20,10,190860,190860,190860,fan,,,,,,,
172,21,10,264854,264854,264854,baseline,,,,,,,
172,22,11,249944,249944,249944,fan,,,,,,,
172,23,11,330522,330522,330522,baseline,,,,,,,
172,24,12,320056,320056,320056,fan,,,,,,,
172,25,12,406936,406936,406936,baseline,,,,,,,
172,26,13,401744,401744,401744,fan,,,,,,,
172,27,13,494970,494956,494956,guided,0,3,110,1,421957973,3659,231
172,28,13,606656,606656,606656,baseline,,,,,,,
172,29,14,595462,595422,595422,guided,0,1,110,1,524119015,3717,162
172,30,14,715296,715296,715296,baseline,,,,,,,
172,31,15,709244,709160,709160,guided,0,3,110,1,641406309,3603,182
172,32,15,837120,837120,837120,baseline,,,,,,,
172,33,16,837116,836972,836972,guided,0,1,110,1,774987337,3107,137
172,34,16,972964,972964,972964,baseline,,,,,,,
173,1,1,173,173,173,fan,,,,,,,
173,2,1,346,346,346,fan,,,,,,,
173,3,2,1551,1551,1551,fan,,,,,,,
173,4,2,2410,2410,2410,fan,,,,,,,
173,5,3,5154,5154,5154,fan,,,,,,,
173,6,3,6864,6864,6864,fan,,,,,,,
173,7,4,11982,11982,11982,fan,,,,,,,
173,8,4,15040,15040,15040,fan,,,,,,,
173,9,5,23023,23023,23023,fan,,,,,,,
173,10,5,27586,27586,27586,fan,,,,,,,
173,11,6,39245,39245,39245,fan,,,,,,,
173,12,6,45794,45794,45794,fan,,,,,,,
173,13,7,61604,61604,61604,fan,,,,,,,
173,14,7,70288,70288,70288,fan,,,,,,,
173,15,8,91036,91036,91036,fan,,,,,,,
173,16,8,102320,102320,102320,fan,,,,,,,
173,17,9,128465,128465,128465,fan,,,,,,,
173,18,9,142490,142490,142490,fan,,,,,,,
173,19,10,174795,174795,174795,fan,,,,,,,
173,20,10,192010,192010,192010,fan,,,,,,,
173,21,10,266890,266890,266890,baseline,,,,,,,
173,22,11,251456,251456,251456,fan,,,,,,,
173,23,11,333003,333003,333003,baseline,,,,,,,
173,24,12,322000,322000,322000,fan,,,,,,,
173,25,12,409931,409931,409931,baseline,,,,,,,
173,26,13,404194,404194,404194,fan,,,,,,,
173,27,13,498547,498536,498536,guided,0,1,110,1,636769985,5523,343
173,28,13,611516,611516,611516,baseline,,,,,,,
173,29,14,599704,599669,599669,guided,0,1,110,1,790517952,5596,252
173,30,14,720904,720904,720904,baseline,,,,,,,
173,31,15,714232,714158,714158,guided,0,1,110,1,967546908,5488,282
173,32,15,843592,843592,843592,baseline,,,,,,,
173,33,16,842950,842814,842814,guided,0,1,110,1,1168366500,4796,230
173,34,16,980362,980362,980362,baseline,,,,,,,
174,1,1,174,174,174,fan,,,,,,,
174,2,1,348,348,348,fan,,,,,,,
174,3,2,1560,1560,1560,fan,,,,,,,
174,4,2,2424,2424,2424,fan,,,,,,,
174,5,3,5184,5184,5184,fan,,,,,,,
174,6,3,6904,6904,6904,fan,,,,,,,
174,7,4,12052,12052,12052,fan,,,,,,,
174,8,4,15128,15128,15128,fan,,,,,,,
174,9,5,23158,23158,23158,fan,,,,,,,
174,10,5,27748,27748,27748,fan,,,,,,,
174,11,6,39476,39476,39476,fan,,,,,,,
174,12,6,46064,46064,46064,fan,,,,,,,
174,13,7,61968,61968,61968,fan,,,,,,,
174,14,7,70704,70704,70704,fan,,,,,,,
174,15,8,91576,91576,91576,fan,,,,,,,
174,16,8,102928,102928,102928,fan,,,,,,,
174,17,9,129230,129230,129230,fan,,,,,,,
174,18,9,143340,143340,143340,fan,,,,,,,
174,19,10,175840,175840,175840,fan,,,,,,,
174,20,10,193160,193160,193160,fan,,,,,,,
174,21,10,268926,268926,268926,baseline,,,,,,,
174,22,11,252968,252968,252968,fan,,,,,,,
174,23,11,335484,335484,335484,baseline,,,,,,,
174,24,12,323944,323944,323944,fan,,,,,,,
174,25,12,412926,412926,412926,baseline,,,,,,,
174,26,13,406644,406644,406644,fan,,,,,,,
174,27,13,502124,502116,502116,guided,0,3,110,1,427584044,3677,224
174,28,13,616376,616376,616376,baseline,,,,,,,
174,29,14,603946,603916,603916,guided,0,3,110,1,531027992,3733,171
174,30,14,726540,726540,726540,baseline,,,,,,,
174,31,15,719220,719156,719156,guided,0,3,110,1,648923214,3658,187
174,32,15,850064,850064,850064,baseline,,,,,,,
174,33,16,848784,848656,848656,guided,0,3,110,1,784154871,3214,157
174,34,16,987792,987792,987792,baseline,,,,,,,
175,1,1,175,175,175,fan,,,,,,,
175,2,1,350,350,350,fan,,,,,,,
175,3,2,1569,1569,1569,fan,,,,,,,
175,4,2,2438,2438,2438,fan,,,,,,,
175,5,3,5214,5214,5214,fan,,,,,,,
175,6,3,6944,6944,6944,fan,,,,,,,
175,7,4,12122,12122,12122,fan,,,,,,,
175,8,4,15216,15216,15216,fan,,,,,,,
175,9,5,23293,23293,23293,fan,,,,,,,
175,10,5,27910,27910,27910,fan,,,,,,,
175,11,6,39707,39707,39707,fan,,,,,,,
175,12,6,46334,46334,46334,fan,,,,,,,
175,13,7,62332,62332,62332,fan,,,,,,,
175,14,7,71120,71120,71120,fan,,,,,,,
175,15,8,92116,92116,92116,fan,,,,,,,
175,16,8,103536,103536,103536,fan,,,,,,,
175,17,9,129995,129995,129995,fan,,,,,,,
175,18,9,144190,144190,144190,fan,,,,,,,
175,19,10,176885,176885,176885,fan,,,,,,,
175,20,10,194310,194310,194310,fan,,,,,,,
175,21,10,270972,270972,270972,baseline,,,,,,,
175,22,11,254480,254480,254480,fan,,,,,,,
175,23,11,337977,337977,337977,baseline,,,,,,,
175,24,12,325888,325888,325888,fan,,,,,,,
175,25,12,415933,415933,415933,baseline,,,,,,,
175,26,13,409094,409094,409094,fan,,,,,,,
175,27,13,505720,505711,505711,guided,0,3,110,1,643667693,5541,354
175,28,13,621266,621266,621266,baseline,,,,,,,
175,29,14,608202,608177,608177,guided,0,3,110,1,799557885,5636,261
175,30,14,732180,732180,732180,baseline,,,,,,,
175,31,15,724228,724170,724170,guided,0,3,110,1,978039109,5531,304
175,32,15,856568,856568,856568,baseline,,,,,,,
175,33,16,854630,854514,854514,guided,0,3,110,1,1181886445,5040,267
175,34,16,995224,995224,995224,baseline,,,,,,,
175,35,16,1143610,1143610,1143610,baseline,,,,,,,
176,1,1,176,176,176,fan,,,,,,,
176,2,1,352,352,352,fan,,,,,,,
176,3,2,1578,1578,1578,fan,,,,,,,
176,4,2,2452,2452,2452,fan,,,,,,,
176,5,3,5244,5244,5244,fan,,,,,,,
176,6,3,6984,6984,6984,fan,,,,,,,
176,7,4,12192,12192,12192,fan,,,,,,,
176,8,4,15304,15304,15304,fan,,,,,,,
176,9,5,23428,23428,23428,fan,,,,,,,
176,10,5,28072,28072,28072,fan,,,,,,,
176,11,6,39938,39938,39938,fan,,,,,,,
176,12,6,46604,46604,46604,fan,,,,,,,
176,13,7,62696,62696,62696,fan,,,,,,,
176,14,7,71536,71536,71536,fan,,,,,,,
176,15,8,92656,92656,92656,fan,,,,,,,
176,16,8,104144,104144,104144,fan,,,,,,,
176,17,9,130760,130760,130760,fan,,,,,,,
176,18,9,145040,145040,145040,fan,,,,,,,
176,19,10,177930,177930,177930,fan,,,,,,,
176,20,10,195460,195460,195460,fan,,,,,,,
176,21,10,273018,273018,273018,baseline,,,,,,,
176,22,11,255992,255992,255992,fan,,,,,,,
176,23,11,340470,340470,340470,baseline,,,,,,,
176,24,12,327832,327832,327832,fan,,,,,,,
176,25,12,418940,418940,418940,baseline,,,,,,,
176,26,13,411544,411544,411544,fan,,,,,,,
176,27,13,509316,509306,509306,guided,0,3,110,1,432126969,3701,242
176,28,13,626156,626156,626156,baseline,,,,,,,
176,29,14,612458,612438,612438,guided,0,1,110,1,536282257,3749,180
176,30,14,737848,737848,737848,baseline,,,,,,,
176,31,15,729236,729184,729184,guided,0,3,110,1,656518417,3694,210
176,32,15,863072,863072,863072,baseline,,,,,,,
176,33,16,860476,860372,860372,guided,0,1,110,1,793314022,3345,174
176,34,16,1002688,1002688,1002688,baseline,,,,,,,
176,35,16,1152728,1152728,1152728,baseline,,,,,,,
177,1,1,177,177,177,fan,,,,,,,
177,2,1,354,354,354,fan,,,,,,,
177,3,2,1587,1587,1587,fan,,,,,,,
177,4,2,2466,2466,2466,fan,,,,,,,
177,5,3,5274,5274,5274,fan,,,,,,,
177,6,3,7024,7024,7024,fan,,,,,,,
177,7,4,12262,12262,12262,fan,,,,,,,
177,8,4,15392,15392,15392,fan,,,,,,,
177,9,5,23563,23563,23563,fan,,,,,,,
177,10,5,28234,28234,28234,fan,,,,,,,
177,11,6,40169,40169,40169,fan,,,,,,,
177,12,6,46874,46874,46874,fan,,,,,,,
177,13,7,63060,63060,63060,fan,,,,,,,
177,14,7,71952,71952,71952,fan,,,,,,,
177,15,8,93196,93196,93196,fan,,,,,,,
177,16,8,104752,104752,104752,fan,,,,,,,
177,17,9,131525,131525,131525,fan,,,,,,,
177,18,9,145890,145890,145890,fan,,,,,,,
177,19,10,178975,178975,178975,fan,,,,,,,
177,20,10,196610,196610,196610,fan,,,,,,,
177,21,10,275075,275075,275075,baseline,,,,,,,
177,22,11,257504,257504,257504,fan,,,,,,,
177,23,11,342974,342974,342974,baseline,,,,,,,
177,24,12,329776,329776,329776,fan,,,,,,,
177,25,12,421959,421959,421959,baseline,,,,,,,
177,26,13,413994,413994,413994,fan,,,,,,,
177,27,13,512925,512914,512914,guided,0,1,110,1,651160766,5589,372
177,28,13,631074,631074,631074,baseline,,,,,,,
177,29,14,616737,616714,616714,guided,0,1,110,1,808241810,5663,289
177,30,14,743518,743518,743518,baseline,,,,,,,
177,31,15,734259,734213,734213,guided,0,1,110,1,990264008,5614,332
177,32,15,869608,869608,869608,baseline,,,,,,,
177,33,16,866344,866248,866248,guided,0,1,110,1,1195511165,5117,277
177,34,16,1010152,1010152,1010152,baseline,,,,,,,
177,35,16,1161874,1161874,1161874,baseline,,,,,,,
178,1,1,178,178,178,fan,,,,,,,
178,2,1,356,356,356,fan,,,,,,,
178,3,2,1596,1596,1596,fan,,,,,,,
178,4,2,2480,2480,2480,fan,,,,,,,
178,5,3,5304,5304,5304,fan,,,,,,,
178,6,3,7064,7064,7064,fan,,,,,,,
178,7,4,12332,12332,12332,fan,,,,,,,
178,8,4,15480,15480,15480,fan,,,,,,,
178,9,5,23698,23698,23698,fan,,,,,,,
178,10,5,28396,28396,28396,fan,,,,,,,
178,11,6,40400,40400,40400,fan,,,,,,,
178,12,6,47144,47144,47144,fan,,,,,,,
178,13,7,63424,63424,63424,fan,,,,,,,
178,14,7,72368,72368,72368,fan,,,,,,,
178,15,8,93736,93736,93736,fan,,,,,,,
178,16,8,105360,105360,105360,fan,,,,,,,
178,17,9,132290,132290,132290,fan,,,,,,,
178,18,9,146740,146740,146740,fan,,,,,,,
178,19,10,180020,180020,180020,fan,,,,,,,
178,20,10,197760,197760,197760,fan,,,,,,,
178,21,10,277132,277132,277132,baseline,,,,,,,
178,22,11,259016,259016,259016,fan,,,,,,,
178,23,11,345478,345478,345478,baseline,,,,,,,
178,24,12,331720,331720,331720,fan,,,,,,,
178,25,12,424978,424978,424978,baseline,,,,,,,
178,26,13,416444,416444,416444,fan,,,,,,,
178,27,13,516534,516522,516522,guided,0,3,110,1,437220981,3728,260
178,28,13,635992,635992,635992,baseline,,,,,,,
178,29,14,621016,620990,620990,guided,0,3,110,1,542857464,3784,199
178,30,14,749216,749216,749216,baseline,,,,,,,
178,31,15,739282,739242,739242,guided,0,3,110,1,663932972,3729,232
178,32,15,876144,876144,876144,baseline,,,,,,,
178,33,16,872212,872124,872124,guided,0,3,110,1,802083866,3432,189
178,34,16,1017648,1017648,1017648,baseline,,,,,,,
178,35,16,1171042,1171042,1171042,baseline,,,,,,,
179,1,1,179,179,179,fan,,,,,,,
179,2,1,358,358,358,fan,,,,,,,
179,3,2,1605,1605,1605,fan,,,,,,,
179,4,2,2494,2494,2494,fan,,,,,,,
179,5,3,5334,5334,5334,fan,,,,,,,
179,6,3,7104,7104,7104,fan,,,,,,,
179,7,4,12402,12402,12402,fan,,,,,,,
179,8,4,15568,15568,15568,fan,,,,,,,
179,9,5,23833,23833,23833,fan,,,,,,,
179,10,5,28558,28558,28558,fan,,,,,,,
179,11,6,40631,40631,40631,fan,,,,,,,
179,12,6,47414,47414,47414,fan,,,,,,,
179,13,7,63788,63788,63788,fan,,,,,,,
179,14,7,72784,72784,72784,fan,,,,,,,
179,15,8,94276,94276,94276,fan,,,,,,,
179,16,8,105968,105968,105968,fan,,,,,,,
179,17,9,133055,133055,133055,fan,,,,,,,
179,18,9,147590,147590,147590,fan,,,,,,,
179,19,10,181065,181065,181065,fan,,,,,,,
179,20,10,198910,198910,198910,fan,,,,,,,
179,21,10,279199,279199,279199,baseline,,,,,,,
179,22,11,260528,260528,260528,fan,,,,,,,
179,23,11,347993,347993,347993,baseline,,,,,,,
179,24,12,333664,333664,333664,fan,,,,,,,
179,25,12,428009,428009,428009,baseline,,,,,,,
179,26,13,418894,418894,418894,fan,,,,,,,
179,27,13,520153,520144,520144,guided,0,3,110,1,658926624,5594,381
179,28,13,640940,640940,640940,baseline,,,,,,,
179,29,14,625309,625280,625280,guided,0,3,110,1,817211243,5722,308
179,30,14,754918,754918,754918,baseline,,,,,,,
179,31,15,744332,744288,744288,guided,0,3,110,1,1000671517,5642,330
179,32,15,882714,882714,882714,baseline,,,,,,,
179,33,16,878096,878016,878016,guided,0,3,110,1,1208828847,5274,295
179,34,16,1025148,1025148,1025148,baseline,,,,,,,
179,35,16,1180239,1180239,1180239,baseline,,,,,,,
180,1,1,180,180,180,fan,,,,,,,
180,2,1,360,360,360,fan,,,,,,,
180,3,2,1614,1614,1614,fan,,,,,,,
180,4,2,2508,2508,2508,fan,,,,,,,
180,5,3,5364,5364,5364,fan,,,,,,,
180,6,3,7144,7144,7144,fan,,,,,,,
180,7,4,12472,12472,12472,fan,,,,,,,
180,8,4,15656,15656,15656,fan,,,,,,,
180,9,5,23968,23968,23968,fan,,,,,,,
180,10,5,28720,28720,28720,fan,,,,,,,
180,11,6,40862,40862,40862,fan,,,,,,,
180,12,6,47684,47684,47684,fan,,,,,,,
180,13,7,64152,64152,64152,fan,,,,,,,
180,14,7,73200,73200,73200,fan,,,,,,,
180,15,8,94816,94816,94816,fan,,,,,,,
180,16,8,106576,106576,106576,fan,,,,,,,
180,17,9,133820,133820,133820,fan,,,,,,,
180,18,9,148440,148440,148440,fan,,,,,,,
180,19,10,182110,182110,182110,fan,,,,,,,
180,20,10,200060,200060,200060,fan,,,,,,,
180,21,10,281266,281266,281266,baseline,,,,,,,
180,22,11,262040,262040,262040,fan,,,,,,,
180,23,11,350508,350508,350508,baseline,,,,,,,
180,24,12,335608,335608,335608,fan,,,,,,,
180,25,12,431040,431040,431040,baseline,,,,,,,
180,26,13,421344,421344,421344,fan,,,,,,,
180,27,13,523772,523766,523766,guided,0,3,110,1,442344950,3727,251
180,28,13,645888,645888,645888,baseline,,,,,,,
180,29,14,629602,629570,629570,guided,0,1,110,1,548790113,3816,218
180,30,14,760648,760648,760648,baseline,,,,,,,
180,31,15,749382,749334,749334,guided,0,3,110,1,671111012,3764,214
180,32,15,889284,889284,889284,baseline,,,,,,,
180,33,16,883980,883908,883908,guided,0,1,110,1,811270133,3499,207
180,34,16,1032680,1032680,1032680,baseline,,,,,,,
180,35,16,1189456,1189456,1189456,baseline,,,,,,,
180,36,17,1191656,1191640,1191640,guided,0,3,110,1,998404908,3022,294
181,1,1,181,181,181,fan,,,,,,,
181,2,1,362,362,362,fan,,,,,,,
181,3,2,1623,1623,1623,fan,,,,,,,
181,4,2,2522,2522,2522,fan,,,,,,,
181,5,3,5394,5394,5394,fan,,,,,,,
181,6,3,7184,7184,7184,fan,,,,,,,
181,7,4,12542,12542,12542,fan,,,,,,,
181,8,4,15744,15744,15744,fan,,,,,,,
181,9,5,24103,24103,24103,fan,,,,,,,
181,10,5,28882,28882,28882,fan,,,,,,,
181,11,6,41093,41093,41093,fan,,,,,,,
181,12,6,47954,47954,47954,fan,,,,,,,
181,13,7,64516,64516,64516,fan,,,,,,,
181,14,7,73616,73616,73616,fan,,,,,,,
181,15,8,95356,95356,95356,fan,,,,,,,
181,16,8,107184,107184,107184,fan,,,,,,,
181,17,9,134585,134585,134585,fan,,,,,,,
181,18,9,149290,149290,149290,fan,,,,,,,
181,19,10,183155,183155,183155,fan,,,,,,,
181,20,10,201210,201210,201210,fan,,,,,,,
181,21,10,283343,283343,283343,baseline,,,,,,,
181,22,11,263552,263552,263552,fan,,,,,,,
181,23,11,353034,353034,353034,baseline,,,,,,,
181,24,12,337552,337552,337552,fan,,,,,,,
181,25,12,434084,434084,434084,baseline,,,,,,,
181,26,13,423794,423794,423794,fan,,,,,,,
181,27,13,527404,527401,527401,guided,0,1,110,1,666264622,5614,372
181,28,13,650864,650864,650864,baseline,,,,,,,
181,29,14,633903,633876,633876,guided,0,1,110,1,827022076,5751,322
181,30,14,766380,766380,766380,baseline,,,,,,,
181,31,15,754447,754395,754395,guided,0,1,110,1,1011931375,5721,314
181,32,15,895886,895886,895886,baseline,,,,,,,
181,33,16,889895,889817,889817,guided,0,1,110,1,1222731034,5319,318
181,34,16,1040214,1040214,1040214,baseline,,,,,,,
181,35,16,1198707,1198707,1198707,baseline,,,,,,,
181,36,17,1200248,1200236,1200236,guided,0,3,110,1,1002866118,3018,287
182,1,1,182,182,182,fan,,,,,,,
182,2,1,364,364,364,fan,,,,,,,
182,3,2,1632,1632,1632,fan,,,,,,,
182,4,2,2536,2536,2536,fan,,,,,,,
182,5,3,5424,5424,5424,fan,,,,,,,
182,6,3,7224,7224,7224,fan,,,,,,,
182,7,4,12612,12612,12612,fan,,,,,,,
182,8,4,15832,15832,15832,fan,,,,,,,
182,9,5,24238,24238,24238,fan,,,,,,,
182,10,5,29044,29044,29044,fan,,,,,,,
182,11,6,41324,41324,41324,fan,,,,,,,
182,12,6,48224,48224,48224,fan,,,,,,,
182,13,7,64880,64880,64880,fan,,,,,,,
182,14,7,74032,74032,74032,fan,,,,,,,
182,15,8,95896,95896,95896,fan,,,,,,,
182,16,8,107792,107792,107792,fan,,,,,,,
182,17,9,135350,135350,135350,fan,,,,,,,
182,18,9,150140,150140,150140,fan,,,,,,,
182,19,10,184200,184200,184200,fan,,,,,,,
182,20,10,202360,202360,202360,fan,,,,,,,
182,21,10,285420,285420,285420,baseline,,,,,,,
182,22,11,265064,265064,265064,fan,,,,,,,
182,23,11,355560,355560,355560,baseline,,,,,,,
182,24,12,339496,339496,339496,fan,,,,,,,
182,25,12,437128,437128,437128,baseline,,,,,,,
182,26,13,426244,426244,426244,fan,,,,,,,
182,27,13,531036,531036,531036,baseline,,,,,,,
182,28,13,655840,655840,655840,baseline,,,,,,,
182,29,14,638204,638182,638182,guided,0,3,110,1,555045038,3837,213
182,30,14,772140,772140,772140,baseline,,,,,,,
182,31,15,759512,759456,759456,guided,0,3,110,1,679255729,3807,201
182,32,15,902488,902488,902488,baseline,,,,,,,
182,33,16,895810,895726,895726,guided,0,3,110,1,819658108,3550,213
182,34,16,1047780,1047780,1047780,baseline,,,,,,,
182,35,16,1207980,1207980,1207980,baseline,,,,,,,
182,36,17,1208840,1208832,1208832,guided,0,3,110,1,1011806448,3020,280
183,1,1,183,183,183,fan,,,,,,,
183,2,1,366,366,366,fan,,,,,,,
183,3,2,1641,1641,1641,fan,,,,,,,
183,4,2,2550,2550,2550,fan,,,,,,,
183,5,3,5454,5454,5454,fan,,,,,,,
183,6,3,7264,7264,7264,fan,,,,,,,
183,7,4,12682,12682,12682,fan,,,,,,,
183,8,4,15920,15920,15920,fan,,,,,,,
183,9,5,24373,24373,24373,fan,,,,,,,
183,10,5,29206,29206,29206,fan,,,,,,,
183,11,6,41555,41555,41555,fan,,,,,,,
183,12,6,48494,48494,48494,fan,,,,,,,
183,13,7,65244,65244,65244,fan,,,,,,,
183,14,7,74448,74448,74448,fan,,,,,,,
183,15,8,96436,96436,96436,fan,,,,,,,
183,16,8,108400,108400,108400,fan,,,,,,,
183,17,9,136115,136115,136115,fan,,,,,,,
183,18,9,150990,150990,150990,fan,,,,,,,
183,19,10,185245,185245,185245,fan,,,,,,,
183,20,10,203510,203510,203510,fan,,,,,,,
183,21,10,287507,287507,287507,baseline,,,,,,,
183,22,11,266576,266576,266576,fan,,,,,,,
183,23,11,358098,358098,358098,baseline,,,,,,,
183,24,12,341440,341440,341440,fan,,,,,,,
183,25,12,440184,440184,440184,baseline,,,,,,,
183,26,13,428694,428694,428694,fan,,,,,,,
183,27,13,534685,534684,534684,guided,0,3,110,1,673289663,5599,360
183,28,14,529550,529550,529550,fan,,,,,,,
183,29,14,642519,642502,642502,guided,0,3,110,1,836372167,5796,317
183,30,14,777904,777904,777904,baseline,,,,,,,
183,31,15,764583,764533,764533,guided,0,3,110,1,1023272998,5742,298
183,32,15,909124,909124,909124,baseline,,,,,,,
183,33,16,901741,901651,901651,guided,0,3,110,1,1235949070,5467,337
183,34,16,1055350,1055350,1055350,baseline,,,,,,,
183,35,16,1217284,1217284,1217284,baseline,,,,,,,
183,36,17,1217480,1217466,1217466,guided,0,3,110,1,1015956414,3032,289
184,1,1,184,184,184,fan,,,,,,,
184,2,1,368,368,368,fan,,,,,,,
184,3,2,1650,1650,1650,fan,,,,,,,
184,4,2,2564,2564,2564,fan,,,,,,,
184,5,3,5484,5484,5484,fan,,,,,,,
184,6,3,7304,7304,7304,fan,,,,,,,
184,7,4,12752,12752,12752,fan,,,,,,,
184,8,4,16008,16008,16008,fan,,,,,,,
184,9,5,24508,24508,24508,fan,,,,,,,
184,10,5,29368,29368,29368,fan,,,,,,,
184,11,6,41786,41786,41786,fan,,,,,,,
184,12,6,48764,48764,48764,fan,,,,,,,
184,13,7,65608,65608,65608,fan,,,,,,,
184,14,7,74864,74864,74864,fan,,,,,,,
184,15,8,96976,96976,96976,fan,,,,,,,
184,16,8,109008,109008,109008,fan,,,,,,,
184,17,9,136880,136880,136880,fan,,,,,,,
184,18,9,151840,151840,151840,fan,,,,,,,
184,19,10,186290,186290,186290,fan,,,,,,,
184,20,10,204660,204660,204660,fan,,,,,,,
184,21,10,289594,289594,289594,baseline,,,,,,,
184,22,11,268088,268088,268088,fan,,,,,,,
184,23,11,360636,360636,360636,baseline,,,,,,,
184,24,12,343384,343384,343384,fan,,,,,,,
184,25,12,443240,443240,443240,baseline,,,,,,,
184,26,13,431144,431144,431144,fan,,,,,,,
184,27,13,538334,538332,538332,guided,0,3,110,1,451349608,3733,239
184,28,14,532588,532588,532588,fan,,,,,,,
184,29,14,646834,646822,646822,guided,0,1,110,1,560849741,3855,208
184,30,14,783696,783696,783696,baseline,,,,,,,
184,31,15,769654,769610,769610,guided,0,3,110,1,686220446,3828,196
184,32,15,915760,915760,915760,baseline,,,,,,,
184,33,16,907672,907576,907576,guided,0,1,110,1,828841239,3618,224
184,34,16,1062952,1062952,1062952,baseline,,,,,,,
184,35,16,1226612,1226612,1226612,baseline,,,,,,,
184,36,17,1226120,1226100,1226100,guided,0,3,110,1,1020087938,3044,298
185,1,1,185,185,185,fan,,,,,,,
185,2,1,370,370,370,fan,,,,,,,
185,3,2,1659,1659,1659,fan,,,,,,,
185,4,2,2578,2578,2578,fan,,,,,,,
185,5,3,5514,5514,5514,fan,,,,,,,
185,6,3,7344,7344,7344,fan,,,,,,,
185,7,4,12822,12822,12822,fan,,,,,,,
185,8,4,16096,16096,16096,fan,,,,,,,
185,9,5,24643,24643,24643,fan,,,,,,,
185,10,5,29530,29530,29530,fan,,,,,,,
185,11,6,42017,42017,42017,fan,,,,,,,
185,12,6,49034,49034,49034,fan,,,,,,,
185,13,7,65972,65972,65972,fan,,,,,,,
185,14,7,75280,75280,75280,fan,,,,,,,
185,15,8,97516,97516,97516,fan,,,,,,,
185,16,8,109616,109616,109616,fan,,,,,,,
185,17,9,137645,137645,137645,fan,,,,,,,
185,18,9,152690,152690,152690,fan,,,,,,,
185,19,10,187335,187335,187335,fan,,,,,,,
185,20,10,205810,205810,205810,fan,,,,,,,
185,21,10,291692,291692,291692,baseline,,,,,,,
185,22,11,269600,269600,269600,fan,,,,,,,
185,23,11,363185,363185,363185,baseline,,,,,,,
185,24,12,345328,345328,345328,fan,,,,,,,
185,25,12,446308,446308,446308,baseline,,,,,,,
185,26,13,433594,433594,433594,fan,,,,,,,
185,27,13,541996,541993,541993,guided,0,1,110,1,680152630,5645,357
185,28,14,535626,535626,535626,fan,,,,,,,
185,29,14,651170,651157,651157,guided,0,1,110,1,845398928,5812,317
185,30,14,789490,789490,789490,baseline,,,,,,,
185,31,15,774740,774702,774702,guided,0,1,110,1,1034443449,5794,291
185,32,15,922428,922428,922428,baseline,,,,,,,
185,33,16,913605,913519,913519,guided,0,1,110,1,1249631050,5506,349
185,34,16,1070556,1070556,1070556,baseline,,,,,,,
185,35,16,1235971,1235971,1235971,baseline,,,,,,,
185,36,17,1234784,1234770,1234770,guided,0,3,110,1,1024557111,3038,280
185,37,17,1409872,1409872,1409872,baseline,,,,,,,
186,1,1,186,186,186,fan,,,,,,,
186,2,1,372,372,372,fan,,,,,,,
186,3,2,1668,1668,1668,fan,,,,,,,
186,4,2,2592,2592,2592,fan,,,,,,,
186,5,3,5544,5544,5544,fan,,,,,,,
186,6,3,7384,7384,7384,fan,,,,,,,
186,7,4,12892,12892,12892,fan,,,,,,,
186,8,4,16184,16184,16184,fan,,,,,,,
186,9,5,24778,24778,24778,fan,,,,,,,
186,10,5,29692,29692,29692,fan,,,,,,,
186,11,6,42248,42248,42248,fan,,,,,,,
186,12,6,49304,49304,49304,fan,,,,,,,
186,13,7,66336,66336,66336,fan,,,,,,,
186,14,7,75696,75696,75696,fan,,,,,,,
186,15,8,98056,98056,98056,fan,,,,,,,
186,16,8,110224,110224,110224,fan,,,,,,,
186,17,9,138410,138410,138410,fan,,,,,,,
186,18,9,153540,153540,153540,fan,,,,,,,
186,19,10,188380,188380,188380,fan,,,,,,,
186,20,10,206960,206960,206960,fan,,,,,,,
186,21,10,293790,293790,293790,baseline,,,,,,,
186,22,11,271112,271112,271112,fan,,,,,,,
186,23,11,365734,365734,365734,baseline,,,,,,,
186,24,12,347272,347272,347272,fan,,,,,,,
186,25,12,449376,449376,449376,baseline,,,,,,,
186,26,13,436044,436044,436044,fan,,,,,,,
186,27,13,545658,545654,545654,guided,0,3,110,1,456867928,3749,236
186,28,14,538664,538664,538664,fan,,,,,,,
186,29,14,655506,655492,655492,guided,0,3,110,1,566919281,3877,213
186,30,14,795312,795312,795312,baseline,,,,,,,
186,31,15,779826,779794,779794,guided,0,3,110,1,693607590,3844,189
186,32,15,929096,929096,929096,baseline,,,,,,,
186,33,16,919538,919462,919462,guided,0,3,110,1,838178779,3682,237
186,34,16,1078192,1078192,1078192,baseline,,,,,,,
186,35,16,1245354,1245354,1245354,baseline,,,,,,,
186,36,17,1243448,1243440,1243440,guided,0,3,110,1,1033602958,3038,262
186,37,17,1420410,1420410,1420410,baseline,,,,,,,
187,1,1,187,187,187,fan,,,,,,,
187,2,1,374,374,374,fan,,,,,,,
187,3,2,1677,1677,1677,fan,,,,,,,
187,4,2,2606,2606,2606,fan,,,,,,,
187,5,3,5574,5574,5574,fan,,,,,,,
187,6,3,7424,7424,7424,fan,,,,,,,
187,7,4,12962,12962,12962,fan,,,,,,,
187,8,4,16272,16272,16272,fan,,,,,,,
187,9,5,24913,24913,24913,fan,,,,,,,
187,10,5,29854,29854,29854,fan,,,,,,,
187,11,6,42479,42479,42479,fan,,,,,,,
187,12,6,49574,49574,49574,fan,,,,,,,
187,13,7,66700,66700,66700,fan,,,,,,,
187,14,7,76112,76112,76112,fan,,,,,,,
187,15,8,98596,98596,98596,fan,,,,,,,
187,16,8,110832,110832,110832,fan,,,,,,,
187,17,9,139175,139175,139175,fan,,,,,,,
187,18,9,154390,154390,154390,fan,,,,,,,
187,19,10,189425,189425,189425,fan,,,,,,,
187,20,10,208110,208110,208110,fan,,,,,,,
187,21,10,295898,295898,295898,baseline,,,,,,,
187,22,11,272624,272624,272624,fan,,,,,,,
187,23,11,368294,368294,368294,baseline,,,,,,,
187,24,12,349216,349216,349216,fan,,,,,,,
187,25,12,452456,452456,452456,baseline,,,,,,,
187,26,13,438494,438494,438494,fan,,,,,,,
187,27,13,549332,549329,549329,guided,0,3,110,1,688343520,5648,359
187,28,14,541702,541702,541702,fan,,,,,,,
187,29,14,659856,659841,659841,guided,0,3,110,1,854222807,5855,322
187,30,14,801134,801134,801134,baseline,,,,,,,
187,31,15,784937,784903,784903,guided,0,3,110,1,1045268705,5801,289
187,32,15,935798,935798,935798,baseline,,,,,,,
187,33,16,925487,925421,925421,guided,0,3,110,1,1263033156,5623,364
187,34,16,1085832,1085832,1085832,baseline,,,,,,,
187,35,16,1254768,1254768,1254768,baseline,,,,,,,
187,36,17,1252162,1252148,1252148,guided,0,3,110,1,1038792832,3059,283
187,37,17,1430981,1430981,1430981,baseline,,,,,,,
188,1,1,188,188,188,fan,,,,,,,
188,2,1,376,376,376,fan,,,,,,,
188,3,2,1686,1686,1686,fan,,,,,,,
188,4,2,2620,2620,2620,fan,,,,,,,
188,5,3,5604,5604,5604,fan,,,,,,,
188,6,3,7464,7464,7464,fan,,,,,,,
188,7,4,13032,13032,13032,fan,,,,,,,
188,8,4,16360,16360,16360,fan,,,,,,,
188,9,5,25048,25048,25048,fan,,,,,,,
188,10,5,30016,30016,30016,fan,,,,,,,
188,11,6,42710,42710,42710,fan,,,,,,,
188,12,6,49844,49844,49844,fan,,,,,,,
188,13,7,67064,67064,67064,fan,,,,,,,
188,14,7,76528,76528,76528,fan,,,,,,,
188,15,8,99136,99136,99136,fan,,,,,,,
188,16,8,111440,111440,111440,fan,,,,,,,
188,17,9,139940,139940,139940,fan,,,,,,,
188,18,9,155240,155240,155240,fan,,,,,,,
188,19,10,190470,190470,190470,fan,,,,,,,
188,20,10,209260,209260,209260,fan,,,,,,,
188,21,10,298006,298006,298006,baseline,,,,,,,
188,22,11,274136,274136,274136,fan,,,,,,,
188,23,11,370854,370854,370854,baseline,,,,,,,
188,24,12,351160,351160,351160,fan,,,,,,,
188,25,12,455536,455536,455536,baseline,,,,,,,
188,26,13,440944,440944,440944,fan,,,,,,,
188,27,13,553006,553004,553004,guided,0,3,110,1,461683271,3766,241
188,28,14,544740,544740,544740,fan,,,,,,,
188,29,14,664206,664190,664190,guided,0,1,110,1,572532962,3896,218
188,30,14,806984,806984,806984,baseline,,,,,,,
188,31,15,790048,790012,790012,guided,0,3,110,1,701050110,3869,195
188,32,15,942500,942500,942500,baseline,,,,,,,
188,33,16,931436,931380,931380,guided,0,1,110,1,846868063,3722,247
188,34,16,1093504,1093504,1093504,baseline,,,,,,,
188,35,16,1264204,1264204,1264204,baseline,,,,,,,
188,36,17,1260876,1260856,1260856,guided,0,3,110,1,1043977538,3080,304
188,37,17,1441578,1441578,1441578,baseline,,,,,,,
189,1,1,189,189,189,fan,,,,,,,
189,2,1,378,378,378,fan,,,,,,,
189,3,2,1695,1695,1695,fan,,,,,,,
189,4,2,2634,2634,2634,fan,,,,,,,
189,5,3,5634,5634,5634,fan,,,,,,,
189,6,3,7504,7504,7504,fan,,,,,,,
189,7,4,13102,13102,13102,fan,,,,,,,
189,8,4,16448,16448,16448,fan,,,,,,,
189,9,5,25183,25183,25183,fan,,,,,,,
189,10,5,30178,30178,30178,fan,,,,,,,
189,11,6,42941,42941,42941,fan,,,,,,,
189,12,6,50114,50114,50114,fan,,,,,,,
189,13,7,67428,67428,67428,fan,,,,,,,
189,14,7,76944,76944,76944,fan,,,,,,,
189,15,8,99676,99676,99676,fan,,,,,,,
189,16,8,112048,112048,112048,fan,,,,,,,
189,17,9,140705,140705,140705,fan,,,,,,,
189,18,9,156090,156090,156090,fan,,,,,,,
189,19,10,191515,191515,191515,fan,,,,,,,
189,20,10,210410,210410,210410,fan,,,,,,,
189,21,10,300124,300124,300124,baseline,,,,,,,
189,22,11,275648,275648,275648,fan,,,,,,,
189,23,11,373425,373425,373425,baseline,,,,,,,
189,24,12,353104,353104,353104,fan,,,,,,,
189,25,12,458629,458629,458629,baseline,,,,,,,
189,26,13,443394,443394,443394,fan,,,,,,,
189,27,13,556693,556692,556692,guided,0,1,110,1,693312164,5686,364
189,28,14,547778,547778,547778,fan,,,,,,,
189,29,14,668566,668553,668553,guided,0,1,110,1,862707607,5857,312
189,30,14,812836,812836,812836,baseline,,,,,,,
189,31,15,795174,795136,795136,guided,0,1,110,1,1057405827,5863,299
189,32,15,949234,949234,949234,baseline,,,,,,,
189,33,16,937417,937356,937356,guided,0,1,110,1,1276417543,5639,370
189,34,16,1101178,1101178,1101178,baseline,,,,,,,
189,35,16,1273668,1273668,1273668,baseline,,,,,,,
189,36,17,1269614,1269600,1269600,guided,0,3,110,1,1048503863,3083,304
189,37,17,1452205,1452205,1452205,baseline,,,,,,,
190,1,1,190,190,190,fan,,,,,,,
190,2,1,380,380,380,fan,,,,,,,
190,3,2,1704,1704,1704,fan,,,,,,,
190,4,2,2648,2648,2648,fan,,,,,,,
190,5,3,5664,5664,5664,fan,,,,,,,
190,6,3,7544,7544,7544,fan,,,,,,,
190,7,4,13172,13172,13172,fan,,,,,,,
190,8,4,16536,16536,16536,fan,,,,,,,
190,9,5,25318,25318,25318,fan,,,,,,,
190,10,5,30340,30340,30340,fan,,,,,,,
190,11,6,43172,43172,43172,fan,,,,,,,
190,12,6,50384,50384,50384,fan,,,,,,,
190,13,7,67792,67792,67792,fan,,,,,,,
190,14,7,77360,77360,77360,fan,,,,,,,
190,15,8,100216,100216,100216,fan,,,,,,,
190,16,8,112656,112656,112656,fan,,,,,,,
190,17,9,141470,141470,141470,fan,,,,,,,
190,18,9,156940,156940,156940,fan,,,,,,,
190,19,10,192560,192560,192560,fan,,,,,,,
190,20,10,211560,211560,211560,fan,,,,,,,
190,21,10,302242,302242,302242,baseline,,,,,,,
190,22,11,277160,277160,277160,fan,,,,,,,
190,23,11,375996,375996,375996,baseline,,,,,,,
190,24,12,355048,355048,355048,fan,,,,,,,
190,25,12,461722,461722,461722,baseline,,,,,,,
190,26,13,445844,445844,445844,fan,,,,,,,
190,27,13,560380,560380,560380,baseline,,,,,,,
190,28,14,550816,550816,550816,fan,,,,,,,
190,29,14,672926,672916,672916,guided,0,3,110,1,578702505,3903,203
190,30,14,818716,818716,818716,baseline,,,,,,,
190,31,15,800300,800260,800260,guided,0,3,110,1,708295616,3894,204
190,32,15,955968,955968,955968,baseline,,,,,,,
190,33,16,943398,943332,943332,guided,0,3,110,1,855849804,3754,242
190,34,16,1108884,1108884,1108884,baseline,,,,,,,
190,35,16,1283154,1283154,1283154,baseline,,,,,,,
190,36,17,1278352,1278344,1278344,guided,0,3,110,1,1053047068,3086,304
190,37,17,1462860,1462860,1462860,baseline,,,,,,,
190,38,18,1465308,1465264,1465264,guided,0,3,110,1,1243126381,3206,304
191,1,1,191,191,191,fan,,,,,,,
191,2,1,382,382,382,fan,,,,,,,
191,3,2,1713,1713,1713,fan,,,,,,,
191,4,2,2662,2662,2662,fan,,,,,,,
191,5,3,5694,5694,5694,fan,,,,,,,
191,6,3,7584,7584,7584,fan,,,,,,,
191,7,4,13242,13242,13242,fan,,,,,,,
191,8,4,16624,16624,16624,fan,,,,,,,
191,9,5,25453,25453,25453,fan,,,,,,,
191,10,5,30502,30502,30502,fan,,,,,,,
191,11,6,43403,43403,43403,fan,,,,,,,
191,12,6,50654,50654,50654,fan,,,,,,,
191,13,7,68156,68156,68156,fan,,,,,,,
191,14,7,77776,77776,77776,fan,,,,,,,
191,15,8,100756,100756,100756,fan,,,,,,,
191,16,8,113264,113264,113264,fan,,,,,,,
191,17,9,142235,142235,142235,fan,,,,,,,
191,18,9,157790,157790,157790,fan,,,,,,,
191,19,10,193605,193605,193605,fan,,,,,,,
191,20,10,212710,212710,212710,fan,,,,,,,
191,21,10,304370,304370,304370,baseline,,,,,,,
191,22,11,278672,278672,278672,fan,,,,,,,
191,23,11,378579,378579,378579,baseline,,,,,,,
191,24,12,356992,356992,356992,fan,,,,,,,
191,25,12,464827,464827,464827,baseline,,,,,,,
191,26,13,448294,448294,448294,fan,,,,,,,
191,27,13,564082,564081,564081,guided,0,3,110,1,702492791,5686,371
191,28,14,553854,553854,553854,fan,,,,,,,
191,29,14,677300,677293,677293,guided,0,3,110,1,872231890,5888,297
191,30,14,824596,824596,824596,baseline,,,,,,,
191,31,15,805444,805400,805400,guided,0,3,110,1,1067887298,5880,308
191,32,15,962732,962732,962732,baseline,,,,,,,
191,33,16,949395,949324,949324,guided,0,3,110,1,1289903411,5746,365
191,34,16,1116594,1116594,1116594,baseline,,,,,,,
191,35,16,1292669,1292669,1292669,baseline,,,,,,,
191,36,17,1287130,1287126,1287126,guided,0,3,110,1,1058601223,3082,294
191,37,17,1473545,1473545,1473545,baseline,,,,,,,
191,38,18,1475222,1475188,1475188,guided,0,3,110,1,1252881735,3218,304
192,1,1,192,192,192,fan,,,,,,,
192,2,1,384,384,384,fan,,,,,,,
192,3,2,1722,1722,1722,fan,,,,,,,
192,4,2,2676,2676,2676,fan,,,,,,,
192,5,3,5724,5724,5724,fan,,,,,,,
192,6,3,7624,7624,7624,fan,,,,,,,
192,7,4,13312,13312,13312,fan,,,,,,,
192,8,4,16712,16712,16712,fan,,,,,,,
192,9,5,25588,25588,25588,fan,,,,,,,
192,10,5,30664,30664,30664,fan,,,,,,,
192,11,6,43634,43634,43634,fan,,,,,,,
192,12,6,50924,50924,50924,fan,,,,,,,
192,13,7,68520,68520,68520,fan,,,,,,,
192,14,7,78192,78192,78192,fan,,,,,,,
192,15,8,101296,101296,101296,fan,,,,,,,
192,16,8,113872,113872,113872,fan,,,,,,,
192,17,9,143000,143000,143000,fan,,,,,,,
192,18,9,158640,158640,158640,fan,,,,,,,
192,19,10,194650,194650,194650,fan,,,,,,,
192,20,10,213860,213860,213860,fan,,,,,,,
192,21,10,306498,306498,306498,baseline,,,,,,,
192,22,11,280184,280184,280184,fan,,,,,,,
192,23,11,381162,381162,381162,baseline,,,,,,,
192,24,12,358936,358936,358936,fan,,,,,,,
192,25,12,467932,467932,467932,baseline,,,,,,,
192,26,13,450744,450744,450744,fan,,,,,,,
192,27,13,567784,567782,567782,guided,0,3,110,1,471787548,3790,248
192,28,14,556892,556892,556892,fan,,,,,,,
192,29,14,681674,681670,681670,guided,0,1,110,1,584856944,3910,188
192,30,14,830504,830504,830504,baseline,,,,,,,
192,31,15,810588,810540,810540,guided,0,3,110,1,715831051,3921,206
192,32,15,969496,969496,969496,baseline,,,,,,,
192,33,16,955392,955316,955316,guided,0,1,110,1,864961666,3805,238
192,34,16,1124336,1124336,1124336,baseline,,,,,,,
192,35,16,1302204,1302204,1302204,baseline,,,,,,,
192,36,17,1295908,1295908,1295908,baseline,,,,,,,
192,37,17,1484254,1484254,1484254,baseline,,,,,,,
192,38,18,1485172,1485148,1485148,guided,2,3,110,1,1256496996,3319,521
193,1,1,193,193,193,fan,,,,,,,
193,2,1,386,386,386,fan,,,,,,,
193,3,2,1731,1731,1731,fan,,,,,,,
193,4,2,2690,2690,2690,fan,,,,,,,
193,5,3,5754,5754,5754,fan,,,,,,,
193,6,3,7664,7664,7664,fan,,,,,,,
193,7,4,13382,13382,13382,fan,,,,,,,
193,8,4,16800,16800,16800,fan,,,,,,,
193,9,5,25723,25723,25723,fan,,,,,,,
193,10,5,30826,30826,30826,fan,,,,,,,
193,11,6,43865,43865,43865,fan,,,,,,,
193,12,6,51194,51194,51194,fan,,,,,,,
193,13,7,68884,68884,68884,fan,,,,,,,
193,14,7,78608,78608,78608,fan,,,,,,,
193,15,8,101836,101836,101836,fan,,,,,,,
193,16,8,114480,114480,114480,fan,,,,,,,
193,17,9,143765,143765,143765,fan,,,,,,,
193,18,9,159490,159490,159490,fan,,,,,,,
193,19,10,195695,195695,195695,fan,,,,,,,
193,20,10,215010,215010,215010,fan,,,,,,,
193,21,10,308638,308638,308638,baseline,,,,,,,
193,22,11,281696,281696,281696,fan,,,,,,,
193,23,11,383756,383756,383756,baseline,,,,,,,
193,24,12,360880,360880,360880,fan,,,,,,,
193,25,12,471049,471049,471049,baseline,,,,,,,
193,26,13,453194,453194,453194,fan,,,,,,,
193,27,13,571499,571496,571496,guided,0,1,110,1,704473435,5705,373
193,28,14,559930,559930,559930,fan,,,,,,,
193,29,14,686068,686062,686062,guided,0,1,110,1,881182336,5897,315
193,30,14,836414,836414,836414,baseline,,,,,,,
193,31,15,815747,815695,815695,guided,0,1,110,1,1078753154,5949,310
193,32,15,976292,976292,976292,baseline,,,,,,,
193,33,16,961408,961326,961326,guided,0,1,110,1,1303024179,5751,331
193,34,16,1132080,1132080,1132080,baseline,,,,,,,
193,35,17,1123997,1123881,1123881,guided,0,1,110,1,1558515654,4565,212
193,36,17,1304730,1304726,1304726,guided,0,3,110,1,1069286007,3088,282
193,37,17,1494991,1494991,1494991,baseline,,,,,,,
193,38,18,1495144,1495110,1495110,guided,2,3,110,1,1265282403,3234,352
194,1,1,194,194,194,fan,,,,,,,
194,2,1,388,388,388,fan,,,,,,,
194,3,2,1740,1740,1740,fan,,,,,,,
194,4,2,2704,2704,2704,fan,,,,,,,
194,5,3,5784,5784,5784,fan,,,,,,,
194,6,3,7704,7704,7704,fan,,,,,,,
194,7,4,13452,13452,13452,fan,,,,,,,
194,8,4,16888,16888,16888,fan,,,,,,,
194,9,5,25858,25858,25858,fan,,,,,,,
194,10,5,30988,30988,30988,fan,,,,,,,
194,11,6,44096,44096,44096,fan,,,,,,,
194,12,6,51464,51464,51464,fan,,,,,,,
194,13,7,69248,69248,69248,fan,,,,,,,
194,14,7,79024,79024,79024,fan,,,,,,,
194,15,8,102376,102376,102376,fan,,,,,,,
194,16,8,115088,115088,115088,fan,,,,,,,
194,17,9,144530,144530,144530,fan,,,,,,,
194,18,9,160340,160340,160340,fan,,,,,,,
194,19,10,196740,196740,196740,fan,,,,,,,
194,20,10,216160,216160,216160,fan,,,,,,,
194,21,10,310778,310778,310778,baseline,,,,,,,
194,22,11,283208,283208,283208,fan,,,,,,,
194,23,11,386350,386350,386350,baseline,,,,,,,
194,24,12,362824,362824,362824,fan,,,,,,,
194,25,12,474166,474166,474166,baseline,,,,,,,
194,26,13,455644,455644,455644,fan,,,,,,,
194,27,13,575214,575210,575210,guided,0,3,110,1,475883724,3794,250
194,28,14,562968,562968,562968,fan,,,,,,,
194,29,14,690462,690454,690454,guided,0,3,110,1,590994426,3936,221
194,30,14,842352,842352,842352,baseline,,,,,,,
194,31,15,820906,820850,820850,guided,0,3,110,1,723485001,3957,208
194,32,15,983088,983088,983088,baseline,,,,,,,
194,33,16,967424,967336,967336,guided,0,3,110,1,873625221,3836,213
194,34,16,1139856,1139856,1139856,baseline,,,,,,,
194,35,17,1130966,1130842,1130842,guided,0,3,110,1,1044078549,3038,142
194,36,17,1313552,1313544,1313544,guided,0,3,110,1,1074381200,3098,280
194,37,17,1505754,1505754,1505754,baseline,,,,,,,
194,38,18,1505152,1505108,1505108,guided,0,3,110,1,1269850335,3247,318
195,1,1,195,195,195,fan,,,,,,,
195,2,1,390,390,390,fan,,,,,,,
195,3,2,1749,1749,1749,fan,,,,,,,
195,4,2,2718,2718,2718,fan,,,,,,,
195,5,3,5814,5814,5814,fan,,,,,,,
195,6,3,7744,7744,7744,fan,,,,,,,
195,7,4,13522,13522,13522,fan,,,,,,,
195,8,4,16976,16976,16976,fan,,,,,,,
195,9,5,25993,25993,25993,fan,,,,,,,
195,10,5,31150,31150,31150,fan,,,,,,,
195,11,6,44327,44327,44327,fan,,,,,,,
195,12,6,51734,51734,51734,fan,,,,,,,
195,13,7,69612,69612,69612,fan,,,,,,,
195,14,7,79440,79440,79440,fan,,,,,,,
195,15,8,102916,102916,102916,fan,,,,,,,
195,16,8,115696,115696,115696,fan,,,,,,,
195,17,9,145295,145295,145295,fan,,,,,,,
195,18,9,161190,161190,161190,fan,,,,,,,
195,19,10,197785,197785,197785,fan,,,,,,,
195,20,10,217310,217310,217310,fan,,,,,,,
195,21,10,312928,312928,312928,baseline,,,,,,,
195,22,11,284720,284720,284720,fan,,,,,,,
195,23,11,388956,388956,388956,baseline,,,,,,,
195,24,12,364768,364768,364768,fan,,,,,,,
195,25,12,477295,477295,477295,baseline,,,,,,,
195,26,13,458094,458094,458094,fan,,,,,,,
195,27,13,578941,578938,578938,guided,0,3,110,1,717302928,5728,375
195,28,14,566006,566006,566006,fan,,,,,,,
195,29,14,694870,694860,694860,guided,0,3,110,1,890264179,5950,348
195,30,14,848290,848290,848290,baseline,,,,,,,
195,31,15,826070,826020,826020,guided,0,3,110,1,1090293819,5974,313
195,32,15,989914,989914,989914,baseline,,,,,,,
195,33,16,973456,973362,973362,guided,0,3,110,1,1317013035,5830,309
195,34,16,1147632,1147632,1147632,baseline,,,,,,,
195,35,17,1137934,1137821,1137821,guided,0,3,110,1,1576394893,4588,217
195,36,17,1322404,1322400,1322400,guided,0,3,110,1,1083690941,3114,293
195,37,17,1516544,1516544,1516544,baseline,,,,,,,
195,38,18,1515144,1515110,1515110,guided,0,3,110,1,1279445880,3257,320
195,39,18,1719986,1719986,1719986,baseline,,,,,,,
196,1,1,196,196,196,fan,,,,,,,
196,2,1,392,392,392,fan,,,,,,,
196,3,2,1758,1758,1758,fan,,,,,,,
196,4,2,2732,2732,2732,fan,,,,,,,
196,5,3,5844,5844,5844,fan,,,,,,,
196,6,3,7784,7784,7784,fan,,,,,,,
196,7,4,13592,13592,13592,fan,,,,,,,
196,8,4,17064,17064,17064,fan,,,,,,,
196,9,5,26128,26128,26128,fan,,,,,,,
196,10,5,31312,31312,31312,fan,,,,,,,
196,11,6,44558,44558,44558,fan,,,,,,,
196,12,6,52004,52004,52004,fan,,,,,,,
196,13,7,69976,69976,69976,fan,,,,,,,
196,14,7,79856,79856,79856,fan,,,,,,,
196,15,8,103456,103456,103456,fan,,,,,,,
196,16,8,116304,116304,116304,fan,,,,,,,
196,17,9,146060,146060,146060,fan,,,,,,,
196,18,9,162040,162040,162040,fan,,,,,,,
196,19,10,198830,198830,198830,fan,,,,,,,
196,20,10,218460,218460,218460,fan,,,,,,,
196,21,10,315078,315078,315078,baseline,,,,,,,
196,22,11,286232,286232,286232,fan,,,,,,,
196,23,11,391562,391562,391562,baseline,,,,,,,
196,24,12,366712,366712,366712,fan,,,,,,,
196,25,12,480424,480424,480424,baseline,,,,,,,
196,26,13,460544,460544,460544,fan,,,,,,,
196,27,13,582668,582666,582666,guided,0,3,110,1,481309002,3819,250
196,28,14,569044,569044,569044,fan,,,,,,,
196,29,14,699278,699266,699266,guided,0,1,110,1,597046169,3965,254
196,30,14,854256,854256,854256,baseline,,,,,,,
196,31,15,831234,831190,831190,guided,0,3,110,1,730952512,3985,209
196,32,15,996740,996740,996740,baseline,,,,,,,
196,33,16,979488,979388,979388,guided,0,1,110,1,883358946,3854,190
196,34,16,1155440,1155440,1155440,baseline,,,,,,,
196,35,17,1144902,1144800,1144800,guided,0,3,110,1,1056298501,3063,146
196,36,17,1331256,1331256,1331256,baseline,,,,,,,
196,37,17,1527360,1527360,1527360,baseline,,,,,,,
196,38,18,1525172,1525148,1525148,guided,0,3,110,1,1284582817,3252,313
196,39,18,1732082,1732082,1732082,baseline,,,,,,,
197,1,1,197,197,197,fan,,,,,,,
197,2,1,394,394,394,fan,,,,,,,
197,3,2,1767,1767,1767,fan,,,,,,,
197,4,2,2746,2746,2746,fan,,,,,,,
197,5,3,5874,5874,5874,fan,,,,,,,
197,6,3,7824,7824,7824,fan,,,,,,,
197,7,4,13662,13662,13662,fan,,,,,,,
197,8,4,17152,17152,17152,fan,,,,,,,
197,9,5,26263,26263,26263,fan,,,,,,,
197,10,5,31474,31474,31474,fan,,,,,,,
197,11,6,44789,44789,44789,fan,,,,,,,
197,12,6,52274,52274,52274,fan,,,,,,,
197,13,7,70340,70340,70340,fan,,,,,,,
197,14,7,80272,80272,80272,fan,,,,,,,
197,15,8,103996,103996,103996,fan,,,,,,,
197,16,8,116912,116912,116912,fan,,,,,,,
197,17,9,146825,146825,146825,fan,,,,,,,
197,18,9,162890,162890,162890,fan,,,,,,,
197,19,10,199875,199875,199875,fan,,,,,,,
197,20,10,219610,219610,219610,fan,,,,,,,
197,21,10,317239,317239,317239,baseline,,,,,,,
197,22,11,287744,287744,287744,fan,,,,,,,
197,23,11,394179,394179,394179,baseline,,,,,,,
197,24,12,368656,368656,368656,fan,,,,,,,
197,25,12,483567,483567,483567,baseline,,,,,,,
197,26,13,462994,462994,462994,fan,,,,,,,
197,27,13,586408,586407,586407,guided,0,1,110,1,715299067,5741,375
197,28,14,572082,572082,572082,fan,,,,,,,
197,29,14,703697,703686,703686,guided,0,1,110,1,899628603,5962,364
197,30,14,860224,860224,860224,baseline,,,,,,,
197,31,15,836413,836375,836375,guided,0,1,110,1,1101511756,6026,314
197,32,15,1003598,1003598,1003598,baseline,,,,,,,
197,33,16,985522,985431,985431,guided,0,1,110,1,1330429641,5823,283
197,34,16,1163250,1163250,1163250,baseline,,,,,,,
197,35,17,1151887,1151796,1151796,guided,0,1,110,1,1590824146,4757,224
197,36,17,1340148,1340148,1340148,baseline,,,,,,,
197,37,17,1538204,1538204,1538204,baseline,,,,,,,
197,38,18,1535218,1535188,1535188,guided,0,3,110,1,1289702585,3251,305
197,39,18,1744211,1744211,1744211,baseline,,,,,,,
198,1,1,198,198,198,fan,,,,,,,
198,2,1,396,396,396,fan,,,,,,,
198,3,2,1776,1776,1776,fan,,,,,,,
198,4,2,2760,2760,2760,fan,,,,,,,
198,5,3,5904,5904,5904,fan,,,,,,,
198,6,3,7864,7864,7864,fan,,,,,,,
198,7,4,13732,13732,13732,fan,,,,,,,
198,8,4,17240,17240,17240,fan,,,,,,,
198,9,5,26398,26398,26398,fan,,,,,,,
198,10,5,31636,31636,31636,fan,,,,,,,
198,11,6,45020,45020,45020,fan,,,,,,,
198,12,6,52544,52544,52544,fan,,,,,,,
198,13,7,70704,70704,70704,fan,,,,,,,
198,14,7,80688,80688,80688,fan,,,,,,,
198,15,8,104536,104536,104536,fan,,,,,,,
198,16,8,117520,117520,117520,fan,,,,,,,
198,17,9,147590,147590,147590,fan,,,,,,,
198,18,9,163740,163740,163740,fan,,,,,,,
198,19,10,200920,200920,200920,fan,,,,,,,
198,20,10,220760,220760,220760,fan,,,,,,,
198,21,10,319400,319400,319400,baseline,,,,,,,
198,22,11,289256,289256,289256,fan,,,,,,,
198,23,11,396796,396796,396796,baseline,,,,,,,
198,24,12,370600,370600,370600,fan,,,,,,,
198,25,12,486710,486710,486710,baseline,,,,,,,
198,26,13,465444,465444,465444,fan,,,,,,,
198,27,13,590148,590148,590148,baseline,,,,,,,
198,28,14,575120,575120,575120,fan,,,,,,,
198,29,14,708116,708106,708106,guided,0,3,110,1,603292655,3972,237
198,30,14,866220,866220,866220,baseline,,,,,,,
198,31,15,841592,841560,841560,guided,0,3,110,1,738476078,4004,210
198,32,15,1010456,1010456,1010456,baseline,,,,,,,
198,33,16,991556,991474,991474,guided,0,3,110,1,892245208,3884,188
198,34,16,1171092,1171092,1171092,baseline,,,,,,,
198,35,17,1158872,1158792,1158792,guided,0,3,110,1,1068540131,3088,150
198,36,17,1349040,1349040,1349040,baseline,,,,,,,
198,37,17,1549072,1549072,1549072,baseline,,,,,,,
198,38,18,1545296,1545264,1545264,guided,0,3,110,1,1299209758,3271,315
198,39,18,1756364,1756364,1756364,baseline,,,,,,,
199,1,1,199,199,199,fan,,,,,,,
199,2,1,398,398,398,fan,,,,,,,
199,3,2,1785,1785,1785,fan,,,,,,,
199,4,2,2774,2774,2774,fan,,,,,,,
199,5,3,5934,5934,5934,fan,,,,,,,
199,6,3,7904,7904,7904,fan,,,,,,,
199,7,4,13802,13802,13802,fan,,,,,,,
199,8,4,17328,17328,17328,fan,,,,,,,
199,9,5,26533,26533,26533,fan,,,,,,,
199,10,5,31798,31798,31798,fan,,,,,,,
199,11,6,45251,45251,45251,fan,,,,,,,
199,12,6,52814,52814,52814,fan,,,,,,,
199,13,7,71068,71068,71068,fan,,,,,,,
199,14,7,81104,81104,81104,fan,,,,,,,
199,15,8,105076,105076,105076,fan,,,,,,,
199,16,8,118128,118128,118128,fan,,,,,,,
199,17,9,148355,148355,148355,fan,,,,,,,
199,18,9,164590,164590,164590,fan,,,,,,,
199,19,10,201965,201965,201965,fan,,,,,,,
199,20,10,221910,221910,221910,fan,,,,,,,
199,21,10,321571,321571,321571,baseline,,,,,,,
199,22,11,290768,290768,290768,fan,,,,,,,
199,23,11,399426,399426,399426,baseline,,,,,,,
199,24,12,372544,372544,372544,fan,,,,,,,
199,25,12,489865,489865,489865,baseline,,,,,,,
199,26,13,467894,467894,467894,fan,,,,,,,
199,27,13,593905,593903,593903,guided,0,3,110,1,726155766,5781,397
199,28,14,578158,578158,578158,fan,,,,,,,
199,29,14,712549,712540,712540,guided,0,3,110,1,908568715,5993,347
199,30,14,872216,872216,872216,baseline,,,,,,,
199,31,15,846799,846761,846761,guided,0,3,110,1,1112489989,6034,313
199,32,15,1017344,1017344,1017344,baseline,,,,,,,
199,33,16,997606,997533,997533,guided,0,3,110,1,1343663150,5900,283
199,34,16,1178934,1178934,1178934,baseline,,,,,,,
199,35,17,1165894,1165807,1165807,guided,0,3,110,1,1606794154,4660,230
199,36,17,1357966,1357966,1357966,baseline,,,,,,,
199,37,17,1559970,1559970,1559970,baseline,,,,,,,
199,38,18,1555366,1555344,1555344,guided,0,3,110,1,1304678734,3276,323
199,39,18,1768548,1768548,1768548,baseline,,,,,,,
200,1,1,200,200,200,fan,,,,,,,
200,2,1,400,400,400,fan,,,,,,,
200,3,2,1794,1794,1794,fan,,,,,,,
200,4,2,2788,2788,2788,fan,,,,,,,
200,5,3,5964,5964,5964,fan,,,,,,,
200,6,3,7944,7944,7944,fan,,,,,,,
200,7,4,13872,13872,13872,fan,,,,,,,
200,8,4,17416,17416,17416,fan,,,,,,,
200,9,5,26668,26668,26668,fan,,,,,,,
200,10,5,31960,31960,31960,fan,,,,,,,
200,11,6,45482,45482,45482,fan,,,,,,,
200,12,6,53084,53084,53084,fan,,,,,,,
200,13,7,71432,71432,71432,fan,,,,,,,
200,14,7,81520,81520,81520,fan,,,,,,,
200,15,8,105616,105616,105616,fan,,,,,,,
200,16,8,118736,118736,118736,fan,,,,,,,
200,17,9,149120,149120,149120,fan,,,,,,,
200,18,9,165440,165440,165440,fan,,,,,,,
200,19,10,203010,203010,203010,fan,,,,,,,
200,20,10,223060,223060,223060,fan,,,,,,,
200,21,10,323742,323742,323742,baseline,,,,,,,
200,22,11,292280,292280,292280,fan,,,,,,,
200,23,11,402056,402056,402056,baseline,,,,,,,
200,24,12,374488,374488,374488,fan,,,,,,,
200,25,12,493020,493020,493020,baseline,,,,,,,
200,26,13,470344,470344,470344,fan,,,,,,,
200,27,13,597662,597658,597658,guided,0,3,110,1,487757221,3859,272
200,28,14,581196,581196,581196,fan,,,,,,,
200,29,14,716982,716974,716974,guided,0,1,110,1,609439545,3979,220
200,30,14,878240,878240,878240,baseline,,,,,,,
200,31,15,852006,851962,851962,guided,0,3,110,1,745940909,4023,208
200,32,15,1024232,1024232,1024232,baseline,,,,,,,
200,33,16,1003656,1003592,1003592,guided,0,1,110,1,900876554,3913,185
200,34,16,1186808,1186808,1186808,baseline,,,,,,,
200,35,17,1172916,1172822,1172822,guided,0,3,110,1,1078162083,3113,155
200,36,17,1366892,1366892,1366892,baseline,,,,,,,
200,37,17,1570892,1570892,1570892,baseline,,,,,,,
200,38,18,1565472,1565460,1565460,guided,0,3,110,1,1311220387,3283,329
200,39,18,1780758,1780758,1780758,baseline,,,,,,,
200,40,19,1783472,1783408,1783408,guided,0,3,110,1,1532916972,3358,282
201,1,1,201,201,201,fan,,,,,,,
201,2,1,402,402,402,fan,,,,,,,
201,3,2,1803,1803,1803,fan,,,,,,,
201,4,2,2802,2802,2802,fan,,,,,,,
201,5,3,5994,5994,5994,fan,,,,,,,
201,6,3,7984,7984,7984,fan,,,,,,,
201,7,4,13942,13942,13942,fan,,,,,,,
201,8,4,17504,17504,17504,fan,,,,,,,
201,9,5,26803,26803,26803,fan,,,,,,,
201,10,5,32122,32122,32122,fan,,,,,,,
201,11,6,45713,45713,45713,fan,,,,,,,
201,12,6,53354,53354,53354,fan,,,,,,,
201,13,7,71796,71796,71796,fan,,,,,,,
201,14,7,81936,81936,81936,fan,,,,,,,
201,15,8,106156,106156,106156,fan,,,,,,,
201,16,8,119344,119344,119344,fan,,,,,,,
201,17,9,149885,149885,149885,fan,,,,,,,
201,18,9,166290,166290,166290,fan,,,,,,,
201,19,10,204055,204055,204055,fan,,,,,,,
201,20,10,224210,224210,224210,fan,,,,,,,
201,21,11,269726,269726,269726,fan,,,,,,,
201,22,11,293792,293792,293792,fan,,,,,,,
201,23,11,404697,404697,404697,baseline,,,,,,,
201,24,12,376432,376432,376432,fan,,,,,,,
201,25,12,496188,496188,496188,baseline,,,,,,,
201,26,13,472794,472794,472794,fan,,,,,,,
201,27,13,601432,601426,601426,guided,0,1,110,1,714052837,5772,419
201,28,14,584234,584234,584234,fan,,,,,,,
201,29,14,721435,721424,721424,guided,0,1,110,1,918351553,6044,383
201,30,14,884266,884266,884266,baseline,,,,,,,
201,31,15,857228,857178,857178,guided,0,1,110,1,1122581448,6080,311
201,32,15,1031152,1031152,1031152,baseline,,,,,,,
201,33,16,1009739,1009667,1009667,guided,0,1,110,1,1356705645,5908,267
201,34,16,1194684,1194684,1194684,baseline,,,,,,,
201,35,17,1179955,1179854,1179854,guided,0,1,110,1,1622522069,4905,251
201,36,17,1375854,1375854,1375854,baseline,,,,,,,
201,37,17,1581842,1581842,1581842,baseline,,,,,,,
201,38,18,1575584,1575578,1575578,guided,0,3,110,1,1316586386,3291,330
201,39,18,1792998,1792998,1792998,baseline,,,,,,,
201,40,19,1794876,1794824,1794824,guided,0,3,110,1,1540201181,3377,296
202,1,1,202,202,202,fan,,,,,,,
202,2,1,404,404,404,fan,,,,,,,
202,3,2,1812,1812,1812,fan,,,,,,,
202,4,2,2816,2816,2816,fan,,,,,,,
202,5,3,6024,6024,6024,fan,,,,,,,
202,6,3,8024,8024,8024,fan,,,,,,,
202,7,4,14012,14012,14012,fan,,,,,,,
202,8,4,17592,17592,17592,fan,,,,,,,
202,9,5,26938,26938,26938,fan,,,,,,,
202,10,5,32284,32284,32284,fan,,,,,,,
202,11,6,45944,45944,45944,fan,,,,,,,
202,12,6,53624,53624,53624,fan,,,,,,,
202,13,7,72160,72160,72160,fan,,,,,,,
202,14,7,82352,82352,82352,fan,,,,,,,
202,15,8,106696,106696,106696,fan,,,,,,,
202,16,8,119952,119952,119952,fan,,,,,,,
202,17,9,150650,150650,150650,fan,,,,,,,
202,18,9,167140,167140,167140,fan,,,,,,,
202,19,10,205100,205100,205100,fan,,,,,,,
202,20,10,225360,225360,225360,fan,,,,,,,
202,21,11,271112,271112,271112,fan,,,,,,,
202,22,11,295304,295304,295304,fan,,,,,,,
202,23,11,407338,407338,407338,baseline,,,,,,,
202,24,12,378376,378376,378376,fan,,,,,,,
202,25,12,499356,499356,499356,baseline,,,,,,,
202,26,13,475244,475244,475244,fan,,,,,,,
202,27,13,605202,605194,605194,guided,0,3,110,1,483791101,3856,294
202,28,14,587272,587272,587272,fan,,,,,,,
202,29,14,725888,725874,725874,guided,0,3,110,1,616023621,4047,273
202,30,14,890320,890320,890320,baseline,,,,,,,
202,31,15,862450,862394,862394,guided,0,3,110,1,753652589,4045,206
202,32,15,1038072,1038072,1038072,baseline,,,,,,,
202,33,16,1015822,1015742,1015742,guided,0,3,110,1,909788542,3940,175
202,34,16,1202592,1202592,1202592,baseline,,,,,,,
202,35,17,1186994,1186886,1186886,guided,0,3,110,1,1087466459,3240,160
202,36,17,1384816,1384816,1384816,baseline,,,,,,,
202,37,17,1592818,1592818,1592818,baseline,,,,,,,
202,38,18,1585732,1585732,1585732,baseline,,,,,,,
202,39,18,1805264,1805264,1805264,baseline,,,,,,,
202,40,19,1806280,1806240,1806240,guided,0,3,110,1,1547458108,3396,310
203,1,1,203,203,203,fan,,,,,,,
203,2,1,406,406,406,fan,,,,,,,
203,3,2,1821,1821,1821,fan,,,,,,,
203,4,2,2830,2830,2830,fan,,,,,,,
203,5,3,6054,6054,6054,fan,,,,,,,
203,6,3,8064,8064,8064,fan,,,,,,,
203,7,4,14082,14082,14082,fan,,,,,,,
203,8,4,17680,17680,17680,fan,,,,,,,
203,9,5,27073,27073,27073,fan,,,,,,,
203,10,5,32446,32446,32446,fan,,,,,,,
203,11,6,46175,46175,46175,fan,,,,,,,
203,12,6,53894,53894,53894,fan,,,,,,,
203,13,7,72524,72524,72524,fan,,,,,,,
203,14,7,82768,82768,82768,fan,,,,,,,
203,15,8,107236,107236,107236,fan,,,,,,,
203,16,8,120560,120560,120560,fan,,,,,,,
203,17,9,151415,151415,151415,fan,,,,,,,
203,18,9,167990,167990,167990,fan,,,,,,,
203,19,10,206145,206145,206145,fan,,,,,,,
203,20,10,226510,226510,226510,fan,,,,,,,
203,21,11,272498,272498,272498,fan,,,,,,,
203,22,11,296816,296816,296816,fan,,,,,,,
203,23,11,409991,409991,409991,baseline,,,,,,,
203,24,12,380320,380320,380320,fan,,,,,,,
203,25,12,502536,502536,502536,baseline,,,,,,,
203,26,13,477694,477694,477694,fan,,,,,,,
203,27,13,608983,608977,608977,guided,0,3,110,1,716680229,5768,422
203,28,14,590310,590310,590310,fan,,,,,,,
203,29,14,730355,730338,730338,guided,0,3,110,1,926443354,6124,436
203,30,14,896374,896374,896374,baseline,,,,,,,
203,31,15,867677,867626,867626,guided,0,3,110,1,1134780075,6115,331
203,32,15,1045022,1045022,1045022,baseline,,,,,,,
203,33,16,1021921,1021833,1021833,guided,0,3,110,1,1370954972,5984,261
203,34,16,1210500,1210500,1210500,baseline,,,,,,,
203,35,17,1194053,1193936,1193936,guided,0,3,110,1,1636827235,5094,251
203,36,17,1393812,1393812,1393812,baseline,,,,,,,
203,37,17,1603821,1603821,1603821,baseline,,,,,,,
203,38,18,1595888,1595886,1595886,guided,0,3,110,1,1329581476,3301,333
203,39,18,1817561,1817561,1817561,baseline,,,,,,,
203,40,19,1817742,1817698,1817698,guided,0,3,110,1,1557054392,3404,313
204,1,1,204,204,204,fan,,,,,,,
204,2,1,408,408,408,fan,,,,,,,
204,3,2,1830,1830,1830,fan,,,,,,,
204,4,2,2844,2844,2844,fan,,,,,,,
204,5,3,6084,6084,6084,fan,,,,,,,
204,6,3,8104,8104,8104,fan,,,,,,,
204,7,4,14152,14152,14152,fan,,,,,,,
204,8,4,17768,17768,17768,fan,,,,,,,
204,9,5,27208,27208,27208,fan,,,,,,,
204,10,5,32608,32608,32608,fan,,,,,,,
204,11,6,46406,46406,46406,fan,,,,,,,
204,12,6,54164,54164,54164,fan,,,,,,,
204,13,7,72888,72888,72888,fan,,,,,,,
204,14,7,83184,83184,83184,fan,,,,,,,
204,15,8,107776,107776,107776,fan,,,,,,,
204,16,8,121168,121168,121168,fan,,,,,,,
204,17,9,152180,152180,152180,fan,,,,,,,
204,18,9,168840,168840,168840,fan,,,,,,,
204,19,10,207190,207190,207190,fan,,,,,,,
204,20,10,227660,227660,227660,fan,,,,,,,
204,21,11,273884,273884,273884,fan,,,,,,,
204,22,11,298328,298328,298328,fan,,,,,,,
204,23,11,412644,412644,412644,baseline,,,,,,,
204,24,12,382264,382264,382264,fan,,,,,,,
204,25,12,505716,505716,505716,baseline,,,,,,,
204,26,13,480144,480144,480144,fan,,,,,,,
204,27,13,612764,612760,612760,guided,0,3,110,1,474833519,3813,275
204,28,14,593348,593348,593348,fan,,,,,,,
204,29,14,734822,734802,734802,guided,0,1,110,1,621527792,4109,326
204,30,14,902456,902456,902456,baseline,,,,,,,
204,31,15,872904,872858,872858,guided,0,3,110,1,760225958,4082,228
204,32,15,1051972,1051972,1051972,baseline,,,,,,,
204,33,16,1028020,1027924,1027924,guided,0,1,110,1,918682789,3966,164
204,34,16,1218440,1218440,1218440,baseline,,,,,,,
204,35,17,1201112,1200986,1200986,guided,0,3,110,1,1097488677,3432,167
204,36,17,1402808,1402808,1402808,baseline,,,,,,,
204,37,17,1614850,1614850,1614850,baseline,,,,,,,
204,38,18,1606080,1606076,1606076,guided,0,3,110,1,1335921719,3308,334
204,39,18,1829882,1829882,1829882,baseline,,,,,,,
204,40,19,1829204,1829156,1829156,guided,0,3,110,1,1566708136,3412,316
205,1,1,205,205,205,fan,,,,,,,
205,2,1,410,410,410,fan,,,,,,,
205,3,2,1839,1839,1839,fan,,,,,,,
205,4,2,2858,2858,2858,fan,,,,,,,
205,5,3,6114,6114,6114,fan,,,,,,,
205,6,3,8144,8144,8144,fan,,,,,,,
205,7,4,14222,14222,14222,fan,,,,,,,
205,8,4,17856,17856,17856,fan,,,,,,,
205,9,5,27343,27343,27343,fan,,,,,,,
205,10,5,32770,32770,32770,fan,,,,,,,
205,11,6,46637,46637,46637,fan,,,,,,,
205,12,6,54434,54434,54434,fan,,,,,,,
205,13,7,73252,73252,73252,fan,,,,,,,
205,14,7,83600,83600,83600,fan,,,,,,,
205,15,8,108316,108316,108316,fan,,,,,,,
205,16,8,121776,121776,121776,fan,,,,,,,
205,17,9,152945,152945,152945,fan,,,,,,,
205,18,9,169690,169690,169690,fan,,,,,,,
205,19,10,208235,208235,208235,fan,,,,,,,
205,20,10,228810,228810,228810,fan,,,,,,,
205,21,11,275270,275270,275270,fan,,,,,,,
205,22,11,299840,299840,299840,fan,,,,,,,
205,23,11,415308,415308,415308,baseline,,,,,,,
205,24,12,384208,384208,384208,fan,,,,,,,
205,25,12,508910,508910,508910,baseline,,,,,,,
205,26,13,482594,482594,482594,fan,,,,,,,
205,27,13,616558,616556,616556,guided,0,1,110,1,702449977,5713,403
205,28,14,596386,596386,596386,fan,,,,,,,
205,29,14,739298,739281,739281,guided,0,1,110,1,935662480,6158,445
205,30,14,908540,908540,908540,baseline,,,,,,,
205,31,15,878146,878105,878105,guided,0,1,110,1,1145554556,6191,353
205,32,15,1058954,1058954,1058954,baseline,,,,,,,
205,33,16,1034121,1034033,1034033,guided,0,1,110,1,1383475640,6002,260
205,34,16,1226382,1226382,1226382,baseline,,,,,,,
205,35,17,1208186,1208053,1208053,guided,0,1,110,1,1653022242,5387,268
205,36,17,1411840,1411840,1411840,baseline,,,,,,,
205,37,17,1625907,1625907,1625907,baseline,,,,,,,
205,38,18,1616270,1616268,1616268,guided,0,3,110,1,1343160451,3308,334
205,39,18,1842236,1842236,1842236,baseline,,,,,,,
205,40,19,1840690,1840654,1840654,guided,0,3,110,1,1573074384,3425,332
205,41,19,2078427,2078427,2078427,baseline,,,,,,,
206,1,1,206,206,206,fan,,,,,,,
206,2,1,412,412,412,fan,,,,,,,
206,3,2,1848,1848,1848,fan,,,,,,,
206,4,2,2872,2872,2872,fan,,,,,,,
206,5,3,6144,6144,6144,fan,,,,,,,
206,6,3,8184,8184,8184,fan,,,,,,,
206,7,4,14292,14292,14292,fan,,,,,,,
206,8,4,17944,17944,17944,fan,,,,,,,
206,9,5,27478,27478,27478,fan,,,,,,,
206,10,5,32932,32932,32932,fan,,,,,,,
206,11,6,46868,46868,46868,fan,,,,,,,
206,12,6,54704,54704,54704,fan,,,,,,,
206,13,7,73616,73616,73616,fan,,,,,,,
206,14,7,84016,84016,84016,fan,,,,,,,
206,15,8,108856,108856,108856,fan,,,,,,,
206,16,8,122384,122384,122384,fan,,,,,,,
206,17,9,153710,153710,153710,fan,,,,,,,
206,18,9,170540,170540,170540,fan,,,,,,,
206,19,10,209280,209280,209280,fan,,,,,,,
206,20,10,229960,229960,229960,fan,,,,,,,
206,21,11,276656,276656,276656,fan,,,,,,,
206,22,11,301352,301352,301352,fan,,,,,,,
206,23,11,417972,417972,417972,baseline,,,,,,,
206,24,12,386152,386152,386152,fan,,,,,,,
206,25,12,512104,512104,512104,baseline,,,,,,,
206,26,13,485044,485044,485044,fan,,,,,,,
206,27,13,620352,620352,620352,baseline,,,,,,,
206,28,14,599424,599424,599424,fan,,,,,,,
206,29,14,743774,743760,743760,guided,0,3,110,1,627668896,4099,282
206,30,14,914652,914652,914652,baseline,,,,,,,
206,31,15,883388,883352,883352,guided,0,3,110,1,767754143,4128,250
206,32,15,1065936,1065936,1065936,baseline,,,,,,,
206,33,16,1040222,1040142,1040142,guided,0,3,110,1,927408388,4007,178
206,34,16,1234356,1234356,1234356,baseline,,,,,,,
206,35,17,1215264,1215120,1215120,guided,0,3,110,1,1108216704,3552,170
206,36,17,1420872,1420872,1420872,baseline,,,,,,,
206,37,17,1636988,1636988,1636988,baseline,,,,,,,
206,38,18,1626500,1626496,1626496,guided,0,3,110,1,1349594617,3311,334
206,39,18,1854614,1854614,1854614,baseline,,,,,,,
206,40,19,1852176,1852152,1852152,guided,0,3,110,1,1579434644,3438,348
206,41,19,2092212,2092212,2092212,baseline,,,,,,,
207,1,1,207,207,207,fan,,,,,,,
207,2,1,414,414,414,fan,,,,,,,
207,3,2,1857,1857,1857,fan,,,,,,,
207,4,2,2886,2886,2886,fan,,,,,,,
207,5,3,6174,6174,6174,fan,,,,,,,
207,6,3,8224,8224,8224,fan,,,,,,,
207,7,4,14362,14362,14362,fan,,,,,,,
207,8,4,18032,18032,18032,fan,,,,,,,
207,9,5,27613,27613,27613,fan,,,,,,,
207,10,5,33094,33094,33094,fan,,,,,,,
207,11,6,47099,47099,47099,fan,,,,,,,
207,12,6,54974,54974,54974,fan,,,,,,,
207,13,7,73980,73980,73980,fan,,,,,,,
207,14,7,84432,84432,84432,fan,,,,,,,
207,15,8,109396,109396,109396,fan,,,,,,,
207,16,8,122992,122992,122992,fan,,,,,,,
207,17,9,154475,154475,154475,fan,,,,,,,
207,18,9,171390,171390,171390,fan,,,,,,,
207,19,10,210325,210325,210325,fan,,,,,,,
207,20,10,231110,231110,231110,fan,,,,,,,
207,21,11,278042,278042,278042,fan,,,,,,,
207,22,11,302864,302864,302864,fan,,,,,,,
207,23,11,420649,420649,420649,baseline,,,,,,,
207,24,12,388096,388096,388096,fan,,,,,,,
207,25,12,515310,515310,515310,baseline,,,,,,,
207,26,13,487494,487494,487494,fan,,,,,,,
207,27,13,624162,624162,624162,baseline,,,,,,,
207,28,14,602462,602462,602462,fan,,,,,,,
207,29,14,748264,748253,748253,guided,0,3,110,1,945507405,6169,401
207,30,14,920764,920764,920764,baseline,,,,,,,
207,31,15,888658,888616,888616,guided,0,3,110,1,1157277311,6237,375
207,32,15,1072948,1072948,1072948,baseline,,,,,,,
207,33,16,1046339,1046267,1046267,guided,0,3,110,1,1396698158,6104,281
207,34,16,1242330,1242330,1242330,baseline,,,,,,,
207,35,17,1222339,1222205,1222205,guided,0,3,110,1,1669227852,5247,262
207,36,17,1429938,1429938,1429938,baseline,,,,,,,
207,37,17,1648099,1648099,1648099,baseline,,,,,,,
207,38,18,1636730,1636724,1636724,guided,1,3,110,1,1355649513,3396,325
207,39,18,1867023,1867023,1867023,baseline,,,,,,,
207,40,19,1863716,1863688,1863688,guided,0,3,110,1,1585597655,3434,335
207,41,19,2106030,2106030,2106030,baseline,,,,,,,
208,1,1,208,208,208,fan,,,,,,,
208,2,1,416,416,416,fan,,,,,,,
208,3,2,1866,1866,1866,fan,,,,,,,
208,4,2,2900,2900,2900,fan,,,,,,,
208,5,3,6204,6204,6204,fan,,,,,,,
208,6,3,8264,8264,8264,fan,,,,,,,
208,7,4,14432,14432,14432,fan,,,,,,,
208,8,4,18120,18120,18120,fan,,,,,,,
208,9,5,27748,27748,27748,fan,,,,,,,
208,10,5,33256,33256,33256,fan,,,,,,,
208,11,6,47330,47330,47330,fan,,,,,,,
208,12,6,55244,55244,55244,fan,,,,,,,
208,13,7,74344,74344,74344,fan,,,,,,,
208,14,7,84848,84848,84848,fan,,,,,,,
208,15,8,109936,109936,109936,fan,,,,,,,
208,16,8,123600,123600,123600,fan,,,,,,,
208,17,9,155240,155240,155240,fan,,,,,,,
208,18,9,172240,172240,172240,fan,,,,,,,
208,19,10,211370,211370,211370,fan,,,,,,,
208,20,10,232260,232260,232260,fan,,,,,,,
208,21,11,279428,279428,279428,fan,,,,,,,
208,22,11,304376,304376,304376,fan,,,,,,,
208,23,11,423326,423326,423326,baseline,,,,,,,
208,24,12,390040,390040,390040,fan,,,,,,,
208,25,12,518516,518516,518516,baseline,,,,,,,
208,26,13,489944,489944,489944,fan,,,,,,,
208,27,13,627972,627972,627972,baseline,,,,,,,
208,28,14,605500,605500,605500,fan,,,,,,,
208,29,14,752754,752746,752746,guided,0,1,110,1,633196860,4086,238
208,30,14,926904,926904,926904,baseline,,,,,,,
208,31,15,893928,893880,893880,guided,0,3,110,1,775335521,4161,250
208,32,15,1079960,1079960,1079960,baseline,,,,,,,
208,33,16,1052456,1052392,1052392,guided,0,1,110,1,936824960,4066,198
208,34,16,1250336,1250336,1250336,baseline,,,,,,,
208,35,17,1229414,1229290,1229290,guided,0,3,110,1,1118760482,3525,173
208,36,17,1439004,1439004,1439004,baseline,,,,,,,
208,37,17,1659234,1659234,1659234,baseline,,,,,,,
208,38,18,1646992,1646988,1646988,guided,1,3,110,1,1361313413,3395,324
208,39,18,1879458,1879458,1879458,baseline,,,,,,,
208,40,19,1875256,1875224,1875224,guided,0,3,110,1,1598089244,3436,322
208,41,19,2119874,2119874,2119874,baseline,,,,,,,
209,1,1,209,209,209,fan,,,,,,,
209,2,1,418,418,418,fan,,,,,,,
209,3,2,1875,1875,1875,fan,,,,,,,
209,4,2,2914,2914,2914,fan,,,,,,,
209,5,3,6234,6234,6234,fan,,,,,,,
209,6,3,8304,8304,8304,fan,,,,,,,
209,7,4,14502,14502,14502,fan,,,,,,,
209,8,4,18208,18208,18208,fan,,,,,,,
209,9,5,27883,27883,27883,fan,,,,,,,
209,10,5,33418,33418,33418,fan,,,,,,,
209,11,6,47561,47561,47561,fan,,,,,,,
209,12,6,55514,55514,55514,fan,,,,,,,
209,13,7,74708,74708,74708,fan,,,,,,,
209,14,7,85264,85264,85264,fan,,,,,,,
209,15,8,110476,110476,110476,fan,,,,,,,
209,16,8,124208,124208,124208,fan,,,,,,,
209,17,9,156005,156005,156005,fan,,,,,,,
209,18,9,173090,173090,173090,fan,,,,,,,
209,19,10,212415,212415,212415,fan,,,,,,,
209,20,10,233410,233410,233410,fan,,,,,,,
209,21,11,280814,280814,280814,fan,,,,,,,
209,22,11,305888,305888,305888,fan,,,,,,,
209,23,11,426014,426014,426014,baseline,,,,,,,
209,24,12,391984,391984,391984,fan,,,,,,,
209,25,12,521735,521735,521735,baseline,,,,,,,
209,26,13,492394,492394,492394,fan,,,,,,,
209,27,13,631795,631795,631795,baseline,,,,,,,
209,28,14,608538,608538,608538,fan,,,,,,,
209,29,14,757266,757255,757255,guided,0,1,110,1,954978359,6183,385
209,30,14,933046,933046,933046,baseline,,,,,,,
209,31,15,899213,899159,899159,guided,0,1,110,1,1168399965,6291,375
209,32,15,1087004,1087004,1087004,baseline,,,,,,,
209,33,16,1058606,1058534,1058534,guided,0,1,110,1,1410707907,6156,308
209,34,16,1258344,1258344,1258344,baseline,,,,,,,
209,35,17,1236506,1236392,1236392,guided,0,1,110,1,1685076785,5430,278
209,36,17,1448106,1448106,1448106,baseline,,,,,,,
209,37,17,1670397,1670397,1670397,baseline,,,,,,,
209,38,18,1657256,1657254,1657254,guided,1,3,110,1,1368772805,3400,326
209,39,18,1891923,1891923,1891923,baseline,,,,,,,
209,40,19,1886824,1886800,1886800,guided,0,3,110,1,1603802653,3447,336
209,41,19,2133752,2133752,2133752,baseline,,,,,,,
210,1,1,210,210,210,fan,,,,,,,
210,2,1,420,420,420,fan,,,,,,,
210,3,2,1884,1884,1884,fan,,,,,,,
210,4,2,2928,2928,2928,fan,,,,,,,
210,5,3,6264,6264,6264,fan,,,,,,,
210,6,3,8344,8344,8344,fan,,,,,,,
210,7,4,14572,14572,14572,fan,,,,,,,
210,8,4,18296,18296,18296,fan,,,,,,,
210,9,5,28018,28018,28018,fan,,,,,,,
210,10,5,33580,33580,33580,fan,,,,,,,
210,11,6,47792,47792,47792,fan,,,,,,,
210,12,6,55784,55784,55784,fan,,,,,,,
210,13,7,75072,75072,75072,fan,,,,,,,
210,14,7,85680,85680,85680,fan,,,,,,,
210,15,8,111016,111016,111016,fan,,,,,,,
210,16,8,124816,124816,124816,fan,,,,,,,
210,17,9,156770,156770,156770,fan,,,,,,,
210,18,9,173940,173940,173940,fan,,,,,,,
210,19,10,213460,213460,213460,fan,,,,,,,
210,20,10,234560,234560,234560,fan,,,,,,,
210,21,11,282200,282200,282200,fan,,,,,,,
210,22,11,307400,307400,307400,fan,,,,,,,
210,23,11,428702,428702,428702,baseline,,,,,,,
210,24,12,393928,393928,393928,fan,,,,,,,
210,25,12,524954,524954,524954,baseline,,,,,,,
210,26,13,494844,494844,494844,fan,,,,,,,
210,27,13,635618,635618,635618,baseline,,,,,,,
210,28,14,611576,611576,611576,fan,,,,,,,
210,29,14,761778,761764,761764,guided,0,3,110,1,639635656,4131,266
210,30,14,939216,939216,939216,baseline,,,,,,,
210,31,15,904498,904438,904438,guided,0,3,110,1,783274921,4188,250
210,32,15,1094048,1094048,1094048,baseline,,,,,,,
210,33,16,1064756,1064676,1064676,guided,0,3,110,1,946120562,4114,209
210,34,16,1266384,1266384,1266384,baseline,,,,,,,
210,35,17,1243598,1243494,1243494,guided,0,3,110,1,1129393210,3536,188
210,36,17,1457208,1457208,1457208,baseline,,,,,,,
210,37,17,1681586,1681586,1681586,baseline,,,,,,,
210,38,18,1667556,1667556,1667556,baseline,,,,,,,
210,39,18,1904414,1904414,1904414,baseline,,,,,,,
210,40,19,1898392,1898376,1898376,guided,0,3,110,1,1609429454,3458,350
210,41,19,2147654,2147654,2147654,baseline,,,,,,,
210,42,20,2150796,2150676,2150676,guided,0,3,110,1,1870189267,3521,316
211,1,1,211,211,211,fan,,,,,,,
211,2,1,422,422,422,fan,,,,,,,
211,3,2,1893,1893,1893,fan,,,,,,,
211,4,2,2942,2942,2942,fan,,,,,,,
211,5,3,6294,6294,6294,fan,,,,,,,
211,6,3,8384,8384,8384,fan,,,,,,,
211,7,4,14642,14642,14642,fan,,,,,,,
211,8,4,18384,18384,18384,fan,,,,,,,
211,9,5,28153,28153,28153,fan,,,,,,,
211,10,5,33742,33742,33742,fan,,,,,,,
211,11,6,48023,48023,48023,fan,,,,,,,
211,12,6,56054,56054,56054,fan,,,,,,,
211,13,7,75436,75436,75436,fan,,,,,,,
211,14,7,86096,86096,86096,fan,,,,,,,
211,15,8,111556,111556,111556,fan,,,,,,,
211,16,8,125424,125424,125424,fan,,,,,,,
211,17,9,157535,157535,157535,fan,,,,,,,
211,18,9,174790,174790,174790,fan,,,,,,,
211,19,10,214505,214505,214505,fan,,,,,,,
211,20,10,235710,235710,235710,fan,,,,,,,
211,21,11,283586,283586,283586,fan,,,,,,,
211,22,11,308912,308912,308912,fan,,,,,,,
211,23,11,431402,431402,431402,baseline,,,,,,,
211,24,12,395872,395872,395872,fan,,,,,,,
211,25,12,528185,528185,528185,baseline,,,,,,,
211,26,13,497294,497294,497294,fan,,,,,,,
211,27,13,639456,639456,639456,baseline,,,,,,,
211,28,14,614614,614614,614614,fan,,,,,,,
211,29,14,766304,766287,766287,guided,0,3,110,1,963135811,6243,413
211,30,15,748512,748512,748512,fan,,,,,,,
211,31,15,909788,909733,909733,guided,0,3,110,1,1179315431,6328,388
211,32,15,1101122,1101122,1101122,baseline,,,,,,,
211,33,16,1070922,1070834,1070834,guided,0,3,110,1,1424182329,6258,325
211,34,16,1274424,1274424,1274424,baseline,,,,,,,
211,35,17,1250728,1250615,1250615,guided,0,3,110,1,1701358477,5501,289
211,36,17,1466344,1466344,1466344,baseline,,,,,,,
211,37,17,1692802,1692802,1692802,baseline,,,,,,,
211,38,18,1677860,1677858,1677858,guided,1,3,110,1,1381236792,3416,327
211,39,19,1670517,1670232,1670232,guided,0,3,110,1,2362938835,4916,218
211,40,19,1910010,1909990,1909990,guided,0,3,110,1,1615581887,3452,341
211,41,19,2161592,2161592,2161592,baseline,,,,,,,
211,42,20,2163782,2163680,2163680,guided,0,3,110,1,1878633577,3539,331
212,1,1,212,212,212,fan,,,,,,,
212,2,1,424,424,424,fan,,,,,,,
212,3,2,1902,1902,1902,fan,,,,,,,
212,4,2,2956,2956,2956,fan,,,,,,,
212,5,3,6324,6324,6324,fan,,,,,,,
212,6,3,8424,8424,8424,fan,,,,,,,
212,7,4,14712,14712,14712,fan,,,,,,,
212,8,4,18472,18472,18472,fan,,,,,,,
212,9,5,28288,28288,28288,fan,,,,,,,
212,10,5,33904,33904,33904,fan,,,,,,,
212,11,6,48254,48254,48254,fan,,,,,,,
212,12,6,56324,56324,56324,fan,,,,,,,
212,13,7,75800,75800,75800,fan,,,,,,,
212,14,7,86512,86512,86512,fan,,,,,,,
212,15,8,112096,112096,112096,fan,,,,,,,
212,16,8,126032,126032,126032,fan,,,,,,,
212,17,9,158300,158300,158300,fan,,,,,,,
212,18,9,175640,175640,175640,fan,,,,,,,
212,19,10,215550,215550,215550,fan,,,,,,,
212,20,10,236860,236860,236860,fan,,,,,,,
212,21,11,284972,284972,284972,fan,,,,,,,
212,22,11,310424,310424,310424,fan,,,,,,,
212,23,11,434102,434102,434102,baseline,,,,,,,
212,24,12,397816,397816,397816,fan,,,,,,,
212,25,12,531416,531416,531416,baseline,,,,,,,
212,26,13,499744,499744,499744,fan,,,,,,,
212,27,13,643294,643294,643294,baseline,,,,,,,
212,28,14,617652,617652,617652,fan,,,,,,,
212,29,14,770830,770810,770810,guided,0,1,110,1,646018597,4176,294
212,30,15,752224,752224,752224,fan,,,,,,,
212,31,15,915078,915028,915028,guided,0,3,110,1,790252311,4225,263
212,32,15,1108196,1108196,1108196,baseline,,,,,,,
212,33,16,1077088,1076992,1076992,guided,0,1,110,1,955880825,4165,220
212,34,16,1282496,1282496,1282496,baseline,,,,,,,
212,35,17,1257858,1257736,1257736,guided,0,3,110,1,1140264026,3691,189
212,36,17,1475480,1475480,1475480,baseline,,,,,,,
212,37,17,1704046,1704046,1704046,baseline,,,,,,,
212,38,18,1688200,1688196,1688196,guided,0,3,110,1,1388523737,3345,335
212,39,18,1929482,1929482,1929482,baseline,,,,,,,
212,40,19,1921628,1921604,1921604,guided,0,3,110,1,1628090860,3452,332
212,41,19,2175554,2175554,2175554,baseline,,,,,,,
212,42,20,2176808,2176724,2176724,guided,0,3,110,1,1889090820,3565,347
213,1,1,213,213,213,fan,,,,,,,
213,2,1,426,426,426,fan,,,,,,,
213,3,2,1911,1911,1911,fan,,,,,,,
213,4,2,2970,2970,2970,fan,,,,,,,
213,5,3,6354,6354,6354,fan,,,,,,,
213,6,3,8464,8464,8464,fan,,,,,,,
213,7,4,14782,14782,14782,fan,,,,,,,
213,8,4,18560,18560,18560,fan,,,,,,,
213,9,5,28423,28423,28423,fan,,,,,,,
213,10,5,34066,34066,34066,fan,,,,,,,
213,11,6,48485,48485,48485,fan,,,,,,,
213,12,6,56594,56594,56594,fan,,,,,,,
213,13,7,76164,76164,76164,fan,,,,,,,
213,14,7,86928,86928,86928,fan,,,,,,,
213,15,8,112636,112636,112636,fan,,,,,,,
213,16,8,126640,126640,126640,fan,,,,,,,
213,17,9,159065,159065,159065,fan,,,,,,,
213,18,9,176490,176490,176490,fan,,,,,,,
213,19,10,216595,216595,216595,fan,,,,,,,
213,20,10,238010,238010,238010,fan,,,,,,,
213,21,11,286358,286358,286358,fan,,,,,,,
213,22,11,311936,311936,311936,fan,,,,,,,
213,23,11,436813,436813,436813,baseline,,,,,,,
213,24,12,399760,399760,399760,fan,,,,,,,
213,25,12,534661,534661,534661,baseline,,,,,,,
213,26,13,502194,502194,502194,fan,,,,,,,
213,27,13,647145,647145,647145,baseline,,,,,,,
213,28,14,620690,620690,620690,fan,,,,,,,
213,29,14,775365,775348,775348,guided,0,1,110,1,972508009,6307,466
213,30,15,755936,755936,755936,fan,,,,,,,
213,31,15,920383,920338,920338,guided,0,1,110,1,1189647960,6389,401
213,32,15,1115304,1115304,1115304,baseline,,,,,,,
213,33,16,1083258,1083168,1083168,guided,0,1,110,1,1438437018,6293,338
213,34,16,1290570,1290570,1290570,baseline,,,,,,,
213,35,17,1265005,1264874,1264874,guided,0,1,110,1,1717411830,5733,292
213,36,17,1484652,1484652,1484652,baseline,,,,,,,
213,37,17,1715320,1715320,1715320,baseline,,,,,,,
213,38,18,1698538,1698536,1698536,guided,0,3,110,1,1393595292,3350,337
213,39,18,1942061,1942061,1942061,baseline,,,,,,,
213,40,19,1933274,1933258,1933258,guided,0,3,110,1,1634335691,3466,343
213,41,19,2189550,2189550,2189550,baseline,,,,,,,
213,42,20,2189832,2189770,2189770,guided,0,3,110,1,1900837409,3578,344
214,1,1,214,214,214,fan,,,,,,,
214,2,1,428,428,428,fan,,,,,,,
214,3,2,1920,1920,1920,fan,,,,,,,
214,4,2,2984,2984,2984,fan,,,,,,,
214,5,3,6384,6384,6384,fan,,,,,,,
214,6,3,8504,8504,8504,fan,,,,,,,
214,7,4,14852,14852,14852,fan,,,,,,,
214,8,4,18648,18648,18648,fan,,,,,,,
214,9,5,28558,28558,28558,fan,,,,,,,
214,10,5,34228,34228,34228,fan,,,,,,,
214,11,6,48716,48716,48716,fan,,,,,,,
214,12,6,56864,56864,56864,fan,,,,,,,
214,13,7,76528,76528,76528,fan,,,,,,,
214,14,7,87344,87344,87344,fan,,,,,,,
214,15,8,113176,113176,113176,fan,,,,,,,
214,16,8,127248,127248,127248,fan,,,,,,,
214,17,9,159830,159830,159830,fan,,,,,,,
214,18,9,177340,177340,177340,fan,,,,,,,
214,19,10,217640,217640,217640,fan,,,,,,,
214,20,10,239160,239160,239160,fan,,,,,,,
214,21,11,287744,287744,287744,fan,,,,,,,
214,22,11,313448,313448,313448,fan,,,,,,,
214,23,11,439524,439524,439524,baseline,,,,,,,
214,24,12,401704,401704,401704,fan,,,,,,,
214,25,12,537906,537906,537906,baseline,,,,,,,
214,26,13,504644,504644,504644,fan,,,,,,,
214,27,13,650996,650996,650996,baseline,,,,,,,
214,28,14,623728,623728,623728,fan,,,,,,,
214,29,14,779900,779886,779886,guided,0,3,110,1,651656957,4213,319
214,30,15,759648,759648,759648,fan,,,,,,,
214,31,15,925688,925648,925648,guided,0,3,110,1,797350470,4262,276
214,32,15,1122412,1122412,1122412,baseline,,,,,,,
214,33,16,1089428,1089344,1089344,guided,0,3,110,1,963550135,4199,227
214,34,16,1298676,1298676,1298676,baseline,,,,,,,
214,35,17,1272152,1272012,1272012,guided,0,3,110,1,1151444466,3805,170
214,36,17,1493824,1493824,1493824,baseline,,,,,,,
214,37,17,1726620,1726620,1726620,baseline,,,,,,,
214,38,18,1708912,1708912,1708912,baseline,,,,,,,
214,39,18,1954666,1954666,1954666,baseline,,,,,,,
214,40,19,1944920,1944912,1944912,guided,0,3,110,1,1640570656,3480,354
214,41,19,2203572,2203572,2203572,baseline,,,,,,,
214,42,20,2202904,2202856,2202856,guided,0,3,110,1,1905910458,3582,342
215,1,1,215,215,215,fan,,,,,,,
215,2,1,430,430,430,fan,,,,,,,
215,3,2,1929,1929,1929,fan,,,,,,,
215,4,2,2998,2998,2998,fan,,,,,,,
215,5,3,6414,6414,6414,fan,,,,,,,
215,6,3,8544,8544,8544,fan,,,,,,,
215,7,4,14922,14922,14922,fan,,,,,,,
215,8,4,18736,18736,18736,fan,,,,,,,
215,9,5,28693,28693,28693,fan,,,,,,,
215,10,5,34390,34390,34390,fan,,,,,,,
215,11,6,48947,48947,48947,fan,,,,,,,
215,12,6,57134,57134,57134,fan,,,,,,,
215,13,7,76892,76892,76892,fan,,,,,,,
215,14,7,87760,87760,87760,fan,,,,,,,
215,15,8,113716,113716,113716,fan,,,,,,,
215,16,8,127856,127856,127856,fan,,,,,,,
215,17,9,160595,160595,160595,fan,,,,,,,
215,18,9,178190,178190,178190,fan,,,,,,,
215,19,10,218685,218685,218685,fan,,,,,,,
215,20,10,240310,240310,240310,fan,,,,,,,
215,21,11,289130,289130,289130,fan,,,,,,,
215,22,11,314960,314960,314960,fan,,,,,,,
215,23,11,442246,442246,442246,baseline,,,,,,,
215,24,12,403648,403648,403648,fan,,,,,,,
215,25,12,541163,541163,541163,baseline,,,,,,,
215,26,13,507094,507094,507094,fan,,,,,,,
215,27,13,654861,654861,654861,baseline,,,,,,,
215,28,14,626766,626766,626766,fan,,,,,,,
215,29,14,784449,784438,784438,guided,0,3,110,1,981617686,6368,491
215,30,15,763360,763360,763360,fan,,,,,,,
215,31,15,931010,930975,930975,guided,0,3,110,1,1201319847,6416,392
215,32,15,1129552,1129552,1129552,baseline,,,,,,,
215,33,16,1095614,1095536,1095536,guided,0,3,110,1,1451811575,6363,345
215,34,16,1306784,1306784,1306784,baseline,,,,,,,
215,35,17,1279302,1279168,1279168,guided,0,3,110,1,1733833752,5721,265
215,36,17,1503030,1503030,1503030,baseline,,,,,,,
215,37,17,1737953,1737953,1737953,baseline,,,,,,,
215,38,18,1719290,1719288,1719288,guided,0,3,110,1,1407352309,3359,337
215,39,18,1967304,1967304,1967304,baseline,,,,,,,
215,40,19,1956618,1956604,1956604,guided,0,3,110,1,1648479753,3489,350
215,41,19,2217627,2217627,2217627,baseline,,,,,,,
215,42,20,2216000,2215942,2215942,guided,0,3,110,1,1917020240,3574,332
215,43,20,2489917,2489917,2489917,baseline,,,,,,,
216,1,1,216,216,216,fan,,,,,,,
216,2,1,432,432,432,fan,,,,,,,
216,3,2,1938,1938,1938,fan,,,,,,,
216,4,2,3012,3012,3012,fan,,,,,,,
216,5,3,6444,6444,6444,fan,,,,,,,
216,6,3,8584,8584,8584,fan,,,,,,,
216,7,4,14992,14992,14992,fan,,,,,,,
216,8,4,18824,18824,18824,fan,,,,,,,
216,9,5,28828,28828,28828,fan,,,,,,,
216,10,5,34552,34552,34552,fan,,,,,,,
216,11,6,49178,49178,49178,fan,,,,,,,
216,12,6,57404,57404,57404,fan,,,,,,,
216,13,7,77256,77256,77256,fan,,,,,,,
216,14,7,88176,88176,88176,fan,,,,,,,
216,15,8,114256,114256,114256,fan,,,,,,,
216,16,8,128464,128464,128464,fan,,,,,,,
216,17,9,161360,161360,161360,fan,,,,,,,
216,18,9,179040,179040,179040,fan,,,,,,,
216,19,10,219730,219730,219730,fan,,,,,,,
216,20,10,241460,241460,241460,fan,,,,,,,
216,21,11,290516,290516,290516,fan,,,,,,,
216,22,11,316472,316472,316472,fan,,,,,,,
216,23,11,444968,444968,444968,baseline,,,,,,,
216,24,12,405592,405592,405592,fan,,,,,,,
216,25,12,544420,544420,544420,baseline,,,,,,,
216,26,13,509544,509544,509544,fan,,,,,,,
216,27,13,658726,658726,658726,baseline,,,,,,,
216,28,14,629804,629804,629804,fan,,,,,,,
216,29,14,788998,788990,788990,guided,0,1,110,1,657729689,4253,344
216,30,15,767072,767072,767072,fan,,,,,,,
216,31,15,936332,936302,936302,guided,0,3,110,1,805195501,4276,254
216,32,15,1136692,1136692,1136692,baseline,,,,,,,
216,33,16,1101800,1101728,1101728,guided,0,1,110,1,972404431,4223,230
216,34,16,1314924,1314924,1314924,baseline,,,,,,,
216,35,17,1286452,1286324,1286324,guided,0,3,110,1,1161904752,3802,183
216,36,17,1512236,1512236,1512236,baseline,,,,,,,
216,37,18,1491326,1491126,1491126,guided,0,1,110,1,1376840107,3315,158
216,38,18,1729704,1729700,1729700,guided,0,3,110,1,1414302672,3358,336
216,39,18,1979970,1979970,1979970,baseline,,,,,,,
216,40,19,1968316,1968296,1968296,guided,0,3,110,1,1656361832,3498,346
216,41,19,2231710,2231710,2231710,baseline,,,,,,,
216,42,20,2229136,2229068,2229068,guided,0,3,110,1,1922579057,3577,338
216,43,20,2505536,2505536,2505536,baseline,,,,,,,
217,1,1,217,217,217,fan,,,,,,,
217,2,1,434,434,434,fan,,,,,,,
217,3,2,1947,1947,1947,fan,,,,,,,
217,4,2,3026,3026,3026,fan,,,,,,,
217,5,3,6474,6474,6474,fan,,,,,,,
217,6,3,8624,8624,8624,fan,,,,,,,
217,7,4,15062,15062,15062,fan,,,,,,,
217,8,4,18912,18912,18912,fan,,,,,,,
217,9,5,28963,28963,28963,fan,,,,,,,
217,10,5,34714,34714,34714,fan,,,,,,,
217,11,6,49409,49409,49409,fan,,,,,,,
217,12,6,57674,57674,57674,fan,,,,,,,
217,13,7,77620,77620,77620,fan,,,,,,,
217,14,7,88592,88592,88592,fan,,,,,,,
217,15,8,114796,114796,114796,fan,,,,,,,
217,16,8,129072,129072,129072,fan,,,,,,,
217,17,9,162125,162125,162125,fan,,,,,,,
217,18,9,179890,179890,179890,fan,,,,,,,
217,19,10,220775,220775,220775,fan,,,,,,,
217,20,10,242610,242610,242610,fan,,,,,,,
217,21,11,291902,291902,291902,fan,,,,,,,
217,22,11,317984,317984,317984,fan,,,,,,,
217,23,11,447701,447701,447701,baseline,,,,,,,
217,24,12,407536,407536,407536,fan,,,,,,,
217,25,12,547690,547690,547690,baseline,,,,,,,
217,26,13,511994,511994,511994,fan,,,,,,,
217,27,13,662604,662604,662604,baseline,,,,,,,
217,28,14,632842,632842,632842,fan,,,,,,,
217,29,14,793569,793558,793558,guided,0,1,110,1,990778117,6401,510
217,30,15,770784,770784,770784,fan,,,,,,,
217,31,15,941669,941644,941644,guided,0,1,110,1,1211874192,6460,370
217,32,15,1143866,1143866,1143866,baseline,,,,,,,
217,33,16,1108001,1107937,1107937,guided,0,1,110,1,1465594803,6394,352
217,34,16,1323068,1323068,1323068,baseline,,,,,,,
217,35,17,1293619,1293497,1293497,guided,0,1,110,1,1749400758,5843,295
217,36,17,1521480,1521480,1521480,baseline,,,,,,,
217,37,18,1499562,1499369,1499369,guided,0,1,110,1,2074370701,4985,237
217,38,18,1740116,1740114,1740114,guided,0,3,110,1,1420848979,3361,339
217,39,18,1992669,1992669,1992669,baseline,,,,,,,
217,40,19,1980044,1980028,1980028,guided,0,3,110,1,1664245231,3494,336
217,41,19,2245829,2245829,2245829,baseline,,,,,,,
217,42,20,2242254,2242196,2242196,guided,0,3,110,1,1934007128,3607,361
217,43,20,2521190,2521190,2521190,baseline,,,,,,,
218,1,1,218,218,218,fan,,,,,,,
218,2,1,436,436,436,fan,,,,,,,
218,3,2,1956,1956,1956,fan,,,,,,,
218,4,2,3040,3040,3040,fan,,,,,,,
218,5,3,6504,6504,6504,fan,,,,,,,
218,6,3,8664,8664,8664,fan,,,,,,,
218,7,4,15132,15132,15132,fan,,,,,,,
218,8,4,19000,19000,19000,fan,,,,,,,
218,9,5,29098,29098,29098,fan,,,,,,,
218,10,5,34876,34876,34876,fan,,,,,,,
218,11,6,49640,49640,49640,fan,,,,,,,
218,12,6,57944,57944,57944,fan,,,,,,,
218,13,7,77984,77984,77984,fan,,,,,,,
218,14,7,89008,89008,89008,fan,,,,,,,
218,15,8,115336,115336,115336,fan,,,,,,,
218,16,8,129680,129680,129680,fan,,,,,,,
218,17,9,162890,162890,162890,fan,,,,,,,
218,18,9,180740,180740,180740,fan,,,,,,,
218,19,10,221820,221820,221820,fan,,,,,,,
218,20,10,243760,243760,243760,fan,,,,,,,
218,21,11,293288,293288,293288,fan,,,,,,,
218,22,11,319496,319496,319496,fan,,,,,,,
218,23,11,450434,450434,450434,baseline,,,,,,,
218,24,12,409480,409480,409480,fan,,,,,,,
218,25,12,550960,550960,550960,baseline,,,,,,,
218,26,13,514444,514444,514444,fan,,,,,,,
218,27,13,666482,666482,666482,baseline,,,,,,,
218,28,14,635880,635880,635880,fan,,,,,,,
218,29,14,798140,798126,798126,guided,0,3,110,1,664155558,4267,338
218,30,15,774496,774496,774496,fan,,,,,,,
218,31,15,947006,946986,946986,guided,0,3,110,1,813394183,4296,232
218,32,15,1151040,1151040,1151040,baseline,,,,,,,
218,33,16,1114202,1114146,1114146,guided,0,3,110,1,981971439,4269,237
218,34,16,1331244,1331244,1331244,baseline,,,,,,,
218,35,17,1300786,1300670,1300670,guided,0,3,110,1,1172727590,3849,213
218,36,17,1530724,1530724,1530724,baseline,,,,,,,
218,37,18,1507798,1507612,1507612,guided,0,3,110,1,1388460504,3329,158
218,38,18,1750564,1750564,1750564,baseline,,,,,,,
218,39,18,2005396,2005396,2005396,baseline,,,,,,,
218,40,19,1991772,1991760,1991760,guided,0,3,110,1,1672182532,3490,326
218,41,19,2259974,2259974,2259974,baseline,,,,,,,
218,42,20,2255412,2255364,2255364,guided,0,3,110,1,1939344553,3614,368
218,43,20,2536874,2536874,2536874,baseline,,,,,,,
219,1,1,219,219,219,fan,,,,,,,
219,2,1,438,438,438,fan,,,,,,,
219,3,2,1965,1965,1965,fan,,,,,,,
219,4,2,3054,3054,3054,fan,,,,,,,
219,5,3,6534,6534,6534,fan,,,,,,,
219,6,3,8704,8704,8704,fan,,,,,,,
219,7,4,15202,15202,15202,fan,,,,,,,
219,8,4,19088,19088,19088,fan,,,,,,,
219,9,5,29233,29233,29233,fan,,,,,,,
219,10,5,35038,35038,35038,fan,,,,,,,
219,11,6,49871,49871,49871,fan,,,,,,,
219,12,6,58214,58214,58214,fan,,,,,,,
219,13,7,78348,78348,78348,fan,,,,,,,
219,14,7,89424,89424,89424,fan,,,,,,,
219,15,8,115876,115876,115876,fan,,,,,,,
219,16,8,130288,130288,130288,fan,,,,,,,
219,17,9,163655,163655,163655,fan,,,,,,,
219,18,9,181590,181590,181590,fan,,,,,,,
219,19,10,222865,222865,222865,fan,,,,,,,
219,20,10,244910,244910,244910,fan,,,,,,,
219,21,11,294674,294674,294674,fan,,,,,,,
219,22,11,321008,321008,321008,fan,,,,,,,
219,23,11,453179,453179,453179,baseline,,,,,,,
219,24,12,411424,411424,411424,fan,,,,,,,
219,25,12,554242,554242,554242,baseline,,,,,,,
219,26,13,516894,516894,516894,fan,,,,,,,
219,27,13,670375,670375,670375,baseline,,,,,,,
219,28,14,638918,638918,638918,fan,,,,,,,
219,29,14,802725,802708,802708,guided,0,3,110,1,999647096,6436,504
219,30,15,778208,778208,778208,fan,,,,,,,
219,31,15,952369,952344,952344,guided,0,3,110,1,1223910531,6494,377
219,32,15,1158246,1158246,1158246,baseline,,,,,,,
219,33,16,1120419,1120371,1120371,guided,0,3,110,1,1478687056,6482,362
219,34,16,1339422,1339422,1339422,baseline,,,,,,,
219,35,17,1307967,1307862,1307862,guided,0,3,110,1,1765810022,5903,307
219,36,17,1540004,1540004,1540004,baseline,,,,,,,
219,37,18,1516052,1515873,1515873,guided,0,3,110,1,2091248929,5020,237
219,38,18,1761020,1761016,1761016,guided,0,3,110,1,1433527251,3385,345
219,39,18,2018156,2018156,2018156,baseline,,,,,,,
219,40,19,2003552,2003530,2003530,guided,0,3,110,1,1680551337,3515,345
219,41,19,2274158,2274158,2274158,baseline,,,,,,,
219,42,20,2268594,2268532,2268532,guided,0,3,110,1,1951684214,3617,356
219,43,20,2552593,2552593,2552593,baseline,,,,,,,
220,1,1,220,220,220,fan,,,,,,,
220,2,1,440,440,440,fan,,,,,,,
220,3,2,1974,1974,1974,fan,,,,,,,
220,4,2,3068,3068,3068,fan,,,,,,,
220,5,3,6564,6564,6564,fan,,,,,,,
220,6,3,8744,8744,8744,fan,,,,,,,
220,7,4,15272,15272,15272,fan,,,,,,,
220,8,4,19176,19176,19176,fan,,,,,,,
220,9,5,29368,29368,29368,fan,,,,,,,
220,10,5,35200,35200,35200,fan,,,,,,,
220,11,6,50102,50102,50102,fan,,,,,,,
220,12,6,58484,58484,58484,fan,,,,,,,
220,13,7,78712,78712,78712,fan,,,,,,,
220,14,7,89840,89840,89840,fan,,,,,,,
220,15,8,116416,116416,116416,fan,,,,,,,
220,16,8,130896,130896,130896,fan,,,,,,,
220,17,9,164420,164420,164420,fan,,,,,,,
220,18,9,182440,182440,182440,fan,,,,,,,
220,19,10,223910,223910,223910,fan,,,,,,,
220,20,10,246060,246060,246060,fan,,,,,,,
220,21,11,296060,296060,296060,fan,,,,,,,
220,22,11,322520,322520,322520,fan,,,,,,,
220,23,11,455924,455924,455924,baseline,,,,,,,
220,24,12,413368,413368,413368,fan,,,,,,,
220,25,12,557524,557524,557524,baseline,,,,,,,
220,26,13,519344,519344,519344,fan,,,,,,,
220,27,13,674268,674268,674268,baseline,,,,,,,
220,28,14,641956,641956,641956,fan,,,,,,,
220,29,14,807310,807290,807290,guided,0,1,110,1,670551685,4281,332
220,30,15,781920,781920,781920,fan,,,,,,,
220,31,15,957732,957702,957702,guided,0,3,110,1,820015307,4337,261
220,32,15,1165452,1165452,1165452,baseline,,,,,,,
220,33,16,1126636,1126596,1126596,guided,0,1,110,1,991097946,4318,241
220,34,16,1347632,1347632,1347632,baseline,,,,,,,
220,35,17,1315148,1315054,1315054,guided,0,3,110,1,1183743261,3955,195
220,36,17,1549284,1549284,1549284,baseline,,,,,,,
220,37,18,1524306,1524134,1524134,guided,0,1,110,1,1402467068,3346,158
220,38,18,1771512,1771504,1771504,guided,0,3,110,1,1441460192,3397,354
220,39,18,2030942,2030942,2030942,baseline,,,,,,,
220,40,19,2015332,2015300,2015300,guided,0,3,110,1,1688881440,3540,364
220,41,19,2288368,2288368,2288368,baseline,,,,,,,
220,42,20,2281816,2281740,2281740,guided,0,3,110,1,1956503635,3603,330
220,43,20,2568344,2568344,2568344,baseline,,,,,,,
220,44,20,2862864,2862864,2862864,baseline,,,,,,,
221,1,1,221,221,221,fan,,,,,,,
221,2,1,442,442,442,fan,,,,,,,
221,3,2,1983,1983,1983,fan,,,,,,,
221,4,2,3082,3082,3082,fan,,,,,,,
221,5,3,6594,6594,6594,fan,,,,,,,
221,6,3,8784,8784,8784,fan,,,,,,,
221,7,4,15342,15342,15342,fan,,,,,,,
221,8,4,19264,19264,19264,fan,,,,,,,
221,9,5,29503,29503,29503,fan,,,,,,,
221,10,5,35362,35362,35362,fan,,,,,,,
221,11,6,50333,50333,50333,fan,,,,,,,
221,12,6,58754,58754,58754,fan,,,,,,,
221,13,7,79076,79076,79076,fan,,,,,,,
221,14,7,90256,90256,90256,fan,,,,,,,
221,15,8,116956,116956,116956,fan,,,,,,,
221,16,8,131504,131504,131504,fan,,,,,,,
221,17,9,165185,165185,165185,fan,,,,,,,
221,18,9,183290,183290,183290,fan,,,,,,,
221,19,10,224955,224955,224955,fan,,,,,,,
221,20,10,247210,247210,247210,fan,,,,,,,
221,21,11,297446,297446,297446,fan,,,,,,,
221,22,11,324032,324032,324032,fan,,,,,,,
221,23,11,458680,458680,458680,baseline,,,,,,,
221,24,12,415312,415312,415312,fan,,,,,,,
221,25,12,560818,560818,560818,baseline,,,,,,,
221,26,13,521794,521794,521794,fan,,,,,,,
221,27,13,678174,678174,678174,baseline,,,,,,,
221,28,14,644994,644994,644994,fan,,,,,,,
221,29,14,811904,811887,811887,guided,0,1,110,1,1008956678,6433,474
221,30,15,785632,785632,785632,fan,,,,,,,
221,31,15,963110,963075,963075,guided,0,1,110,1,1235666028,6559,406
221,32,15,1172692,1172692,1172692,baseline,,,,,,,
221,33,16,1132885,1132839,1132839,guided,0,1,110,1,1491370876,6516,378
221,34,16,1355846,1355846,1355846,baseline,,,,,,,
221,35,17,1322346,1322263,1322263,guided,0,1,110,1,1781531180,6094,284
221,36,17,1558602,1558602,1558602,baseline,,,,,,,
221,37,18,1532573,1532414,1532414,guided,0,1,110,1,2110963573,5030,240
221,38,18,1782000,1781996,1781996,guided,0,3,110,1,1447705136,3401,352
221,39,18,2043764,2043764,2043764,baseline,,,,,,,
221,40,19,2027138,2027112,2027112,guided,0,3,110,1,1694511815,3539,366
221,41,19,2302614,2302614,2302614,baseline,,,,,,,
221,42,20,2295020,2294950,2294950,guided,0,3,110,1,1968108309,3608,332
221,43,20,2584130,2584130,2584130,baseline,,,,,,,
221,44,20,2881268,2881268,2881268,baseline,,,,,,,
222,1,1,222,222,222,fan,,,,,,,
222,2,1,444,444,444,fan,,,,,,,
222,3,2,1992,1992,1992,fan,,,,,,,
222,4,2,3096,3096,3096,fan,,,,,,,
222,5,3,6624,6624,6624,fan,,,,,,,
222,6,3,8824,8824,8824,fan,,,,,,,
222,7,4,15412,15412,15412,fan,,,,,,,
222,8,4,19352,19352,19352,fan,,,,,,,
222,9,5,29638,29638,29638,fan,,,,,,,
222,10,5,35524,35524,35524,fan,,,,,,,
222,11,6,50564,50564,50564,fan,,,,,,,
222,12,6,59024,59024,59024,fan,,,,,,,
222,13,7,79440,79440,79440,fan,,,,,,,
222,14,7,90672,90672,90672,fan,,,,,,,
222,15,8,117496,117496,117496,fan,,,,,,,
222,16,8,132112,132112,132112,fan,,,,,,,
222,17,9,165950,165950,165950,fan,,,,,,,
222,18,9,184140,184140,184140,fan,,,,,,,
222,19,10,226000,226000,226000,fan,,,,,,,
222,20,10,248360,248360,248360,fan,,,,,,,
222,21,11,298832,298832,298832,fan,,,,,,,
222,22,11,325544,325544,325544,fan,,,,,,,
222,23,11,461436,461436,461436,baseline,,,,,,,
222,24,12,417256,417256,417256,fan,,,,,,,
222,25,12,564112,564112,564112,baseline,,,,,,,
222,26,13,524244,524244,524244,fan,,,,,,,
222,27,13,682080,682080,682080,baseline,,,,,,,
222,28,14,648032,648032,648032,fan,,,,,,,
222,29,14,816498,816484,816484,guided,0,3,110,1,676334713,4285,308
222,30,15,789344,789344,789344,fan,,,,,,,
222,31,15,968488,968448,968448,guided,0,3,110,1,827391565,4375,290
222,32,15,1179932,1179932,1179932,baseline,,,,,,,
222,33,16,1139134,1139082,1139082,guided,0,3,110,1,998846090,4345,256
222,34,16,1364092,1364092,1364092,baseline,,,,,,,
222,35,17,1329544,1329472,1329472,guided,0,3,110,1,1194418031,4042,161
222,36,17,1567920,1567920,1567920,baseline,,,,,,,
222,37,18,1540840,1540694,1540694,guided,0,3,110,1,1415713063,3363,161
222,38,18,1792524,1792524,1792524,baseline,,,,,,,
222,39,18,2056612,2056612,2056612,baseline,,,,,,,
222,40,19,2038944,2038924,2038924,guided,0,3,110,1,1700175826,3538,368
222,41,19,2316888,2316888,2316888,baseline,,,,,,,
222,42,20,2308264,2308200,2308200,guided,0,3,110,1,1978838047,3626,350
222,43,20,2599948,2599948,2599948,baseline,,,,,,,
222,44,20,2899712,2899712,2899712,baseline,,,,,,,
223,1,1,223,223,223,fan,,,,,,,
223,2,1,446,446,446,fan,,,,,,,
223,3,2,2001,2001,2001,fan,,,,,,,
223,4,2,3110,3110,3110,fan,,,,,,,
223,5,3,6654,6654,6654,fan,,,,,,,
223,6,3,8864,8864,8864,fan,,,,,,,
223,7,4,15482,15482,15482,fan,,,,,,,
223,8,4,19440,19440,19440,fan,,,,,,,
223,9,5,29773,29773,29773,fan,,,,,,,
223,10,5,35686,35686,35686,fan,,,,,,,
223,11,6,50795,50795,50795,fan,,,,,,,
223,12,6,59294,59294,59294,fan,,,,,,,
223,13,7,79804,79804,79804,fan,,,,,,,
223,14,7,91088,91088,91088,fan,,,,,,,
223,15,8,118036,118036,118036,fan,,,,,,,
223,16,8,132720,132720,132720,fan,,,,,,,
223,17,9,166715,166715,166715,fan,,,,,,,
223,18,9,184990,184990,184990,fan,,,,,,,
223,19,10,227045,227045,227045,fan,,,,,,,
223,20,10,249510,249510,249510,fan,,,,,,,
223,21,11,300218,300218,300218,fan,,,,,,,
223,22,11,327056,327056,327056,fan,,,,,,,
223,23,11,464203,464203,464203,baseline,,,,,,,
223,24,12,419200,419200,419200,fan,,,,,,,
223,25,12,567418,567418,567418,baseline,,,,,,,
223,26,13,526694,526694,526694,fan,,,,,,,
223,27,13,686000,686000,686000,baseline,,,,,,,
223,28,14,651070,651070,651070,fan,,,,,,,
223,29,14,821106,821095,821095,guided,0,3,110,1,1018385341,6461,450
223,30,15,793056,793056,793056,fan,,,,,,,
223,31,15,973873,973838,973838,guided,0,3,110,1,1245109465,6601,451
223,32,15,1187204,1187204,1187204,baseline,,,,,,,
223,33,16,1145399,1145341,1145341,guided,0,3,110,1,1505539586,6582,393
223,34,16,1372340,1372340,1372340,baseline,,,,,,,
223,35,17,1336779,1336699,1336699,guided,0,3,110,1,1797785847,6195,298
223,36,17,1577274,1577274,1577274,baseline,,,,,,,
223,37,18,1549125,1548992,1548992,guided,0,3,110,1,2127492733,5068,243
223,38,18,1803058,1803054,1803054,guided,2,3,110,1,1462512183,3509,545
223,39,18,2069491,2069491,2069491,baseline,,,,,,,
223,40,19,2050806,2050776,2050776,guided,0,3,110,1,1706706438,3550,368
223,41,19,2331198,2331198,2331198,baseline,,,,,,,
223,42,20,2321532,2321452,2321452,guided,0,3,110,1,1984888430,3639,354
223,43,20,2615801,2615801,2615801,baseline,,,,,,,
223,44,20,2918200,2918200,2918200,baseline,,,,,,,
224,1,1,224,224,224,fan,,,,,,,
224,2,1,448,448,448,fan,,,,,,,
224,3,2,2010,2010,2010,fan,,,,,,,
224,4,2,3124,3124,3124,fan,,,,,,,
224,5,3,6684,6684,6684,fan,,,,,,,
224,6,3,8904,8904,8904,fan,,,,,,,
224,7,4,15552,15552,15552,fan,,,,,,,
224,8,4,19528,19528,19528,fan,,,,,,,
224,9,5,29908,29908,29908,fan,,,,,,,
224,10,5,35848,35848,35848,fan,,,,,,,
224,11,6,51026,51026,51026,fan,,,,,,,
224,12,6,59564,59564,59564,fan,,,,,,,
224,13,7,80168,80168,80168,fan,,,,,,,
224,14,7,91504,91504,91504,fan,,,,,,,
224,15,8,118576,118576,118576,fan,,,,,,,
224,16,8,133328,133328,133328,fan,,,,,,,
224,17,9,167480,167480,167480,fan,,,,,,,
224,18,9,185840,185840,185840,fan,,,,,,,
224,19,10,228090,228090,228090,fan,,,,,,,
224,20,10,250660,250660,250660,fan,,,,,,,
224,21,11,301604,301604,301604,fan,,,,,,,
224,22,11,328568,328568,328568,fan,,,,,,,
224,23,11,466970,466970,466970,baseline,,,,,,,
224,24,12,421144,421144,421144,fan,,,,,,,
224,25,12,570724,570724,570724,baseline,,,,,,,
224,26,13,529144,529144,529144,fan,,,,,,,
224,27,13,689920,689920,689920,baseline,,,,,,,
224,28,14,654108,654108,654108,fan,,,,,,,
224,29,14,825714,825706,825706,guided,0,1,110,1,681603574,4286,284
224,30,15,796768,796768,796768,fan,,,,,,,
224,31,15,979258,979228,979228,guided,0,3,110,1,834339776,4406,306
224,32,15,1194476,1194476,1194476,baseline,,,,,,,
224,33,16,1151664,1151600,1151600,guided,0,1,110,1,1009162811,4374,267
224,34,16,1380620,1380620,1380620,baseline,,,,,,,
224,35,17,1344014,1343926,1343926,guided,0,3,110,1,1205006036,4163,220
224,36,17,1586628,1586628,1586628,baseline,,,,,,,
224,37,18,1557410,1557290,1557290,guided,0,1,110,1,1426838193,3377,164
224,38,18,1813628,1813620,1813620,guided,2,3,110,1,1468036265,3538,567
224,39,18,2082394,2082394,2082394,baseline,,,,,,,
224,40,19,2062668,2062628,2062628,guided,0,3,110,1,1719774594,3568,368
224,41,19,2345536,2345536,2345536,baseline,,,,,,,
224,42,20,2334840,2334744,2334744,guided,0,3,110,1,1992468942,3648,354
224,43,20,2631684,2631684,2631684,baseline,,,,,,,
224,44,20,2936732,2936732,2936732,baseline,,,,,,,
225,1,1,225,225,225,fan,,,,,,,
225,2,1,450,450,450,fan,,,,,,,
225,3,2,2019,2019,2019,fan,,,,,,,
225,4,2,3138,3138,3138,fan,,,,,,,
225,5,3,6714,6714,6714,fan,,,,,,,
225,6,3,8944,8944,8944,fan,,,,,,,
225,7,4,15622,15622,15622,fan,,,,,,,
225,8,4,19616,19616,19616,fan,,,,,,,
225,9,5,30043,30043,30043,fan,,,,,,,
225,10,5,36010,36010,36010,fan,,,,,,,
225,11,6,51257,51257,51257,fan,,,,,,,
225,12,6,59834,59834,59834,fan,,,,,,,
225,13,7,80532,80532,80532,fan,,,,,,,
225,14,7,91920,91920,91920,fan,,,,,,,
225,15,8,119116,119116,119116,fan,,,,,,,
225,16,8,133936,133936,133936,fan,,,,,,,
225,17,9,168245,168245,168245,fan,,,,,,,
225,18,9,186690,186690,186690,fan,,,,,,,
225,19,10,229135,229135,229135,fan,,,,,,,
225,20,10,251810,251810,251810,fan,,,,,,,
225,21,11,302990,302990,302990,fan,,,,,,,
225,22,11,330080,330080,330080,fan,,,,,,,
225,23,11,469748,469748,469748,baseline,,,,,,,
225,24,12,423088,423088,423088,fan,,,,,,,
225,25,12,574043,574043,574043,baseline,,,,,,,
225,26,13,531594,531594,531594,fan,,,,,,,
225,27,13,693853,693853,693853,baseline,,,,,,,
225,28,14,657146,657146,657146,fan,,,,,,,
225,29,14,830339,830333,830333,guided,0,1,110,1,1027047463,6467,459
225,30,15,800480,800480,800480,fan,,,,,,,
225,31,15,984658,984633,984633,guided,0,1,110,1,1256418279,6659,467
225,32,15,1201778,1201778,1201778,baseline,,,,,,,
225,33,16,1157934,1157876,1157876,guided,0,1,110,1,1518791363,6611,425
225,34,16,1388904,1388904,1388904,baseline,,,,,,,
225,35,17,1351266,1351170,1351170,guided,0,1,110,1,1814131631,6367,366
225,36,17,1596020,1596020,1596020,baseline,,,,,,,
225,37,18,1565737,1565608,1565608,guided,0,1,110,1,2146971902,5079,240
225,38,18,1824194,1824190,1824190,guided,2,3,110,1,1474599109,3436,395
225,39,18,2095330,2095330,2095330,baseline,,,,,,,
225,40,19,2074552,2074522,2074522,guided,1,3,110,1,1723698202,3628,352
225,41,19,2359910,2359910,2359910,baseline,,,,,,,
225,42,20,2348126,2348040,2348040,guided,0,3,110,1,2004378607,3649,349
225,43,20,2647605,2647605,2647605,baseline,,,,,,,
225,44,20,2955312,2955312,2955312,baseline,,,,,,,
225,45,21,2959473,2959473,2959473,baseline,,,,,,,
226,1,1,226,226,226,fan,,,,,,,
226,2,1,452,452,452,fan,,,,,,,
226,3,2,2028,2028,2028,fan,,,,,,,
226,4,2,3152,3152,3152,fan,,,,,,,
226,5,3,6744,6744,6744,fan,,,,,,,
226,6,3,8984,8984,8984,fan,,,,,,,
226,7,4,15692,15692,15692,fan,,,,,,,
226,8,4,19704,19704,19704,fan,,,,,,,
226,9,5,30178,30178,30178,fan,,,,,,,
226,10,5,36172,36172,36172,fan,,,,,,,
226,11,6,51488,51488,51488,fan,,,,,,,
226,12,6,60104,60104,60104,fan,,,,,,,
226,13,7,80896,80896,80896,fan,,,,,,,
226,14,7,92336,92336,92336,fan,,,,,,,
226,15,8,119656,119656,119656,fan,,,,,,,
226,16,8,134544,134544,134544,fan,,,,,,,
226,17,9,169010,169010,169010,fan,,,,,,,
226,18,9,187540,187540,187540,fan,,,,,,,
226,19,10,230180,230180,230180,fan,,,,,,,
226,20,10,252960,252960,252960,fan,,,,,,,
226,21,11,304376,304376,304376,fan,,,,,,,
226,22,11,331592,331592,331592,fan,,,,,,,
226,23,11,472526,472526,472526,baseline,,,,,,,
226,24,12,425032,425032,425032,fan,,,,,,,
226,25,12,577362,577362,577362,baseline,,,,,,,
226,26,13,534044,534044,534044,fan,,,,,,,
226,27,13,697786,697786,697786,baseline,,,,,,,
226,28,14,660184,660184,660184,fan,,,,,,,
226,29,14,834964,834960,834960,guided,0,3,110,1,687576821,4315,317
226,30,15,804192,804192,804192,fan,,,,,,,
226,31,15,990058,990038,990038,guided,0,3,110,1,841913958,4440,322
226,32,15,1209080,1209080,1209080,baseline,,,,,,,
226,33,16,1164204,1164152,1164152,guided,0,3,110,1,1017011041,4411,289
226,34,16,1397220,1397220,1397220,baseline,,,,,,,
226,35,17,1358518,1358414,1358414,guided,0,3,110,1,1215439903,4257,282
226,36,17,1605412,1605412,1605412,baseline,,,,,,,
226,37,18,1574064,1573926,1573926,guided,0,3,110,1,1440331501,3395,158
226,38,18,1834796,1834796,1834796,baseline,,,,,,,
226,39,18,2108290,2108290,2108290,baseline,,,,,,,
226,40,19,2086436,2086416,2086416,guided,2,3,110,1,1731926708,3660,568
226,41,19,2374310,2374310,2374310,baseline,,,,,,,
226,42,20,2361452,2361376,2361376,guided,0,3,110,1,2015604412,3653,344
226,43,20,2663556,2663556,2663556,baseline,,,,,,,
226,44,20,2973936,2973936,2973936,baseline,,,,,,,
226,45,21,2977094,2977094,2977094,baseline,,,,,,,
227,1,1,227,227,227,fan,,,,,,,
227,2,1,454,454,454,fan,,,,,,,
227,3,2,2037,2037,2037,fan,,,,,,,
227,4,2,3166,3166,3166,fan,,,,,,,
227,5,3,6774,6774,6774,fan,,,,,,,
227,6,3,9024,9024,9024,fan,,,,,,,
227,7,4,15762,15762,15762,fan,,,,,,,
227,8,4,19792,19792,19792,fan,,,,,,,
227,9,5,30313,30313,30313,fan,,,,,,,
227,10,5,36334,36334,36334,fan,,,,,,,
227,11,6,51719,51719,51719,fan,,,,,,,
227,12,6,60374,60374,60374,fan,,,,,,,
227,13,7,81260,81260,81260,fan,,,,,,,
227,14,7,92752,92752,92752,fan,,,,,,,
227,15,8,120196,120196,120196,fan,,,,,,,
227,16,8,135152,135152,135152,fan,,,,,,,
227,17,9,169775,169775,169775,fan,,,,,,,
227,18,9,188390,188390,188390,fan,,,,,,,
227,19,10,231225,231225,231225,fan,,,,,,,
227,20,10,254110,254110,254110,fan,,,,,,,
227,21,11,305762,305762,305762,fan,,,,,,,
227,22,11,333104,333104,333104,fan,,,,,,,
227,23,11,475316,475316,475316,baseline,,,,,,,
227,24,12,426976,426976,426976,fan,,,,,,,
227,25,12,580693,580693,580693,baseline,,,,,,,
227,26,13,536494,536494,536494,fan,,,,,,,
227,27,13,701732,701732,701732,baseline,,,,,,,
227,28,14,663222,663222,663222,fan,,,,,,,
227,29,14,839603,839601,839601,guided,0,3,110,1,1036355257,6526,492
227,30,15,807904,807904,807904,fan,,,,,,,
227,31,15,995482,995459,995459,guided,0,3,110,1,1268180259,6698,485
227,32,15,1216414,1216414,1216414,baseline,,,,,,,
227,33,16,1170490,1170444,1170444,guided,0,3,110,1,1532154988,6686,446
227,34,16,1405538,1405538,1405538,baseline,,,,,,,
227,35,17,1365771,1365677,1365677,guided,0,3,110,1,1830509068,6405,386
227,36,17,1614840,1614840,1614840,baseline,,,,,,,
227,37,18,1582409,1582262,1582262,guided,0,3,110,1,2166433105,5121,234
227,38,18,1845404,1845404,1845404,baseline,,,,,,,
227,39,18,2121281,2121281,2121281,baseline,,,,,,,
227,40,19,2098364,2098350,2098350,guided,1,3,110,1,1737981387,3644,354
227,41,19,2388743,2388743,2388743,baseline,,,,,,,
227,42,20,2374806,2374714,2374714,guided,0,3,110,1,2023754159,3665,344
227,43,20,2679542,2679542,2679542,baseline,,,,,,,
227,44,20,2992608,2992608,2992608,baseline,,,,,,,
227,45,21,2994753,2994753,2994753,baseline,,,,,,,
228,1,1,228,228,228,fan,,,,,,,
228,2,1,456,456,456,fan,,,,,,,
228,3,2,2046,2046,2046,fan,,,,,,,
228,4,2,3180,3180,3180,fan,,,,,,,
228,5,3,6804,6804,6804,fan,,,,,,,
228,6,3,9064,9064,9064,fan,,,,,,,
228,7,4,15832,15832,15832,fan,,,,,,,
228,8,4,19880,19880,19880,fan,,,,,,,
228,9,5,30448,30448,30448,fan,,,,,,,
228,10,5,36496,36496,36496,fan,,,,,,,
228,11,6,51950,51950,51950,fan,,,,,,,
228,12,6,60644,60644,60644,fan,,,,,,,
228,13,7,81624,81624,81624,fan,,,,,,,
228,14,7,93168,93168,93168,fan,,,,,,,
228,15,8,120736,120736,120736,fan,,,,,,,
228,16,8,135760,135760,135760,fan,,,,,,,
228,17,9,170540,170540,170540,fan,,,,,,,
228,18,9,189240,189240,189240,fan,,,,,,,
228,19,10,232270,232270,232270,fan,,,,,,,
228,20,10,255260,255260,255260,fan,,,,,,,
228,21,11,307148,307148,307148,fan,,,,,,,
228,22,11,334616,334616,334616,fan,,,,,,,
228,23,11,478106,478106,478106,baseline,,,,,,,
228,24,12,428920,428920,428920,fan,,,,,,,
228,25,12,584024,584024,584024,baseline,,,,,,,
228,26,13,538944,538944,538944,fan,,,,,,,
228,27,13,705678,705678,705678,baseline,,,,,,,
228,28,14,666260,666260,666260,fan,,,,,,,
228,29,14,844242,844242,844242,baseline,,,,,,,
228,30,15,811616,811616,811616,fan,,,,,,,
228,31,15,1000906,1000880,1000880,guided,0,3,110,1,849775855,4469,324
228,32,15,1223748,1223748,1223748,baseline,,,,,,,
228,33,16,1176776,1176736,1176736,guided,0,1,110,1,1025690291,4450,307
228,34,16,1413888,1413888,1413888,baseline,,,,,,,
228,35,17,1373024,1372940,1372940,guided,0,3,110,1,1226708128,4257,245
228,36,17,1624268,1624268,1624268,baseline,,,,,,,
228,37,18,1590754,1590598,1590598,guided,0,1,110,1,1451049075,3410,152
228,38,18,1856048,1856048,1856048,baseline,,,,,,,
228,39,18,2134298,2134298,2134298,baseline,,,,,,,
228,40,19,2110292,2110284,2110284,guided,0,3,110,1,1747561530,3594,376
228,41,19,2403202,2403202,2403202,baseline,,,,,,,
228,42,20,2388192,2388092,2388092,guided,0,3,110,1,2033140521,3680,346
228,43,20,2695560,2695560,2695560,baseline,,,,,,,
228,44,20,3011324,3011324,3011324,baseline,,,,,,,
228,45,21,3012444,3012444,3012444,baseline,,,,,,,
229,1,1,229,229,229,fan,,,,,,,
229,2,1,458,458,458,fan,,,,,,,
229,3,2,2055,2055,2055,fan,,,,,,,
229,4,2,3194,3194,3194,fan,,,,,,,
229,5,3,6834,6834,6834,fan,,,,,,,
229,6,3,9104,9104,9104,fan,,,,,,,
229,7,4,15902,15902,15902,fan,,,,,,,
229,8,4,19968,19968,19968,fan,,,,,,,
229,9,5,30583,30583,30583,fan,,,,,,,
229,10,5,36658,36658,36658,fan,,,,,,,
229,11,6,52181,52181,52181,fan,,,,,,,
229,12,6,60914,60914,60914,fan,,,,,,,
229,13,7,81988,81988,81988,fan,,,,,,,
229,14,7,93584,93584,93584,fan,,,,,,,
229,15,8,121276,121276,121276,fan,,,,,,,
229,16,8,136368,136368,136368,fan,,,,,,,
229,17,9,171305,171305,171305,fan,,,,,,,
229,18,9,190090,190090,190090,fan,,,,,,,
229,19,10,233315,233315,233315,fan,,,,,,,
229,20,10,256410,256410,256410,fan,,,,,,,
229,21,11,308534,308534,308534,fan,,,,,,,
229,22,11,336128,336128,336128,fan,,,,,,,
229,23,11,480907,480907,480907,baseline,,,,,,,
229,24,12,430864,430864,430864,fan,,,,,,,
229,25,12,587367,587367,587367,baseline,,,,,,,
229,26,13,541394,541394,541394,fan,,,,,,,
229,27,13,709637,709637,709637,baseline,,,,,,,
229,28,14,669298,669298,669298,fan,,,,,,,
229,29,14,848898,848898,848898,baseline,,,,,,,
229,30,15,815328,815328,815328,fan,,,,,,,
229,31,15,1006345,1006316,1006316,guided,0,1,110,1,1279023549,6754,487
229,32,15,1231112,1231112,1231112,baseline,,,,,,,
229,33,16,1183090,1183046,1183046,guided,0,1,110,1,1546145428,6732,446
229,34,16,1422238,1422238,1422238,baseline,,,,,,,
229,35,17,1380294,1380220,1380220,guided,0,1,110,1,1846233435,6465,352
229,36,17,1633734,1633734,1633734,baseline,,,,,,,
229,37,18,1599112,1598953,1598953,guided,0,1,110,1,2186483242,5130,228
229,38,18,1866696,1866696,1866696,baseline,,,,,,,
229,39,18,2147345,2147345,2147345,baseline,,,,,,,
229,40,19,2122274,2122260,2122260,guided,1,3,110,1,1756985874,3670,357
229,41,19,2417695,2417695,2417695,baseline,,,,,,,
229,42,20,2401556,2401474,2401474,deep,0,3,110,1,8122667569,11996,877
229,43,20,2711613,2711613,2711613,baseline,,,,,,,
229,44,20,3030088,3030088,3030088,baseline,,,,,,,
229,45,21,3030173,3030173,3030173,baseline,,,,,,,
230,1,1,230,230,230,fan,,,,,,,
230,2,1,460,460,460,fan,,,,,,,
230,3,2,2064,2064,2064,fan,,,,,,,
230,4,2,3208,3208,3208,fan,,,,,,,
230,5,3,6864,6864,6864,fan,,,,,,,
230,6,3,9144,9144,9144,fan,,,,,,,
230,7,4,15972,15972,15972,fan,,,,,,,
230,8,4,20056,20056,20056,fan,,,,,,,
230,9,5,30718,30718,30718,fan,,,,,,,
230,10,5,36820,36820,36820,fan,,,,,,,
230,11,6,52412,52412,52412,fan,,,,,,,
230,12,6,61184,61184,61184,fan,,,,,,,
230,13,7,82352,82352,82352,fan,,,,,,,
230,14,7,94000,94000,94000,fan,,,,,,,
230,15,8,121816,121816,121816,fan,,,,,,,
230,16,8,136976,136976,136976,fan,,,,,,,
230,17,9,172070,172070,172070,fan,,,,,,,
230,18,9,190940,190940,190940,fan,,,,,,,
230,19,10,234360,234360,234360,fan,,,,,,,
230,20,10,257560,257560,257560,fan,,,,,,,
230,21,11,309920,309920,309920,fan,,,,,,,
230,22,11,337640,337640,337640,fan,,,,,,,
230,23,11,483708,483708,483708,baseline,,,,,,,
230,24,12,432808,432808,432808,fan,,,,,,,
230,25,12,590710,590710,590710,baseline,,,,,,,
230,26,13,543844,543844,543844,fan,,,,,,,
230,27,13,713596,713596,713596,baseline,,,,,,,
230,28,14,672336,672336,672336,fan,,,,,,,
230,29,14,853554,853554,853554,baseline,,,,,,,
230,30,15,819040,819040,819040,fan,,,,,,,
230,31,15,1011784,1011752,1011752,guided,0,3,110,1,856581760,4498,326
230,32,15,1238476,1238476,1238476,baseline,,,,,,,
230,33,16,1189404,1189356,1189356,guided,0,3,110,1,1036406556,4495,291
230,34,16,1430620,1430620,1430620,baseline,,,,,,,
230,35,17,1387564,1387500,1387500,guided,0,3,110,1,1237149528,4262,213
230,36,17,1643200,1643200,1643200,baseline,,,,,,,
230,37,18,1607470,1607308,1607308,guided,0,3,110,1,1465833103,3425,152
230,38,18,1877380,1877380,1877380,baseline,,,,,,,
230,39,18,2160418,2160418,2160418,baseline,,,,,,,
230,40,19,2134256,2134236,2134236,guided,2,3,110,1,1761315078,3670,552
230,41,19,2432212,2432212,2432212,baseline,,,,,,,
230,42,20,2414964,2414896,2414896,guided,1,3,110,1,2047825463,3790,369
230,43,20,2727694,2727694,2727694,baseline,,,,,,,
230,44,20,3048896,3048896,3048896,baseline,,,,,,,
230,45,21,3047932,3047932,3047932,baseline,,,,,,,
230,46,21,3384248,3384248,3384248,baseline,,,,,,,
231,1,1,231,231,231,fan,,,,,,,
231,2,1,462,462,462,fan,,,,,,,
231,3,2,2073,2073,2073,fan,,,,,,,
231,4,2,3222,3222,3222,fan,,,,,,,
231,5,3,6894,6894,6894,fan,,,,,,,
231,6,3,9184,9184,9184,fan,,,,,,,
231,7,4,16042,16042,16042,fan,,,,,,,
231,8,4,20144,20144,20144,fan,,,,,,,
231,9,5,30853,30853,30853,fan,,,,,,,
231,10,5,36982,36982,36982,fan,,,,,,,
231,11,6,52643,52643,52643,fan,,,,,,,
231,12,6,61454,61454,61454,fan,,,,,,,
231,13,7,82716,82716,82716,fan,,,,,,,
231,14,7,94416,94416,94416,fan,,,,,,,
231,15,8,122356,122356,122356,fan,,,,,,,
231,16,8,137584,137584,137584,fan,,,,,,,
231,17,9,172835,172835,172835,fan,,,,,,,
231,18,9,191790,191790,191790,fan,,,,,,,
231,19,10,235405,235405,235405,fan,,,,,,,
231,20,10,258710,258710,258710,fan,,,,,,,
231,21,11,311306,311306,311306,fan,,,,,,,
231,22,11,339152,339152,339152,fan,,,,,,,
231,23,11,486520,486520,486520,baseline,,,,,,,
231,24,12,434752,434752,434752,fan,,,,,,,
231,25,12,594065,594065,594065,baseline,,,,,,,
231,26,13,546294,546294,546294,fan,,,,,,,
231,27,13,717569,717569,717569,baseline,,,,,,,
231,28,14,675374,675374,675374,fan,,,,,,,
231,29,14,858224,858224,858224,baseline,,,,,,,
231,30,15,822752,822752,822752,fan,,,,,,,
231,31,15,1017232,1017205,1017205,guided,0,3,110,1,1290821987,6776,498
231,32,15,1245872,1245872,1245872,baseline,,,,,,,
231,33,16,1195734,1195682,1195682,guided,0,3,110,1,1559437747,6805,431
231,34,16,1439004,1439004,1439004,baseline,,,,,,,
231,35,17,1394868,1394798,1394798,guided,0,3,110,1,1862368634,6476,358
231,36,17,1652702,1652702,1652702,baseline,,,,,,,
231,37,18,1615846,1615681,1615681,guided,0,3,110,1,2205744282,5169,228
231,38,18,1888066,1888066,1888066,baseline,,,,,,,
231,39,18,2173522,2173522,2173522,baseline,,,,,,,
231,40,19,2146266,2146252,2146252,guided,2,3,110,1,1770759731,3677,557
231,41,19,2446765,2446765,2446765,baseline,,,,,,,
231,42,20,2428376,2428320,2428320,guided,3,3,110,1,2055579620,3935,627
231,43,20,2743808,2743808,2743808,baseline,,,,,,,
231,44,21,2735520,2735386,2735386,guided,0,3,110,1,2372948381,3808,385
231,45,21,3065732,3065732,3065732,baseline,,,,,,,
231,46,21,3404912,3404912,3404912,baseline,,,,,,,
232,1,1,232,232,232,fan,,,,,,,
232,2,1,464,464,464,fan,,,,,,,
232,3,2,2082,2082,2082,fan,,,,,,,
232,4,2,3236,3236,3236,fan,,,,,,,
232,5,3,6924,6924,6924,fan,,,,,,,
232,6,3,9224,9224,9224,fan,,,,,,,
232,7,4,16112,16112,16112,fan,,,,,,,
232,8,4,20232,20232,20232,fan,,,,,,,
232,9,5,30988,30988,30988,fan,,,,,,,
232,10,5,37144,37144,37144,fan,,,,,,,
232,11,6,52874,52874,52874,fan,,,,,,,
232,12,6,61724,61724,61724,fan,,,,,,,
232,13,7,83080,83080,83080,fan,,,,,,,
232,14,7,94832,94832,94832,fan,,,,,,,
232,15,8,122896,122896,122896,fan,,,,,,,
232,16,8,138192,138192,138192,fan,,,,,,,
232,17,9,173600,173600,173600,fan,,,,,,,
232,18,9,192640,192640,192640,fan,,,,,,,
232,19,10,236450,236450,236450,fan,,,,,,,
232,20,10,259860,259860,259860,fan,,,,,,,
232,21,11,312692,312692,312692,fan,,,,,,,
232,22,11,340664,340664,340664,fan,,,,,,,
232,23,11,489332,489332,489332,baseline,,,,,,,
232,24,12,436696,436696,436696,fan,,,,,,,
232,25,12,597420,597420,597420,baseline,,,,,,,
232,26,13,548744,548744,548744,fan,,,,,,,
232,27,13,721542,721542,721542,baseline,,,,,,,
232,28,14,678412,678412,678412,fan,,,,,,,
232,29,14,862894,862894,862894,baseline,,,,,,,
232,30,15,826464,826464,826464,fan,,,,,,,
232,31,15,1022680,1022658,1022658,guided,0,3,110,1,865438486,4518,335
232,32,15,1253268,1253268,1253268,baseline,,,,,,,
232,33,16,1202064,1202008,1202008,guided,0,1,110,1,1044834008,4531,272
232,34,16,1447420,1447420,1447420,baseline,,,,,,,
232,35,17,1402172,1402096,1402096,guided,0,3,110,1,1247748951,4328,248
232,36,17,1662204,1662204,1662204,baseline,,,,,,,
232,37,18,1624222,1624054,1624054,guided,0,1,110,1,1478972685,3437,152
232,38,18,1898788,1898788,1898788,baseline,,,,,,,
232,39,18,2186650,2186650,2186650,baseline,,,,,,,
232,40,19,2158276,2158268,2158268,guided,0,3,110,1,1777547566,3614,378
232,41,19,2461342,2461342,2461342,baseline,,,,,,,
232,42,20,2441828,2441784,2441784,guided,0,3,110,1,2063010026,3735,376
232,43,20,2759952,2759952,2759952,baseline,,,,,,,
232,44,21,2750500,2750380,2750380,guided,0,3,110,1,2387480322,3818,384
232,45,21,3083562,3083562,3083562,baseline,,,,,,,
232,46,21,3425624,3425624,3425624,baseline,,,,,,,
233,1,1,233,233,233,fan,,,,,,,
233,2,1,466,466,466,fan,,,,,,,
233,3,2,2091,2091,2091,fan,,,,,,,
233,4,2,3250,3250,3250,fan,,,,,,,
233,5,3,6954,6954,6954,fan,,,,,,,
233,6,3,9264,9264,9264,fan,,,,,,,
233,7,4,16182,16182,16182,fan,,,,,,,
233,8,4,20320,20320,20320,fan,,,,,,,
233,9,5,31123,31123,31123,fan,,,,,,,
233,10,5,37306,37306,37306,fan,,,,,,,
233,11,6,53105,53105,53105,fan,,,,,,,
233,12,6,61994,61994,61994,fan,,,,,,,
233,13,7,83444,83444,83444,fan,,,,,,,
233,14,7,95248,95248,95248,fan,,,,,,,
233,15,8,123436,123436,123436,fan,,,,,,,
233,16,8,138800,138800,138800,fan,,,,,,,
233,17,9,174365,174365,174365,fan,,,,,,,
233,18,9,193490,193490,193490,fan,,,,,,,
233,19,10,237495,237495,237495,fan,,,,,,,
233,20,10,261010,261010,261010,fan,,,,,,,
233,21,11,314078,314078,314078,fan,,,,,,,
233,22,11,342176,342176,342176,fan,,,,,,,
233,23,11,492155,492155,492155,baseline,,,,,,,
233,24,12,438640,438640,438640,fan,,,,,,,
233,25,12,600788,600788,600788,baseline,,,,,,,
233,26,13,551194,551194,551194,fan,,,,,,,
233,27,13,725528,725528,725528,baseline,,,,,,,
233,28,14,681450,681450,681450,fan,,,,,,,
233,29,14,867579,867578,867578,guided,0,1,110,1,1063910178,6562,509
233,30,15,830176,830176,830176,fan,,,,,,,
233,31,15,1028143,1028126,1028126,guided,0,1,110,1,1300175096,6805,507
233,32,15,1260694,1260694,1260694,baseline,,,,,,,
233,33,16,1208401,1208351,1208351,guided,0,1,110,1,1572050669,6830,435
233,34,16,1455836,1455836,1455836,baseline,,,,,,,
233,35,17,1409493,1409411,1409411,guided,0,1,110,1,1878412637,6602,387
233,36,17,1671740,1671740,1671740,baseline,,,,,,,
233,37,18,1632606,1632447,1632447,guided,0,1,110,1,2224875412,5187,233
233,38,18,1909514,1909514,1909514,baseline,,,,,,,
233,39,18,2199811,2199811,2199811,baseline,,,,,,,
233,40,19,2170340,2170326,2170326,guided,0,3,110,1,1785045483,3613,365
233,41,19,2475953,2475953,2475953,baseline,,,,,,,
233,42,20,2455308,2455252,2455252,guided,0,3,110,1,2074994205,3746,379
233,43,20,2776128,2776128,2776128,baseline,,,,,,,
233,44,21,2765558,2765420,2765420,guided,0,3,110,1,2396075292,3826,385
233,45,21,3101428,3101428,3101428,baseline,,,,,,,
233,46,21,3446384,3446384,3446384,baseline,,,,,,,
234,1,1,234,234,234,fan,,,,,,,
234,2,1,468,468,468,fan,,,,,,,
234,3,2,2100,2100,2100,fan,,,,,,,
234,4,2,3264,3264,3264,fan,,,,,,,
234,5,3,6984,6984,6984,fan,,,,,,,
234,6,3,9304,9304,9304,fan,,,,,,,
234,7,4,16252,16252,16252,fan,,,,,,,
234,8,4,20408,20408,20408,fan,,,,,,,
234,9,5,31258,31258,31258,fan,,,,,,,
234,10,5,37468,37468,37468,fan,,,,,,,
234,11,6,53336,53336,53336,fan,,,,,,,
234,12,6,62264,62264,62264,fan,,,,,,,
234,13,7,83808,83808,83808,fan,,,,,,,
234,14,7,95664,95664,95664,fan,,,,,,,
234,15,8,123976,123976,123976,fan,,,,,,,
234,16,8,139408,139408,139408,fan,,,,,,,
234,17,9,175130,175130,175130,fan,,,,,,,
234,18,9,194340,194340,194340,fan,,,,,,,
234,19,10,238540,238540,238540,fan,,,,,,,
234,20,10,262160,262160,262160,fan,,,,,,,
234,21,11,315464,315464,315464,fan,,,,,,,
234,22,11,343688,343688,343688,fan,,,,,,,
234,23,11,494978,494978,494978,baseline,,,,,,,
234,24,12,440584,440584,440584,fan,,,,,,,
234,25,12,604156,604156,604156,baseline,,,,,,,
234,26,13,553644,553644,553644,fan,,,,,,,
234,27,13,729514,729514,729514,baseline,,,,,,,
234,28,14,684488,684488,684488,fan,,,,,,,
234,29,14,872264,872262,872262,guided,0,3,110,1,712110933,4357,323
234,30,15,833888,833888,833888,fan,,,,,,,
234,31,15,1033606,1033594,1033594,guided,0,3,110,1,871684435,4526,344
234,32,15,1268120,1268120,1268120,baseline,,,,,,,
234,33,16,1214738,1214694,1214694,guided,0,3,110,1,1054093579,4558,300
234,34,16,1464284,1464284,1464284,baseline,,,,,,,
234,35,17,1416814,1416726,1416726,guided,0,3,110,1,1258193252,4394,274
234,36,17,1681276,1681276,1681276,baseline,,,,,,,
234,37,18,1640990,1640840,1640840,guided,0,3,110,1,1490445496,3464,157
234,38,18,1920276,1920276,1920276,baseline,,,,,,,
234,39,18,2212996,2212996,2212996,baseline,,,,,,,
234,40,19,2182404,2182384,2182384,guided,0,3,110,1,1792584700,3612,352
234,41,19,2490590,2490590,2490590,baseline,,,,,,,
234,42,20,2468828,2468760,2468760,guided,0,3,110,1,2086587421,3765,399
234,43,20,2792334,2792334,2792334,baseline,,,,,,,
234,44,21,2780616,2780460,2780460,guided,0,3,110,1,2404641934,3834,386
234,45,21,3119322,3119322,3119322,baseline,,,,,,,
234,46,21,3467184,3467184,3467184,baseline,,,,,,,
235,1,1,235,235,235,fan,,,,,,,
235,2,1,470,470,470,fan,,,,,,,
235,3,2,2109,2109,2109,fan,,,,,,,
235,4,2,3278,3278,3278,fan,,,,,,,
235,5,3,7014,7014,7014,fan,,,,,,,
235,6,3,9344,9344,9344,fan,,,,,,,
235,7,4,16322,16322,16322,fan,,,,,,,
235,8,4,20496,20496,20496,fan,,,,,,,
235,9,5,31393,31393,31393,fan,,,,,,,
235,10,5,37630,37630,37630,fan,,,,,,,
235,11,6,53567,53567,53567,fan,,,,,,,
235,12,6,62534,62534,62534,fan,,,,,,,
235,13,7,84172,84172,84172,fan,,,,,,,
235,14,7,96080,96080,96080,fan,,,,,,,
235,15,8,124516,124516,124516,fan,,,,,,,
235,16,8,140016,140016,140016,fan,,,,,,,
235,17,9,175895,175895,175895,fan,,,,,,,
235,18,9,195190,195190,195190,fan,,,,,,,
235,19,10,239585,239585,239585,fan,,,,,,,
235,20,10,263310,263310,263310,fan,,,,,,,
235,21,11,316850,316850,316850,fan,,,,,,,
235,22,11,345200,345200,345200,fan,,,,,,,
235,23,11,497813,497813,497813,baseline,,,,,,,
235,24,12,442528,442528,442528,fan,,,,,,,
235,25,12,607536,607536,607536,baseline,,,,,,,
235,26,13,556094,556094,556094,fan,,,,,,,
235,27,13,733513,733513,733513,baseline,,,,,,,
235,28,14,687526,687526,687526,fan,,,,,,,
235,29,14,876963,876960,876960,guided,0,3,110,1,1066578498,6551,460
235,30,15,837600,837600,837600,fan,,,,,,,
235,31,15,1039091,1039078,1039078,guided,0,3,110,1,1312327029,6823,535
235,32,15,1275578,1275578,1275578,baseline,,,,,,,
235,33,16,1221091,1221053,1221053,guided,0,3,110,1,1585751616,6902,469
235,34,16,1472734,1472734,1472734,baseline,,,,,,,
235,35,17,1424140,1424060,1424060,guided,0,3,110,1,1894366764,6627,397
235,36,17,1690848,1690848,1690848,baseline,,,,,,,
235,37,18,1649392,1649251,1649251,guided,0,3,110,1,2241900632,5410,249
235,38,18,1931040,1931040,1931040,baseline,,,,,,,
235,39,18,2226212,2226212,2226212,baseline,,,,,,,
235,40,19,2194496,2194482,2194482,guided,2,3,110,1,1800611388,3711,567
235,41,19,2505260,2505260,2505260,baseline,,,,,,,
235,42,20,2482326,2482270,2482270,guided,0,3,110,1,2091653206,3776,400
235,43,20,2808573,2808573,2808573,baseline,,,,,,,
235,44,21,2795682,2795544,2795544,guided,0,3,110,1,2414168501,3846,389
235,45,21,3137254,3137254,3137254,baseline,,,,,,,
235,46,21,3488032,3488032,3488032,baseline,,,,,,,
235,47,22,3492389,3492389,3492389,baseline,,,,,,,
236,1,1,236,236,236,fan,,,,,,,
236,2,1,472,472,472,fan,,,,,,,
236,3,2,2118,2118,2118,fan,,,,,,,
236,4,2,3292,3292,3292,fan,,,,,,,
236,5,3,7044,7044,7044,fan,,,,,,,
236,6,3,9384,9384,9384,fan,,,,,,,
236,7,4,16392,16392,16392,fan,,,,,,,
236,8,4,20584,20584,20584,fan,,,,,,,
236,9,5,31528,31528,31528,fan,,,,,,,
236,10,5,37792,37792,37792,fan,,,,,,,
236,11,6,53798,53798,53798,fan,,,,,,,
236,12,6,62804,62804,62804,fan,,,,,,,
236,13,7,84536,84536,84536,fan,,,,,,,
236,14,7,96496,96496,96496,fan,,,,,,,
236,15,8,125056,125056,125056,fan,,,,,,,
236,16,8,140624,140624,140624,fan,,,,,,,
236,17,9,176660,176660,176660,fan,,,,,,,
236,18,9,196040,196040,196040,fan,,,,,,,
236,19,10,240630,240630,240630,fan,,,,,,,
236,20,10,264460,264460,264460,fan,,,,,,,
236,21,11,318236,318236,318236,fan,,,,,,,
236,22,11,346712,346712,346712,fan,,,,,,,
236,23,11,500648,500648,500648,baseline,,,,,,,
236,24,12,444472,444472,444472,fan,,,,,,,
236,25,12,610916,610916,610916,baseline,,,,,,,
236,26,13,558544,558544,558544,fan,,,,,,,
236,27,13,737512,737512,737512,baseline,,,,,,,
236,28,14,690564,690564,690564,fan,,,,,,,
236,29,14,881662,881658,881658,guided,0,1,110,1,715354313,4319,274
236,30,15,841312,841312,841312,fan,,,,,,,
236,31,15,1044576,1044562,1044562,guided,0,3,110,1,879887246,4554,363
236,32,15,1283036,1283036,1283036,baseline,,,,,,,
236,33,16,1227444,1227412,1227412,guided,0,1,110,1,1061929226,4591,334
236,34,16,1481216,1481216,1481216,baseline,,,,,,,
236,35,17,1431466,1431394,1431394,guided,0,3,110,1,1269100236,4414,262
236,36,17,1700420,1700420,1700420,baseline,,,,,,,
236,37,18,1657794,1657662,1657662,guided,0,1,110,1,1504047618,3494,162
236,38,18,1941840,1941840,1941840,baseline,,,,,,,
236,39,18,2239454,2239454,2239454,baseline,,,,,,,
236,40,19,2206588,2206580,2206580,guided,2,3,110,1,1806096836,3720,574
236,41,19,2519956,2519956,2519956,baseline,,,,,,,
236,42,20,2495864,2495820,2495820,guided,0,3,110,1,2102828746,3785,393
236,43,20,2824840,2824840,2824840,baseline,,,,,,,
236,44,21,2810748,2810628,2810628,guided,0,3,110,1,2423693756,3858,392
236,45,21,3155214,3155214,3155214,baseline,,,,,,,
236,46,21,3508920,3508920,3508920,baseline,,,,,,,
236,47,22,3512170,3512170,3512170,baseline,,,,,,,
237,1,1,237,237,237,fan,,,,,,,
237,2,1,474,474,474,fan,,,,,,,
237,3,2,2127,2127,2127,fan,,,,,,,
237,4,2,3306,3306,3306,fan,,,,,,,
237,5,3,7074,7074,7074,fan,,,,,,,
237,6,3,9424,9424,9424,fan,,,,,,,
237,7,4,16462,16462,16462,fan,,,,,,,
237,8,4,20672,20672,20672,fan,,,,,,,
237,9,5,31663,31663,31663,fan,,,,,,,
237,10,5,37954,37954,37954,fan,,,,,,,
237,11,6,54029,54029,54029,fan,,,,,,,
237,12,6,63074,63074,63074,fan,,,,,,,
237,13,7,84900,84900,84900,fan,,,,,,,
237,14,7,96912,96912,96912,fan,,,,,,,
237,15,8,125596,125596,125596,fan,,,,,,,
237,16,8,141232,141232,141232,fan,,,,,,,
237,17,9,177425,177425,177425,fan,,,,,,,
237,18,9,196890,196890,196890,fan,,,,,,,
237,19,10,241675,241675,241675,fan,,,,,,,
237,20,10,265610,265610,265610,fan,,,,,,,
237,21,11,319622,319622,319622,fan,,,,,,,
237,22,11,348224,348224,348224,fan,,,,,,,
237,23,11,503494,503494,503494,baseline,,,,,,,
237,24,12,446416,446416,446416,fan,,,,,,,
237,25,12,614308,614308,614308,baseline,,,,,,,
237,26,13,560994,560994,560994,fan,,,,,,,
237,27,13,741524,741524,741524,baseline,,,,,,,
237,28,14,693602,693602,693602,fan,,,,,,,
237,29,14,886374,886371,886371,guided,0,1,110,1,1076248098,6542,460
237,30,15,845024,845024,845024,fan,,,,,,,
237,31,15,1050076,1050061,1050061,guided,0,1,110,1,1324417620,6881,554
237,32,15,1290524,1290524,1290524,baseline,,,,,,,
237,33,16,1233823,1233789,1233789,guided,0,1,110,1,1598778446,6918,488
237,34,16,1489698,1489698,1489698,baseline,,,,,,,
237,35,17,1438809,1438745,1438745,guided,0,1,110,1,1910794901,6707,391
237,36,17,1710026,1710026,1710026,baseline,,,,,,,
237,37,18,1666231,1666092,1666092,guided,0,1,110,1,2261993843,5256,242
237,38,18,1952640,1952640,1952640,baseline,,,,,,,
237,39,18,2252726,2252726,2252726,baseline,,,,,,,
237,40,19,2218730,2218720,2218720,guided,2,3,110,1,1817643508,3726,580
237,41,19,2534686,2534686,2534686,baseline,,,,,,,
237,42,20,2509426,2509374,2509374,guided,0,3,110,1,2110907879,3789,395
237,43,20,2841142,2841142,2841142,baseline,,,,,,,
237,44,21,2825862,2825758,2825758,guided,0,3,110,1,2431681028,3861,389
237,45,21,3173210,3173210,3173210,baseline,,,,,,,
237,46,21,3529856,3529856,3529856,baseline,,,,,,,
237,47,22,3531989,3531989,3531989,baseline,,,,,,,
238,1,1,238,238,238,fan,,,,,,,
238,2,1,476,476,476,fan,,,,,,,
238,3,2,2136,2136,2136,fan,,,,,,,
238,4,2,3320,3320,3320,fan,,,,,,,
238,5,3,7104,7104,7104,fan,,,,,,,
238,6,3,9464,9464,9464,fan,,,,,,,
238,7,4,16532,16532,16532,fan,,,,,,,
238,8,4,20760,20760,20760,fan,,,,,,,
238,9,5,31798,31798,31798,fan,,,,,,,
238,10,5,38116,38116,38116,fan,,,,,,,
238,11,6,54260,54260,54260,fan,,,,,,,
238,12,6,63344,63344,63344,fan,,,,,,,
238,13,7,85264,85264,85264,fan,,,,,,,
238,14,7,97328,97328,97328,fan,,,,,,,
238,15,8,126136,126136,126136,fan,,,,,,,
238,16,8,141840,141840,141840,fan,,,,,,,
238,17,9,178190,178190,178190,fan,,,,,,,
238,18,9,197740,197740,197740,fan,,,,,,,
238,19,10,242720,242720,242720,fan,,,,,,,
238,20,10,266760,266760,266760,fan,,,,,,,
238,21,11,321008,321008,321008,fan,,,,,,,
238,22,11,349736,349736,349736,fan,,,,,,,
238,23,11,506340,506340,506340,baseline,,,,,,,
238,24,12,448360,448360,448360,fan,,,,,,,
238,25,12,617700,617700,617700,baseline,,,,,,,
238,26,13,563444,563444,563444,fan,,,,,,,
238,27,13,745536,745536,745536,baseline,,,,,,,
238,28,14,696640,696640,696640,fan,,,,,,,
238,29,14,891086,891084,891084,guided,0,3,110,1,718116163,4354,323
238,30,15,848736,848736,848736,fan,,,,,,,
238,31,15,1055576,1055560,1055560,guided,0,3,110,1,886657803,4582,382
238,32,15,1298012,1298012,1298012,baseline,,,,,,,
238,33,16,1240202,1240166,1240166,guided,0,3,110,1,1071933524,4614,320
238,34,16,1498212,1498212,1498212,baseline,,,,,,,
238,35,17,1446152,1446096,1446096,guided,0,3,110,1,1280426602,4434,256
238,36,17,1719632,1719632,1719632,baseline,,,,,,,
238,37,18,1674668,1674522,1674522,guided,0,3,110,1,1513691742,3500,161
238,38,18,1963476,1963476,1963476,baseline,,,,,,,
238,39,18,2266024,2266024,2266024,baseline,,,,,,,
238,40,19,2230872,2230860,2230860,guided,0,3,110,1,1825989726,3640,386
238,41,19,2549440,2549440,2549440,baseline,,,,,,,
238,42,20,2523028,2522968,2522968,guided,0,3,110,1,2119151750,3801,405
238,43,20,2857472,2857472,2857472,baseline,,,,,,,
238,44,21,2840976,2840888,2840888,guided,0,3,110,1,2448124888,3870,386
238,45,21,3191236,3191236,3191236,baseline,,,,,,,
238,46,21,3550832,3550832,3550832,baseline,,,,,,,
238,47,22,3551838,3551838,3551838,baseline,,,,,,,
239,1,1,239,239,239,fan,,,,,,,
239,2,1,478,478,478,fan,,,,,,,
239,3,2,2145,2145,2145,fan,,,,,,,
239,4,2,3334,3334,3334,fan,,,,,,,
239,5,3,7134,7134,7134,fan,,,,,,,
239,6,3,9504,9504,9504,fan,,,,,,,
239,7,4,16602,16602,16602,fan,,,,,,,
239,8,4,20848,20848,20848,fan,,,,,,,
239,9,5,31933,31933,31933,fan,,,,,,,
239,10,5,38278,38278,38278,fan,,,,,,,
239,11,6,54491,54491,54491,fan,,,,,,,
239,12,6,63614,63614,63614,fan,,,,,,,
239,13,7,85628,85628,85628,fan,,,,,,,
239,14,7,97744,97744,97744,fan,,,,,,,
239,15,8,126676,126676,126676,fan,,,,,,,
239,16,8,142448,142448,142448,fan,,,,,,,
239,17,9,178955,178955,178955,fan,,,,,,,
239,18,9,198590,198590,198590,fan,,,,,,,
239,19,10,243765,243765,243765,fan,,,,,,,
239,20,10,267910,267910,267910,fan,,,,,,,
239,21,11,322394,322394,322394,fan,,,,,,,
239,22,11,351248,351248,351248,fan,,,,,,,
239,23,11,509197,509197,509197,baseline,,,,,,,
239,24,12,450304,450304,450304,fan,,,,,,,
239,25,12,621104,621104,621104,baseline,,,,,,,
239,26,13,565894,565894,565894,fan,,,,,,,
239,27,13,749562,749562,749562,baseline,,,,,,,
239,28,14,699678,699678,699678,fan,,,,,,,
239,29,14,895812,895811,895811,guided,0,3,110,1,1068751442,6559,509
239,30,15,852448,852448,852448,fan,,,,,,,
239,31,15,1061087,1061074,1061074,guided,0,3,110,1,1335763654,6873,531
239,32,15,1305532,1305532,1305532,baseline,,,,,,,
239,33,16,1246597,1246559,1246559,guided,0,3,110,1,1613562378,6981,472
239,34,16,1506728,1506728,1506728,baseline,,,,,,,
239,35,17,1453525,1453465,1453465,guided,0,3,110,1,1926676687,6691,376
239,36,17,1729274,1729274,1729274,baseline,,,,,,,
239,37,18,1683123,1682970,1682970,guided,0,3,110,1,2280434261,5667,251
239,38,18,1974314,1974314,1974314,baseline,,,,,,,
239,39,18,2279353,2279353,2279353,baseline,,,,,,,
239,40,19,2243046,2243040,2243040,guided,0,3,110,1,1832077935,3647,384
239,41,19,2564230,2564230,2564230,baseline,,,,,,,
239,42,20,2536612,2536564,2536564,guided,0,3,110,1,2125155811,3804,404
239,43,20,2873835,2873835,2873835,baseline,,,,,,,
239,44,21,2856154,2856062,2856062,guided,0,3,110,1,2456371551,3881,388
239,45,21,3209297,3209297,3209297,baseline,,,,,,,
239,46,21,3571856,3571856,3571856,baseline,,,,,,,
239,47,22,3571726,3571726,3571726,baseline,,,,,,,
240,1,1,240,240,240,fan,,,,,,,
240,2,1,480,480,480,fan,,,,,,,
240,3,2,2154,2154,2154,fan,,,,,,,
240,4,2,3348,3348,3348,fan,,,,,,,
240,5,3,7164,7164,7164,fan,,,,,,,
240,6,3,9544,9544,9544,fan,,,,,,,
240,7,4,16672,16672,16672,fan,,,,,,,
240,8,4,20936,20936,20936,fan,,,,,,,
240,9,5,32068,32068,32068,fan,,,,,,,
240,10,5,38440,38440,38440,fan,,,,,,,
240,11,6,54722,54722,54722,fan,,,,,,,
240,12,6,63884,63884,63884,fan,,,,,,,
240,13,7,85992,85992,85992,fan,,,,,,,
240,14,7,98160,98160,98160,fan,,,,,,,
240,15,8,127216,127216,127216,fan,,,,,,,
240,16,8,143056,143056,143056,fan,,,,,,,
240,17,9,179720,179720,179720,fan,,,,,,,
240,18,9,199440,199440,199440,fan,,,,,,,
240,19,10,244810,244810,244810,fan,,,,,,,
240,20,10,269060,269060,269060,fan,,,,,,,
240,21,11,323780,323780,323780,fan,,,,,,,
240,22,11,352760,352760,352760,fan,,,,,,,
240,23,11,512054,512054,512054,baseline,,,,,,,
240,24,12,452248,452248,452248,fan,,,,,,,
240,25,12,624508,624508,624508,baseline,,,,,,,
240,26,13,568344,568344,568344,fan,,,,,,,
240,27,13,753588,753588,753588,baseline,,,,,,,
240,28,14,702716,702716,702716,fan,,,,,,,
240,29,14,900538,900538,900538,baseline,,,,,,,
240,30,15,856160,856160,856160,fan,,,,,,,
240,31,15,1066598,1066588,1066588,guided,0,3,110,1,894419498,4570,340
240,32,15,1313052,1313052,1313052,baseline,,,,,,,
240,33,16,1252992,1252952,1252952,guided,0,1,110,1,1080339079,4632,304
240,34,16,1515276,1515276,1515276,baseline,,,,,,,
240,35,17,1460898,1460834,1460834,guided,0,3,110,1,1290591447,4460,249
240,36,17,1738916,1738916,1738916,baseline,,,,,,,
240,37,18,1691578,1691418,1691418,guided,0,1,110,1,1526236914,3704,168
240,38,18,1985188,1985188,1985188,baseline,,,,,,,
240,39,18,2292706,2292706,2292706,baseline,,,,,,,
240,40,19,2255220,2255220,2255220,baseline,,,,,,,
240,41,19,2579044,2579044,2579044,baseline,,,,,,,
240,42,20,2550236,2550200,2550200,guided,0,3,110,1,2138377937,3813,403
240,43,20,2890228,2890228,2890228,baseline,,,,,,,
240,44,21,2871332,2871236,2871236,guided,0,3,110,1,2464633866,3892,390
240,45,21,3227388,3227388,3227388,baseline,,,,,,,
240,46,21,3592920,3592920,3592920,baseline,,,,,,,
240,47,22,3591642,3591642,3591642,baseline,,,,,,,
240,48,22,3973580,3973580,3973580,baseline,,,,,,,
241,1,1,241,241,241,fan,,,,,,,
241,2,1,482,482,482,fan,,,,,,,
241,3,2,2163,2163,2163,fan,,,,,,,
241,4,2,3362,3362,3362,fan,,,,,,,
241,5,3,7194,7194,7194,fan,,,,,,,
241,6,3,9584,9584,9584,fan,,,,,,,
241,7,4,16742,16742,16742,fan,,,,,,,
241,8,4,21024,21024,21024,fan,,,,,,,
241,9,5,32203,32203,32203,fan,,,,,,,
241,10,5,38602,38602,38602,fan,,,,,,,
241,11,6,54953,54953,54953,fan,,,,,,,
241,12,6,64154,64154,64154,fan,,,,,,,
241,13,7,86356,86356,86356,fan,,,,,,,
241,14,7,98576,98576,98576,fan,,,,,,,
241,15,8,127756,127756,127756,fan,,,,,,,
241,16,8,143664,143664,143664,fan,,,,,,,
241,17,9,180485,180485,180485,fan,,,,,,,
241,18,9,200290,200290,200290,fan,,,,,,,
241,19,10,245855,245855,245855,fan,,,,,,,
241,20,10,270210,270210,270210,fan,,,,,,,
241,21,11,325166,325166,325166,fan,,,,,,,
241,22,11,354272,354272,354272,fan,,,,,,,
241,23,11,514922,514922,514922,baseline,,,,,,,
241,24,12,454192,454192,454192,fan,,,,,,,
241,25,12,627925,627925,627925,baseline,,,,,,,
241,26,13,570794,570794,570794,fan,,,,,,,
241,27,13,757627,757627,757627,baseline,,,,,,,
241,28,14,705754,705754,705754,fan,,,,,,,
241,29,14,905279,905279,905279,baseline,,,,,,,
241,30,15,859872,859872,859872,fan,,,,,,,
241,31,15,1072124,1072117,1072117,guided,0,1,110,1,1344653682,6870,489
241,32,16,1034784,1034784,1034784,fan,,,,,,,
241,33,16,1259396,1259362,1259362,guided,0,1,110,1,1626533386,6993,480
241,34,16,1523824,1523824,1523824,baseline,,,,,,,
241,35,17,1468288,1468220,1468220,guided,0,1,110,1,1942005700,6764,374
241,36,17,1748592,1748592,1748592,baseline,,,,,,,
241,37,18,1700033,1699886,1699886,guided,0,1,110,1,2299518398,5702,279
241,38,18,1996062,1996062,1996062,baseline,,,,,,,
241,39,19,1955727,1955532,1955532,guided,0,1,110,1,2694889049,5310,256
241,40,19,2267440,2267438,2267438,guided,1,3,110,1,1844241632,3748,375
241,41,19,2593892,2593892,2593892,baseline,,,,,,,
241,42,20,2563880,2563840,2563840,guided,0,3,110,1,2146434673,3817,404
241,43,20,2906653,2906653,2906653,baseline,,,,,,,
241,44,21,2886536,2886456,2886456,guided,0,3,110,1,2475468643,3913,401
241,45,21,3245515,3245515,3245515,baseline,,,,,,,
241,46,21,3614032,3614032,3614032,baseline,,,,,,,
241,47,22,3611599,3611599,3611599,baseline,,,,,,,
241,48,22,3996658,3996658,3996658,baseline,,,,,,,
242,1,1,242,242,242,fan,,,,,,,
242,2,1,484,484,484,fan,,,,,,,
242,3,2,2172,2172,2172,fan,,,,,,,
242,4,2,3376,3376,3376,fan,,,,,,,
242,5,3,7224,7224,7224,fan,,,,,,,
242,6,3,9624,9624,9624,fan,,,,,,,
242,7,4,16812,16812,16812,fan,,,,,,,
242,8,4,21112,21112,21112,fan,,,,,,,
242,9,5,32338,32338,32338,fan,,,,,,,
242,10,5,38764,38764,38764,fan,,,,,,,
242,11,6,55184,55184,55184,fan,,,,,,,
242,12,6,64424,64424,64424,fan,,,,,,,
242,13,7,86720,86720,86720,fan,,,,,,,
242,14,7,98992,98992,98992,fan,,,,,,,
242,15,8,128296,128296,128296,fan,,,,,,,
242,16,8,144272,144272,144272,fan,,,,,,,
242,17,9,181250,181250,181250,fan,,,,,,,
242,18,9,201140,201140,201140,fan,,,,,,,
242,19,10,246900,246900,246900,fan,,,,,,,
242,20,10,271360,271360,271360,fan,,,,,,,
242,21,11,326552,326552,326552,fan,,,,,,,
242,22,11,355784,355784,355784,fan,,,,,,,
242,23,11,517790,517790,517790,baseline,,,,,,,
242,24,12,456136,456136,456136,fan,,,,,,,
242,25,12,631342,631342,631342,baseline,,,,,,,
242,26,13,573244,573244,573244,fan,,,,,,,
242,27,13,761666,761666,761666,baseline,,,,,,,
242,28,14,708792,708792,708792,fan,,,,,,,
242,29,14,910020,910020,910020,baseline,,,,,,,
242,30,15,863584,863584,863584,fan,,,,,,,
242,31,15,1077650,1077646,1077646,guided,0,3,110,1,901619203,4552,298
242,32,16,1039264,1039264,1039264,fan,,,,,,,
242,33,16,1265800,1265772,1265772,guided,0,3,110,1,1089063118,4665,328
242,34,16,1532404,1532404,1532404,baseline,,,,,,,
242,35,17,1475678,1475606,1475606,guided,0,3,110,1,1301510151,4483,242
242,36,17,1758268,1758268,1758268,baseline,,,,,,,
242,37,18,1708488,1708354,1708354,guided,0,3,110,1,1540642186,3737,184
242,38,18,2006972,2006972,2006972,baseline,,,,,,,
242,39,19,1965386,1965190,1965190,guided,0,3,110,1,1807226286,3555,172
242,40,19,2279660,2279656,2279656,guided,1,3,110,1,1857949154,3764,378
242,41,19,2608766,2608766,2608766,baseline,,,,,,,
242,42,20,2577560,2577520,2577520,guided,0,3,110,1,2155360074,3825,405
242,43,20,2923108,2923108,2923108,baseline,,,,,,,
242,44,21,2901740,2901676,2901676,guided,0,3,110,1,2486269756,3934,412
242,45,21,3263670,3263670,3263670,baseline,,,,,,,
242,46,21,3635184,3635184,3635184,baseline,,,,,,,
242,47,22,3631584,3631584,3631584,baseline,,,,,,,
242,48,22,4019784,4019784,4019784,baseline,,,,,,,
243,1,1,243,243,243,fan,,,,,,,
243,2,1,486,486,486,fan,,,,,,,
243,3,2,2181,2181,2181,fan,,,,,,,
243,4,2,3390,3390,3390,fan,,,,,,,
243,5,3,7254,7254,7254,fan,,,,,,,
243,6,3,9664,9664,9664,fan,,,,,,,
243,7,4,16882,16882,16882,fan,,,,,,,
243,8,4,21200,21200,21200,fan,,,,,,,
243,9,5,32473,32473,32473,fan,,,,,,,
243,10,5,38926,38926,38926,fan,,,,,,,
243,11,6,55415,55415,55415,fan,,,,,,,
243,12,6,64694,64694,64694,fan,,,,,,,
243,13,7,87084,87084,87084,fan,,,,,,,
243,14,7,99408,99408,99408,fan,,,,,,,
243,15,8,128836,128836,128836,fan,,,,,,,
243,16,8,144880,144880,144880,fan,,,,,,,
243,17,9,182015,182015,182015,fan,,,,,,,
243,18,9,201990,201990,201990,fan,,,,,,,
243,19,10,247945,247945,247945,fan,,,,,,,
243,20,10,272510,272510,272510,fan,,,,,,,
243,21,11,327938,327938,327938,fan,,,,,,,
243,22,11,357296,357296,357296,fan,,,,,,,
243,23,12,423286,423286,423286,fan,,,,,,,
243,24,12,458080,458080,458080,fan,,,,,,,
243,25,12,634771,634771,634771,baseline,,,,,,,
243,26,13,575694,575694,575694,fan,,,,,,,
243,27,13,765718,765718,765718,baseline,,,,,,,
243,28,14,711830,711830,711830,fan,,,,,,,
243,29,14,914775,914775,914775,baseline,,,,,,,
243,30,15,867296,867296,867296,fan,,,,,,,
243,31,15,1083196,1083191,1083191,guided,0,3,110,1,1357771306,6858,464
243,32,16,1043744,1043744,1043744,fan,,,,,,,
243,33,16,1272220,1272198,1272198,guided,0,3,110,1,1639406906,7059,504
243,34,16,1540986,1540986,1540986,baseline,,,,,,,
243,35,17,1483087,1483011,1483011,guided,0,3,110,1,1958410882,6780,363
243,36,17,1767980,1767980,1767980,baseline,,,,,,,
243,37,18,1716961,1716840,1716840,guided,0,3,110,1,2316394281,5897,298
243,38,18,2017884,2017884,2017884,baseline,,,,,,,
243,39,19,1975072,1974868,1974868,guided,0,3,110,1,2723399001,5345,261
243,40,19,2291916,2291914,2291914,guided,1,3,110,1,1863469221,3768,379
243,41,19,2623673,2623673,2623673,baseline,,,,,,,
243,42,20,2591230,2591202,2591202,guided,0,3,110,1,2161484596,3827,406
243,43,20,2939596,2939596,2939596,baseline,,,,,,,
243,44,21,2917012,2916940,2916940,guided,0,3,110,1,2495029463,3938,407
243,45,21,3281863,3281863,3281863,baseline,,,,,,,
243,46,21,3656384,3656384,3656384,baseline,,,,,,,
243,47,22,3651608,3651608,3651608,baseline,,,,,,,
243,48,22,4042954,4042954,4042954,baseline,,,,,,,
244,1,1,244,244,244,fan,,,,,,,
244,2,1,488,488,488,fan,,,,,,,
244,3,2,2190,2190,2190,fan,,,,,,,
244,4,2,3404,3404,3404,fan,,,,,,,
244,5,3,7284,7284,7284,fan,,,,,,,
244,6,3,9704,9704,9704,fan,,,,,,,
244,7,4,16952,16952,16952,fan,,,,,,,
244,8,4,21288,21288,21288,fan,,,,,,,
244,9,5,32608,32608,32608,fan,,,,,,,
244,10,5,39088,39088,39088,fan,,,,,,,
244,11,6,55646,55646,55646,fan,,,,,,,
244,12,6,64964,64964,64964,fan,,,,,,,
244,13,7,87448,87448,87448,fan,,,,,,,
244,14,7,99824,99824,99824,fan,,,,,,,
244,15,8,129376,129376,129376,fan,,,,,,,
244,16,8,145488,145488,145488,fan,,,,,,,
244,17,9,182780,182780,182780,fan,,,,,,,
244,18,9,202840,202840,202840,fan,,,,,,,
244,19,10,248990,248990,248990,fan,,,,,,,
244,20,10,273660,273660,273660,fan,,,,,,,
244,21,11,329324,329324,329324,fan,,,,,,,
244,22,11,358808,358808,358808,fan,,,,,,,
244,23,12,425080,425080,425080,fan,,,,,,,
244,24,12,460024,460024,460024,fan,,,,,,,
244,25,12,638200,638200,638200,baseline,,,,,,,
244,26,13,578144,578144,578144,fan,,,,,,,
244,27,13,769770,769770,769770,baseline,,,,,,,
244,28,14,714868,714868,714868,fan,,,,,,,
244,29,14,919530,919530,919530,baseline,,,,,,,
244,30,15,871008,871008,871008,fan,,,,,,,
244,31,15,1088742,1088736,1088736,guided,0,3,110,1,909133015,4573,315
244,32,16,1048224,1048224,1048224,fan,,,,,,,
244,33,16,1278640,1278624,1278624,guided,0,1,110,1,1097627105,4695,352
244,34,16,1549600,1549600,1549600,baseline,,,,,,,
244,35,17,1490496,1490416,1490416,guided,0,3,110,1,1312288588,4526,243
244,36,17,1777692,1777692,1777692,baseline,,,,,,,
244,37,18,1725434,1725326,1725326,guided,0,1,110,1,1551880233,3852,186
244,38,18,2028832,2028832,2028832,baseline,,,,,,,
244,39,19,1984758,1984546,1984546,guided,0,3,110,1,1822794358,3569,175
244,40,19,2304172,2304172,2304172,baseline,,,,,,,
244,41,19,2638606,2638606,2638606,baseline,,,,,,,
244,42,20,2604940,2604924,2604924,guided,0,3,110,1,2174366354,3833,408
244,43,20,2956112,2956112,2956112,baseline,,,,,,,
244,44,21,2932284,2932204,2932204,guided,0,3,110,1,2503761844,3942,402
244,45,21,3300084,3300084,3300084,baseline,,,,,,,
244,46,21,3677624,3677624,3677624,baseline,,,,,,,
244,47,22,3671662,3671662,3671662,baseline,,,,,,,
244,48,22,4066172,4066172,4066172,baseline,,,,,,,
245,1,1,245,245,245,fan,,,,,,,
245,2,1,490,490,490,fan,,,,,,,
245,3,2,2199,2199,2199,fan,,,,,,,
245,4,2,3418,3418,3418,fan,,,,,,,
245,5,3,7314,7314,7314,fan,,,,,,,
245,6,3,9744,9744,9744,fan,,,,,,,
245,7,4,17022,17022,17022,fan,,,,,,,
245,8,4,21376,21376,21376,fan,,,,,,,
245,9,5,32743,32743,32743,fan,,,,,,,
245,10,5,39250,39250,39250,fan,,,,,,,
245,11,6,55877,55877,55877,fan,,,,,,,
245,12,6,65234,65234,65234,fan,,,,,,,
245,13,7,87812,87812,87812,fan,,,,,,,
245,14,7,100240,100240,100240,fan,,,,,,,
245,15,8,129916,129916,129916,fan,,,,,,,
245,16,8,146096,146096,146096,fan,,,,,,,
245,17,9,183545,183545,183545,fan,,,,,,,
245,18,9,203690,203690,203690,fan,,,,,,,
245,19,10,250035,250035,250035,fan,,,,,,,
245,20,10,274810,274810,274810,fan,,,,,,,
245,21,11,330710,330710,330710,fan,,,,,,,
245,22,11,360320,360320,360320,fan,,,,,,,
245,23,12,426874,426874,426874,fan,,,,,,,
245,24,12,461968,461968,461968,fan,,,,,,,
245,25,12,641641,641641,641641,baseline,,,,,,,
245,26,13,580594,580594,580594,fan,,,,,,,
245,27,13,773835,773835,773835,baseline,,,,,,,
245,28,14,717906,717906,717906,fan,,,,,,,
245,29,14,924300,924300,924300,baseline,,,,,,,
245,30,15,874720,874720,874720,fan,,,,,,,
245,31,15,1094303,1094296,1094296,guided,0,1,110,1,1368831944,6900,481
245,32,16,1052704,1052704,1052704,fan,,,,,,,
245,33,16,1285084,1285066,1285066,guided,0,1,110,1,1652914412,7058,506
245,34,16,1558214,1558214,1558214,baseline,,,,,,,
245,35,17,1497922,1497838,1497838,guided,0,1,110,1,1974346173,6871,373
245,36,17,1787438,1787438,1787438,baseline,,,,,,,
245,37,18,1733946,1733831,1733831,guided,0,1,110,1,2335443132,5908,293
245,38,18,2039780,2039780,2039780,baseline,,,,,,,
245,39,19,1994463,1994243,1994243,guided,0,1,110,1,2741145206,5362,264
245,40,19,2316470,2316468,2316468,guided,1,3,110,1,1878178951,3776,381
245,41,19,2653573,2653573,2653573,baseline,,,,,,,
245,42,20,2618666,2618646,2618646,guided,0,3,110,1,2179434181,3834,409
245,43,20,2972663,2972663,2972663,baseline,,,,,,,
245,44,21,2947578,2947514,2947514,guided,0,3,110,1,2514678776,3951,406
245,45,21,3318341,3318341,3318341,baseline,,,,,,,
245,46,21,3698912,3698912,3698912,baseline,,,,,,,
245,47,22,3691754,3691754,3691754,baseline,,,,,,,
245,48,22,4089434,4089434,4089434,baseline,,,,,,,
245,49,23,4094039,4094032,4094032,guided,1,1,110,1,5017123583,6517,866
246,1,1,246,246,246,fan,,,,,,,
246,2,1,492,492,492,fan,,,,,,,
246,3,2,2208,2208,2208,fan,,,,,,,
246,4,2,3432,3432,3432,fan,,,,,,,
246,5,3,7344,7344,7344,fan,,,,,,,
246,6,3,9784,9784,9784,fan,,,,,,,
246,7,4,17092,17092,17092,fan,,,,,,,
246,8,4,21464,21464,21464,fan,,,,,,,
246,9,5,32878,32878,32878,fan,,,,,,,
246,10,5,39412,39412,39412,fan,,,,,,,
246,11,6,56108,56108,56108,fan,,,,,,,
246,12,6,65504,65504,65504,fan,,,,,,,
246,13,7,88176,88176,88176,fan,,,,,,,
246,14,7,100656,100656,100656,fan,,,,,,,
246,15,8,130456,130456,130456,fan,,,,,,,
246,16,8,146704,146704,146704,fan,,,,,,,
246,17,9,184310,184310,184310,fan,,,,,,,
246,18,9,204540,204540,204540,fan,,,,,,,
246,19,10,251080,251080,251080,fan,,,,,,,
246,20,10,275960,275960,275960,fan,,,,,,,
246,21,11,332096,332096,332096,fan,,,,,,,
246,22,11,361832,361832,361832,fan,,,,,,,
246,23,12,428668,428668,428668,fan,,,,,,,
246,24,12,463912,463912,463912,fan,,,,,,,
246,25,12,645082,645082,645082,baseline,,,,,,,
246,26,13,583044,583044,583044,fan,,,,,,,
246,27,13,777900,777900,777900,baseline,,,,,,,
246,28,14,720944,720944,720944,fan,,,,,,,
246,29,14,929070,929070,929070,baseline,,,,,,,
246,30,15,878432,878432,878432,fan,,,,,,,
246,31,15,1099864,1099856,1099856,guided,0,3,110,1,916311955,4594,332
246,32,16,1057184,1057184,1057184,fan,,,,,,,
246,33,16,1291528,1291508,1291508,guided,0,3,110,1,1108336129,4703,330
246,34,16,1566860,1566860,1566860,baseline,,,,,,,
246,35,17,1505348,1505260,1505260,guided,0,3,110,1,1322430288,4566,244
246,36,17,1797184,1797184,1797184,baseline,,,,,,,
246,37,18,1742458,1742336,1742336,guided,0,3,110,1,1564593460,3930,196
246,38,18,2050764,2050764,2050764,baseline,,,,,,,
246,39,19,2004168,2003940,2003940,guided,0,3,110,1,1835514716,3580,178
246,40,19,2328768,2328764,2328764,guided,0,3,110,1,1884088840,3666,386
246,41,19,2668564,2668564,2668564,baseline,,,,,,,
246,42,20,2632432,2632408,2632408,guided,0,3,110,1,2191871477,3835,398
246,43,20,2989242,2989242,2989242,baseline,,,,,,,
246,44,21,2962872,2962824,2962824,guided,0,3,110,1,2525632876,3960,410
246,45,21,3336628,3336628,3336628,baseline,,,,,,,
246,46,21,3720240,3720240,3720240,baseline,,,,,,,
246,47,22,3711876,3711876,3711876,baseline,,,,,,,
246,48,22,4112744,4112744,4112744,baseline,,,,,,,
246,49,23,4116128,4116124,4116124,guided,1,3,110,1,3366984889,4346,576
247,1,1,247,247,247,fan,,,,,,,
247,2,1,494,494,494,fan,,,,,,,
247,3,2,2217,2217,2217,fan,,,,,,,
247,4,2,3446,3446,3446,fan,,,,,,,
247,5,3,7374,7374,7374,fan,,,,,,,
247,6,3,9824,9824,9824,fan,,,,,,,
247,7,4,17162,17162,17162,fan,,,,,,,
247,8,4,21552,21552,21552,fan,,,,,,,
247,9,5,33013,33013,33013,fan,,,,,,,
247,10,5,39574,39574,39574,fan,,,,,,,
247,11,6,56339,56339,56339,fan,,,,,,,
247,12,6,65774,65774,65774,fan,,,,,,,
247,13,7,88540,88540,88540,fan,,,,,,,
247,14,7,101072,101072,101072,fan,,,,,,,
247,15,8,130996,130996,130996,fan,,,,,,,
247,16,8,147312,147312,147312,fan,,,,,,,
247,17,9,185075,185075,185075,fan,,,,,,,
247,18,9,205390,205390,205390,fan,,,,,,,
247,19,10,252125,252125,252125,fan,,,,,,,
247,20,10,277110,277110,277110,fan,,,,,,,
247,21,11,333482,333482,333482,fan,,,,,,,
247,22,11,363344,363344,363344,fan,,,,,,,
247,23,12,430462,430462,430462,fan,,,,,,,
247,24,12,465856,465856,465856,fan,,,,,,,
247,25,12,648535,648535,648535,baseline,,,,,,,
247,26,13,585494,585494,585494,fan,,,,,,,
247,27,13,781979,781979,781979,baseline,,,,,,,
247,28,14,723982,723982,723982,fan,,,,,,,
247,29,14,933854,933854,933854,baseline,,,,,,,
247,30,15,882144,882144,882144,fan,,,,,,,
247,31,15,1105438,1105431,1105431,guided,0,3,110,1,1380090232,6931,520
247,32,16,1061664,1061664,1061664,fan,,,,,,,
247,33,16,1297988,1297966,1297966,guided,0,3,110,1,1667542248,7090,484
247,34,16,1575508,1575508,1575508,baseline,,,,,,,
247,35,17,1512779,1512700,1512700,guided,0,3,110,1,1991042367,6882,362
247,36,17,1806966,1806966,1806966,baseline,,,,,,,
247,37,18,1750988,1750859,1750859,guided,0,3,110,1,2354628999,6148,322
247,38,18,2061750,2061750,2061750,baseline,,,,,,,
247,39,19,2013879,2013658,2013658,guided,0,3,110,1,2765177347,5392,267
247,40,19,2341102,2341100,2341100,guided,0,3,110,1,1892876685,3670,384
247,41,19,2683591,2683591,2683591,baseline,,,,,,,
247,42,20,2646188,2646172,2646172,guided,0,3,110,1,2200301932,3838,398
247,43,20,3005854,3005854,3005854,baseline,,,,,,,
247,44,21,2978230,2978178,2978178,guided,0,3,110,1,2537662302,3974,418
247,45,21,3354950,3354950,3354950,baseline,,,,,,,
247,46,21,3741616,3741616,3741616,baseline,,,,,,,
247,47,22,3732037,3732037,3732037,baseline,,,,,,,
247,48,22,4136098,4136098,4136098,baseline,,,,,,,
247,49,23,4138263,4138256,4138256,guided,1,3,110,1,5057902872,6528,868
248,1,1,248,248,248,fan,,,,,,,
248,2,1,496,496,496,fan,,,,,,,
248,3,2,2226,2226,2226,fan,,,,,,,
248,4,2,3460,3460,3460,fan,,,,,,,
248,5,3,7404,7404,7404,fan,,,,,,,
248,6,3,9864,9864,9864,fan,,,,,,,
248,7,4,17232,17232,17232,fan,,,,,,,
248,8,4,21640,21640,21640,fan,,,,,,,
248,9,5,33148,33148,33148,fan,,,,,,,
248,10,5,39736,39736,39736,fan,,,,,,,
248,11,6,56570,56570,56570,fan,,,,,,,
248,12,6,66044,66044,66044,fan,,,,,,,
248,13,7,88904,88904,88904,fan,,,,,,,
248,14,7,101488,101488,101488,fan,,,,,,,
248,15,8,131536,131536,131536,fan,,,,,,,
248,16,8,147920,147920,147920,fan,,,,,,,
248,17,9,185840,185840,185840,fan,,,,,,,
248,18,9,206240,206240,206240,fan,,,,,,,
248,19,10,253170,253170,253170,fan,,,,,,,
248,20,10,278260,278260,278260,fan,,,,,,,
248,21,11,334868,334868,334868,fan,,,,,,,
248,22,11,364856,364856,364856,fan,,,,,,,
248,23,12,432256,432256,432256,fan,,,,,,,
248,24,12,467800,467800,467800,fan,,,,,,,
248,25,12,651988,651988,651988,baseline,,,,,,,
248,26,13,587944,587944,587944,fan,,,,,,,
248,27,13,786058,786058,786058,baseline,,,,,,,
248,28,14,727020,727020,727020,fan,,,,,,,
248,29,14,938638,938638,938638,baseline,,,,,,,
248,30,15,885856,885856,885856,fan,,,,,,,
248,31,15,1111012,1111006,1111006,guided,0,3,110,1,923162614,4622,354
248,32,16,1066144,1066144,1066144,fan,,,,,,,
248,33,16,1304448,1304424,1304424,guided,0,1,110,1,1116811754,4699,308
248,34,16,1584188,1584188,1584188,baseline,,,,,,,
248,35,17,1520210,1520140,1520140,guided,0,3,110,1,1333386223,4583,239
248,36,17,1816748,1816748,1816748,baseline,,,,,,,
248,37,18,1759518,1759382,1759382,guided,0,1,110,1,1577374978,4056,226
248,38,18,2072772,2072772,2072772,baseline,,,,,,,
248,39,19,2023590,2023376,2023376,guided,0,3,110,1,1851924098,3605,178
248,40,19,2353436,2353436,2353436,baseline,,,,,,,
248,41,19,2698644,2698644,2698644,baseline,,,,,,,
248,42,20,2659984,2659976,2659976,guided,0,3,110,1,2209800222,3847,410
248,43,20,3022496,3022496,3022496,baseline,,,,,,,
248,44,21,2993588,2993532,2993532,guided,0,3,110,1,2549701924,3988,426
248,45,21,3373302,3373302,3373302,baseline,,,,,,,
248,46,21,3763032,3763032,3763032,baseline,,,,,,,
248,47,22,3752226,3752226,3752226,baseline,,,,,,,
248,48,22,4159500,4159500,4159500,baseline,,,,,,,
248,49,23,4160426,4160420,4160420,guided,1,3,110,1,3390403078,4359,579
249,1,1,249,249,249,fan,,,,,,,
249,2,1,498,498,498,fan,,,,,,,
249,3,2,2235,2235,2235,fan,,,,,,,
249,4,2,3474,3474,3474,fan,,,,,,,
249,5,3,7434,7434,7434,fan,,,,,,,
249,6,3,9904,9904,9904,fan,,,,,,,
249,7,4,17302,17302,17302,fan,,,,,,,
249,8,4,21728,21728,21728,fan,,,,,,,
249,9,5,33283,33283,33283,fan,,,,,,,
249,10,5,39898,39898,39898,fan,,,,,,,
249,11,6,56801,56801,56801,fan,,,,,,,
249,12,6,66314,66314,66314,fan,,,,,,,
249,13,7,89268,89268,89268,fan,,,,,,,
249,14,7,101904,101904,101904,fan,,,,,,,
249,15,8,132076,132076,132076,fan,,,,,,,
249,16,8,148528,148528,148528,fan,,,,,,,
249,17,9,186605,186605,186605,fan,,,,,,,
249,18,9,207090,207090,207090,fan,,,,,,,
249,19,10,254215,254215,254215,fan,,,,,,,
249,20,10,279410,279410,279410,fan,,,,,,,
249,21,11,336254,336254,336254,fan,,,,,,,
249,22,11,366368,366368,366368,fan,,,,,,,
249,23,12,434050,434050,434050,fan,,,,,,,
249,24,12,469744,469744,469744,fan,,,,,,,
249,25,12,655454,655454,655454,baseline,,,,,,,
249,26,13,590394,590394,590394,fan,,,,,,,
249,27,13,790150,790150,790150,baseline,,,,,,,
249,28,14,730058,730058,730058,fan,,,,,,,
249,29,14,943436,943436,943436,baseline,,,,,,,
249,30,15,889568,889568,889568,fan,,,,,,,
249,31,15,1116601,1116596,1116596,guided,0,1,110,1,1390588248,6983,542
249,32,16,1070624,1070624,1070624,fan,,,,,,,
249,33,16,1310919,1310899,1310899,guided,0,1,110,1,1679512204,7081,490
249,34,16,1592868,1592868,1592868,baseline,,,,,,,
249,35,17,1527658,1527597,1527597,guided,0,1,110,1,2007952426,6983,369
249,36,17,1826564,1826564,1826564,baseline,,,,,,,
249,37,18,1768050,1767925,1767925,guided,0,1,110,1,2373386499,6232,347
249,38,18,2083794,2083794,2083794,baseline,,,,,,,
249,39,19,2033320,2033113,2033113,guided,0,1,110,1,2786357856,5423,267
249,40,19,2365810,2365810,2365810,baseline,,,,,,,
249,41,19,2713733,2713733,2713733,baseline,,,,,,,
249,42,20,2673786,2673780,2673780,guided,1,3,110,1,2218806653,3941,402
249,43,20,3039170,3039170,3039170,baseline,,,,,,,
249,44,21,3008972,3008928,3008928,guided,0,3,110,1,2556955765,3978,419
249,45,21,3391690,3391690,3391690,baseline,,,,,,,
249,46,21,3784496,3784496,3784496,baseline,,,,,,,
249,47,22,3772456,3772456,3772456,baseline,,,,,,,
249,48,22,4182946,4182946,4182946,baseline,,,,,,,
249,49,23,4182627,4182622,4182622,guided,1,1,110,1,5104809704,6546,869
250,1,1,250,250,250,fan,,,,,,,
250,2,1,500,500,500,fan,,,,,,,
250,3,2,2244,2244,2244,fan,,,,,,,
250,4,2,3488,3488,3488,fan,,,,,,,
250,5,3,7464,7464,7464,fan,,,,,,,
250,6,3,9944,9944,9944,fan,,,,,,,
250,7,4,17372,17372,17372,fan,,,,,,,
250,8,4,21816,21816,21816,fan,,,,,,,
250,9,5,33418,33418,33418,fan,,,,,,,
250,10,5,40060,40060,40060,fan,,,,,,,
250,11,6,57032,57032,57032,fan,,,,,,,
250,12,6,66584,66584,66584,fan,,,,,,,
250,13,7,89632,89632,89632,fan,,,,,,,
250,14,7,102320,102320,102320,fan,,,,,,,
250,15,8,132616,132616,132616,fan,,,,,,,
250,16,8,149136,149136,149136,fan,,,,,,,
250,17,9,187370,187370,187370,fan,,,,,,,
250,18,9,207940,207940,207940,fan,,,,,,,
250,19,10,255260,255260,255260,fan,,,,,,,
250,20,10,280560,280560,280560,fan,,,,,,,
250,21,11,337640,337640,337640,fan,,,,,,,
250,22,11,367880,367880,367880,fan,,,,,,,
250,23,12,435844,435844,435844,fan,,,,,,,
250,24,12,471688,471688,471688,fan,,,,,,,
250,25,12,658920,658920,658920,baseline,,,,,,,
250,26,13,592844,592844,592844,fan,,,,,,,
250,27,13,794242,794242,794242,baseline,,,,,,,
250,28,14,733096,733096,733096,fan,,,,,,,
250,29,14,948234,948234,948234,baseline,,,,,,,
250,30,15,893280,893280,893280,fan,,,,,,,
250,31,15,1122190,1122186,1122186,guided,0,3,110,1,931673413,4656,376
250,32,16,1075104,1075104,1075104,fan,,,,,,,
250,33,16,1317390,1317374,1317374,guided,0,3,110,1,1125179692,4724,336
250,34,16,1601580,1601580,1601580,baseline,,,,,,,
250,35,17,1535106,1535054,1535054,guided,0,3,110,1,1344117172,4626,239
250,36,17,1836380,1836380,1836380,baseline,,,,,,,
250,37,18,1776582,1776468,1776468,guided,0,3,110,1,1589900186,4170,227
250,38,18,2094852,2094852,2094852,baseline,,,,,,,
250,39,19,2043050,2042850,2042850,guided,0,3,110,1,1868284894,3630,178
250,40,19,2378184,2378184,2378184,baseline,,,,,,,
250,41,19,2728850,2728850,2728850,baseline,,,,,,,
250,42,20,2687628,2687624,2687624,guided,1,3,110,1,2226556163,3943,402
250,43,20,3055876,3055876,3055876,baseline,,,,,,,
250,44,21,3024356,3024324,3024324,guided,0,3,110,1,2564258358,3968,412
250,45,21,3410106,3410106,3410106,baseline,,,,,,,
250,46,21,3806000,3806000,3806000,baseline,,,,,,,
250,47,22,3792714,3792714,3792714,baseline,,,,,,,
250,48,22,4206440,4206440,4206440,baseline,,,,,,,
250,49,23,4204866,4204858,4204858,guided,1,3,110,1,3423353828,4372,582
250,50,23,4636308,4636308,4636308,baseline,,,,,,,
251,1,1,251,251,251,fan,,,,,,,
251,2,1,502,502,502,fan,,,,,,,
251,3,2,2253,2253,2253,fan,,,,,,,
251,4,2,3502,3502,3502,fan,,,,,,,
251,5,3,7494,7494,7494,fan,,,,,,,
251,6,3,9984,9984,9984,fan,,,,,,,
251,7,4,17442,17442,17442,fan,,,,,,,
251,8,4,21904,21904,21904,fan,,,,,,,
251,9,5,33553,33553,33553,fan,,,,,,,
251,10,5,40222,40222,40222,fan,,,,,,,
251,11,6,57263,57263,57263,fan,,,,,,,
251,12,6,66854,66854,66854,fan,,,,,,,
251,13,7,89996,89996,89996,fan,,,,,,,
251,14,7,102736,102736,102736,fan,,,,,,,
251,15,8,133156,133156,133156,fan,,,,,,,
251,16,8,149744,149744,149744,fan,,,,,,,
251,17,9,188135,188135,188135,fan,,,,,,,
251,18,9,208790,208790,208790,fan,,,,,,,
251,19,10,256305,256305,256305,fan,,,,,,,
251,20,10,281710,281710,281710,fan,,,,,,,
251,21,11,339026,339026,339026,fan,,,,,,,
251,22,11,369392,369392,369392,fan,,,,,,,
251,23,12,437638,437638,437638,fan,,,,,,,
251,24,12,473632,473632,473632,fan,,,,,,,
251,25,12,662398,662398,662398,baseline,,,,,,,
251,26,13,595294,595294,595294,fan,,,,,,,
251,27,13,798347,798347,798347,baseline,,,,,,,
251,28,14,736134,736134,736134,fan,,,,,,,
251,29,14,953046,953046,953046,baseline,,,,,,,
251,30,15,896992,896992,896992,fan,,,,,,,
251,31,15,1127795,1127792,1127792,guided,0,3,110,1,1402332648,7018,584
251,32,16,1079584,1079584,1079584,fan,,,,,,,
251,33,16,1323877,1323865,1323865,guided,0,3,110,1,1692875368,7136,518
251,34,16,1610294,1610294,1610294,baseline,,,,,,,
251,35,17,1542586,1542528,1542528,guided,0,3,110,1,2023196965,6984,371
251,36,17,1846232,1846232,1846232,baseline,,,,,,,
251,37,18,1785132,1785029,1785029,guided,0,3,110,1,2392628002,6421,348
251,38,18,2105912,2105912,2105912,baseline,,,,,,,
251,39,19,2052805,2052607,2052607,guided,0,3,110,1,2809674160,5467,269
251,40,19,2390598,2390598,2390598,baseline,,,,,,,
251,41,19,2744003,2744003,2744003,baseline,,,,,,,
251,42,20,2701476,2701470,2701470,guided,1,3,110,1,2233528359,3945,403
251,43,20,3072617,3072617,3072617,baseline,,,,,,,
251,44,21,3039800,3039764,3039764,guided,0,3,110,1,2579471430,3972,410
251,45,21,3428560,3428560,3428560,baseline,,,,,,,
251,46,21,3827552,3827552,3827552,baseline,,,,,,,
251,47,22,3813011,3813011,3813011,baseline,,,,,,,
251,48,22,4229978,4229978,4229978,baseline,,,,,,,
251,49,23,4227136,4227131,4227131,guided,1,3,110,1,5144031419,6549,873
251,50,23,4661970,4661970,4661970,baseline,,,,,,,
252,1,1,252,252,252,fan,,,,,,,
252,2,1,504,504,504,fan,,,,,,,
252,3,2,2262,2262,2262,fan,,,,,,,
252,4,2,3516,3516,3516,fan,,,,,,,
252,5,3,7524,7524,7524,fan,,,,,,,
252,6,3,10024,10024,10024,fan,,,,,,,
252,7,4,17512,17512,17512,fan,,,,,,,
252,8,4,21992,21992,21992,fan,,,,,,,
252,9,5,33688,33688,33688,fan,,,,,,,
252,10,5,40384,40384,40384,fan,,,,,,,
252,11,6,57494,57494,57494,fan,,,,,,,
252,12,6,67124,67124,67124,fan,,,,,,,
252,13,7,90360,90360,90360,fan,,,,,,,
252,14,7,103152,103152,103152,fan,,,,,,,
252,15,8,133696,133696,133696,fan,,,,,,,
252,16,8,150352,150352,150352,fan,,,,,,,
252,17,9,188900,188900,188900,fan,,,,,,,
252,18,9,209640,209640,209640,fan,,,,,,,
252,19,10,257350,257350,257350,fan,,,,,,,
252,20,10,282860,282860,282860,fan,,,,,,,
252,21,11,340412,340412,340412,fan,,,,,,,
252,22,11,370904,370904,370904,fan,,,,,,,
252,23,12,439432,439432,439432,fan,,,,,,,
252,24,12,475576,475576,475576,fan,,,,,,,
252,25,12,665876,665876,665876,baseline,,,,,,,
252,26,13,597744,597744,597744,fan,,,,,,,
252,27,13,802452,802452,802452,baseline,,,,,,,
252,28,14,739172,739172,739172,fan,,,,,,,
252,29,14,957858,957858,957858,baseline,,,,,,,
252,30,15,900704,900704,900704,fan,,,,,,,
252,31,15,1133400,1133398,1133398,guided,0,3,110,1,938213509,4678,396
252,32,16,1084064,1084064,1084064,fan,,,,,,,
252,33,16,1330364,1330356,1330356,guided,0,1,110,1,1133367776,4749,364
252,34,16,1619040,1619040,1619040,baseline,,,,,,,
252,35,17,1550066,1550002,1550002,guided,0,3,110,1,1356256500,4662,250
252,36,17,1856084,1856084,1856084,baseline,,,,,,,
252,37,18,1793682,1793590,1793590,guided,0,1,110,1,1602745628,4229,206
252,38,18,2117008,2117008,2117008,baseline,,,,,,,
252,39,19,2062560,2062364,2062364,guided,0,3,110,1,1879787038,3655,180
252,40,19,2403012,2403012,2403012,baseline,,,,,,,
252,41,19,2759184,2759184,2759184,baseline,,,,,,,
252,42,20,2715364,2715356,2715356,guided,0,3,110,1,2240494077,3862,416
252,43,20,3089388,3089388,3089388,baseline,,,,,,,
252,44,21,3055244,3055204,3055204,guided,0,3,110,1,2585923066,3970,408
252,45,21,3447044,3447044,3447044,baseline,,,,,,,
252,46,21,3849144,3849144,3849144,baseline,,,,,,,
252,47,22,3833338,3833338,3833338,baseline,,,,,,,
252,48,22,4253564,4253564,4253564,baseline,,,,,,,
252,49,23,4249440,4249438,4249438,guided,1,3,110,1,3444158431,4367,583
252,50,23,4687680,4687680,4687680,baseline,,,,,,,
253,1,1,253,253,253,fan,,,,,,,
253,2,1,506,506,506,fan,,,,,,,
253,3,2,2271,2271,2271,fan,,,,,,,
253,4,2,3530,3530,3530,fan,,,,,,,
253,5,3,7554,7554,7554,fan,,,,,,,
253,6,3,10064,10064,10064,fan,,,,,,,
253,7,4,17582,17582,17582,fan,,,,,,,
253,8,4,22080,22080,22080,fan,,,,,,,
253,9,5,33823,33823,33823,fan,,,,,,,
253,10,5,40546,40546,40546,fan,,,,,,,
253,11,6,57725,57725,57725,fan,,,,,,,
253,12,6,67394,67394,67394,fan,,,,,,,
253,13,7,90724,90724,90724,fan,,,,,,,
253,14,7,103568,103568,103568,fan,,,,,,,
253,15,8,134236,134236,134236,fan,,,,,,,
253,16,8,150960,150960,150960,fan,,,,,,,
253,17,9,189665,189665,189665,fan,,,,,,,
253,18,9,210490,210490,210490,fan,,,,,,,
253,19,10,258395,258395,258395,fan,,,,,,,
253,20,10,284010,284010,284010,fan,,,,,,,
253,21,11,341798,341798,341798,fan,,,,,,,
253,22,11,372416,372416,372416,fan,,,,,,,
253,23,12,441226,441226,441226,fan,,,,,,,
253,24,12,477520,477520,477520,fan,,,,,,,
253,25,12,669367,669367,669367,baseline,,,,,,,
253,26,13,600194,600194,600194,fan,,,,,,,
253,27,13,806570,806570,806570,baseline,,,,,,,
253,28,14,742210,742210,742210,fan,,,,,,,
253,29,14,962685,962685,962685,baseline,,,,,,,
253,30,15,904416,904416,904416,fan,,,,,,,
253,31,15,1139020,1139019,1139019,guided,0,1,110,1,1413331925,7058,604
253,32,16,1088544,1088544,1088544,fan,,,,,,,
253,33,16,1336875,1336863,1336863,guided,0,1,110,1,1706876857,7145,524
253,34,16,1627786,1627786,1627786,baseline,,,,,,,
253,35,17,1557563,1557493,1557493,guided,0,1,110,1,2038555096,7042,383
253,36,17,1865970,1865970,1865970,baseline,,,,,,,
253,37,18,1802269,1802170,1802170,guided,0,1,110,1,2411759693,6413,316
253,38,18,2128104,2128104,2128104,baseline,,,,,,,
253,39,19,2072334,2072140,2072140,guided,0,1,110,1,2830562057,5507,271
253,40,19,2415464,2415464,2415464,baseline,,,,,,,
253,41,19,2774401,2774401,2774401,baseline,,,,,,,
253,42,20,2729248,2729242,2729242,guided,1,3,110,1,2251342451,3948,403
253,43,21,2693196,2692876,2692876,guided,0,1,110,1,3806409466,5656,293
253,44,21,3070718,3070686,3070686,guided,0,3,110,1,2597840069,3973,402
253,45,21,3465566,3465566,3465566,baseline,,,,,,,
253,46,22,3441094,3440952,3440952,guided,0,3,110,1,2977327886,4095,424
253,47,22,3853703,3853703,3853703,baseline,,,,,,,
253,48,22,4277194,4277194,4277194,baseline,,,,,,,
253,49,23,4271784,4271783,4271783,guided,1,1,110,1,5183316604,6556,877
253,50,23,4713438,4713438,4713438,baseline,,,,,,,
254,1,1,254,254,254,fan,,,,,,,
254,2,1,508,508,508,fan,,,,,,,
254,3,2,2280,2280,2280,fan,,,,,,,
254,4,2,3544,3544,3544,fan,,,,,,,
254,5,3,7584,7584,7584,fan,,,,,,,
254,6,3,10104,10104,10104,fan,,,,,,,
254,7,4,17652,17652,17652,fan,,,,,,,
254,8,4,22168,22168,22168,fan,,,,,,,
254,9,5,33958,33958,33958,fan,,,,,,,
254,10,5,40708,40708,40708,fan,,,,,,,
254,11,6,57956,57956,57956,fan,,,,,,,
254,12,6,67664,67664,67664,fan,,,,,,,
254,13,7,91088,91088,91088,fan,,,,,,,
254,14,7,103984,103984,103984,fan,,,,,,,
254,15,8,134776,134776,134776,fan,,,,,,,
254,16,8,151568,151568,151568,fan,,,,,,,
254,17,9,190430,190430,190430,fan,,,,,,,
254,18,9,211340,211340,211340,fan,,,,,,,
254,19,10,259440,259440,259440,fan,,,,,,,
254,20,10,285160,285160,285160,fan,,,,,,,
254,21,11,343184,343184,343184,fan,,,,,,,
254,22,11,373928,373928,373928,fan,,,,,,,
254,23,12,443020,443020,443020,fan,,,,,,,
254,24,12,479464,479464,479464,fan,,,,,,,
254,25,12,672858,672858,672858,baseline,,,,,,,
254,26,13,602644,602644,602644,fan,,,,,,,
254,27,13,810688,810688,810688,baseline,,,,,,,
254,28,14,745248,745248,745248,fan,,,,,,,
254,29,14,967512,967512,967512,baseline,,,,,,,
254,30,15,908128,908128,908128,fan,,,,,,,
254,31,15,1144640,1144640,1144640,baseline,,,,,,,
254,32,16,1093024,1093024,1093024,fan,,,,,,,
254,33,16,1343386,1343370,1343370,guided,0,3,110,1,1143226957,4760,342
254,34,16,1636564,1636564,1636564,baseline,,,,,,,
254,35,17,1565060,1564984,1564984,guided,0,3,110,1,1366455453,4664,254
254,36,17,1875856,1875856,1875856,baseline,,,,,,,
254,37,18,1810856,1810750,1810750,guided,0,3,110,1,1615249586,4270,213
254,38,18,2139236,2139236,2139236,baseline,,,,,,,
254,39,19,2082108,2081916,2081916,guided,0,3,110,1,1897289480,3686,182
254,40,19,2427916,2427916,2427916,baseline,,,,,,,
254,41,19,2789644,2789644,2789644,baseline,,,,,,,
254,42,20,2743172,2743168,2743168,guided,1,3,110,1,2259734747,3946,402
254,43,20,3123036,3123036,3123036,baseline,,,,,,,
254,44,21,3086192,3086168,3086168,guided,0,3,110,1,2609762488,3976,396
254,45,21,3484120,3484120,3484120,baseline,,,,,,,
254,46,22,3458300,3458160,3458160,guided,0,3,110,1,2989512110,4089,408
254,47,22,3874100,3874100,3874100,baseline,,,,,,,
254,48,22,4300872,4300872,4300872,baseline,,,,,,,
254,49,23,4294164,4294160,4294160,guided,1,3,110,1,3471251983,4370,586
254,50,23,4739244,4739244,4739244,baseline,,,,,,,
255,1,1,255,255,255,fan,,,,,,,
255,2,1,510,510,510,fan,,,,,,,
255,3,2,2289,2289,2289,fan,,,,,,,
255,4,2,3558,3558,3558,fan,,,,,,,
255,5,3,7614,7614,7614,fan,,,,,,,
255,6,3,10144,10144,10144,fan,,,,,,,
255,7,4,17722,17722,17722,fan,,,,,,,
255,8,4,22256,22256,22256,fan,,,,,,,
255,9,5,34093,34093,34093,fan,,,,,,,
255,10,5,40870,40870,40870,fan,,,,,,,
255,11,6,58187,58187,58187,fan,,,,,,,
255,12,6,67934,67934,67934,fan,,,,,,,
255,13,7,91452,91452,91452,fan,,,,,,,
255,14,7,104400,104400,104400,fan,,,,,,,
255,15,8,135316,135316,135316,fan,,,,,,,
255,16,8,152176,152176,152176,fan,,,,,,,
255,17,9,191195,191195,191195,fan,,,,,,,
255,18,9,212190,212190,212190,fan,,,,,,,
255,19,10,260485,260485,260485,fan,,,,,,,
255,20,10,286310,286310,286310,fan,,,,,,,
255,21,11,344570,344570,344570,fan,,,,,,,
255,22,11,375440,375440,375440,fan,,,,,,,
255,23,12,444814,444814,444814,fan,,,,,,,
255,24,12,481408,481408,481408,fan,,,,,,,
255,25,12,676361,676361,676361,baseline,,,,,,,
255,26,13,605094,605094,605094,fan,,,,,,,
255,27,13,814821,814821,814821,baseline,,,,,,,
255,28,14,748286,748286,748286,fan,,,,,,,
255,29,14,972353,972353,972353,baseline,,,,,,,
255,30,15,911840,911840,911840,fan,,,,,,,
255,31,15,1150278,1150276,1150276,guided,0,3,110,1,1423901579,7062,615
255,32,16,1097504,1097504,1097504,fan,,,,,,,
255,33,16,1349913,1349893,1349893,guided,0,3,110,1,1720866515,7183,502
255,34,16,1645346,1645346,1645346,baseline,,,,,,,
255,35,17,1572562,1572493,1572493,guided,0,3,110,1,2055960408,7038,385
255,36,17,1885778,1885778,1885778,baseline,,,,,,,
255,37,18,1819461,1819348,1819348,guided,0,3,110,1,2430849928,6577,329
255,38,18,2150370,2150370,2150370,baseline,,,,,,,
255,39,19,2091902,2091713,2091713,guided,0,3,110,1,2854427368,5540,276
255,40,19,2440408,2440408,2440408,baseline,,,,,,,
255,41,19,2804926,2804926,2804926,baseline,,,,,,,
255,42,20,2757102,2757096,2757096,guided,1,3,110,1,2268445356,3955,404
255,43,21,2718259,2717946,2717946,guided,0,3,110,1,3831206648,5684,289
255,44,21,3101722,3101694,3101694,guided,0,3,110,1,2617122290,3969,392
255,45,21,3502712,3502712,3502712,baseline,,,,,,,
255,46,22,3475482,3475370,3475370,guided,0,3,110,1,3003195733,4104,413
255,47,22,3894538,3894538,3894538,baseline,,,,,,,
255,48,22,4324594,4324594,4324594,baseline,,,,,,,
255,49,23,4316578,4316577,4316577,guided,1,3,110,1,5221099841,6576,881
255,50,23,4765098,4765098,4765098,baseline,,,,,,,
255,51,24,4770027,4770002,4770002,guided,3,3,110,1,5920575288,6811,940
256,1,1,256,256,256,fan,,,,,,,
256,2,1,512,512,512,fan,,,,,,,
256,3,2,2298,2298,2298,fan,,,,,,,
256,4,2,3572,3572,3572,fan,,,,,,,
256,5,3,7644,7644,7644,fan,,,,,,,
256,6,3,10184,10184,10184,fan,,,,,,,
256,7,4,17792,17792,17792,fan,,,,,,,
256,8,4,22344,22344,22344,fan,,,,,,,
256,9,5,34228,34228,34228,fan,,,,,,,
256,10,5,41032,41032,41032,fan,,,,,,,
256,11,6,58418,58418,58418,fan,,,,,,,
256,12,6,68204,68204,68204,fan,,,,,,,
256,13,7,91816,91816,91816,fan,,,,,,,
256,14,7,104816,104816,104816,fan,,,,,,,
256,15,8,135856,135856,135856,fan,,,,,,,
256,16,8,152784,152784,152784,fan,,,,,,,
256,17,9,191960,191960,191960,fan,,,,,,,
256,18,9,213040,213040,213040,fan,,,,,,,
256,19,10,261530,261530,261530,fan,,,,,,,
256,20,10,287460,287460,287460,fan,,,,,,,
256,21,11,345956,345956,345956,fan,,,,,,,
256,22,11,376952,376952,376952,fan,,,,,,,
256,23,12,446608,446608,446608,fan,,,,,,,
256,24,12,483352,483352,483352,fan,,,,,,,
256,25,12,679864,679864,679864,baseline,,,,,,,
256,26,13,607544,607544,607544,fan,,,,,,,
256,27,13,818954,818954,818954,baseline,,,,,,,
256,28,14,751324,751324,751324,fan,,,,,,,
256,29,14,977194,977194,977194,baseline,,,,,,,
256,30,15,915552,915552,915552,fan,,,,,,,
256,31,15,1155916,1155912,1155912,guided,0,3,110,1,953255054,4703,407
256,32,16,1101984,1101984,1101984,fan,,,,,,,
256,33,16,1356440,1356416,1356416,guided,0,1,110,1,1152037285,4768,320
256,34,16,1654160,1654160,1654160,baseline,,,,,,,
256,35,17,1580064,1580002,1580002,guided,0,3,110,1,1376422808,4691,255
256,36,17,1895700,1895700,1895700,baseline,,,,,,,
256,37,18,1828066,1827946,1827946,guided,0,1,110,1,1628078540,4345,221
256,38,18,2161540,2161540,2161540,baseline,,,,,,,
256,39,19,2101696,2101510,2101510,guided,0,3,110,1,1910183111,3700,185
256,40,19,2452900,2452900,2452900,baseline,,,,,,,
256,41,19,2820234,2820234,2820234,baseline,,,,,,,
256,42,20,2771072,2771064,2771064,guided,0,3,110,1,2275963987,3895,422
256,43,20,3156816,3156816,3156816,baseline,,,,,,,
256,44,21,3117252,3117220,3117220,guided,0,3,110,1,2624528588,3962,388
256,45,21,3521336,3521336,3521336,baseline,,,,,,,
256,46,22,3492716,3492624,3492624,guided,0,3,110,1,3015904305,4117,417
256,47,22,3915006,3915006,3915006,baseline,,,,,,,
256,48,22,4348368,4348368,4348368,baseline,,,,,,,
256,49,23,4339032,4339028,4339028,guided,1,3,110,1,3505011666,4401,589
256,50,23,4791000,4791000,4791000,baseline,,,,,,,
256,51,24,4794616,4794576,4794576,guided,0,1,110,1,3968540265,4324,456
257,1,1,257,257,257,fan,,,,,,,
257,2,1,514,514,514,fan,,,,,,,
257,3,2,2307,2307,2307,fan,,,,,,,
257,4,2,3586,3586,3586,fan,,,,,,,
257,5,3,7674,7674,7674,fan,,,,,,,
257,6,3,10224,10224,10224,fan,,,,,,,
257,7,4,17862,17862,17862,fan,,,,,,,
257,8,4,22432,22432,22432,fan,,,,,,,
257,9,5,34363,34363,34363,fan,,,,,,,
257,10,5,41194,41194,41194,fan,,,,,,,
257,11,6,58649,58649,58649,fan,,,,,,,
257,12,6,68474,68474,68474,fan,,,,,,,
257,13,7,92180,92180,92180,fan,,,,,,,
257,14,7,105232,105232,105232,fan,,,,,,,
257,15,8,136396,136396,136396,fan,,,,,,,
257,16,8,153392,153392,153392,fan,,,,,,,
257,17,9,192725,192725,192725,fan,,,,,,,
257,18,9,213890,213890,213890,fan,,,,,,,
257,19,10,262575,262575,262575,fan,,,,,,,
257,20,10,288610,288610,288610,fan,,,,,,,
257,21,11,347342,347342,347342,fan,,,,,,,
257,22,11,378464,378464,378464,fan,,,,,,,
257,23,12,448402,448402,448402,fan,,,,,,,
257,24,12,485296,485296,485296,fan,,,,,,,
257,25,12,683381,683381,683381,baseline,,,,,,,
257,26,13,609994,609994,609994,fan,,,,,,,
257,27,13,823100,823100,823100,baseline,,,,,,,
257,28,14,754362,754362,754362,fan,,,,,,,
257,29,14,982050,982050,982050,baseline,,,,,,,
257,30,15,919264,919264,919264,fan,,,,,,,
257,31,15,1161569,1161563,1161563,guided,0,1,110,1,1435049567,7089,606
257,32,16,1106464,1106464,1106464,fan,,,,,,,
257,33,16,1362978,1362956,1362956,guided,0,1,110,1,1733956052,7172,479
257,34,16,1662976,1662976,1662976,baseline,,,,,,,
257,35,17,1587583,1587528,1587528,guided,0,1,110,1,2071349975,7109,388
257,36,17,1905658,1905658,1905658,baseline,,,,,,,
257,37,18,1836679,1836562,1836562,guided,0,1,110,1,2450315006,6619,352
257,38,18,2172710,2172710,2172710,baseline,,,,,,,
257,39,19,2111509,2111326,2111326,guided,0,1,110,1,2873765778,5572,279
257,40,19,2465430,2465430,2465430,baseline,,,,,,,
257,41,19,2835576,2835576,2835576,baseline,,,,,,,
257,42,20,2785038,2785032,2785032,guided,1,3,110,1,2286228900,3966,405
257,43,20,3173757,3173757,3173757,baseline,,,,,,,
257,44,21,3132812,3132788,3132788,guided,0,3,110,1,2642049846,3992,402
257,45,21,3539998,3539998,3539998,baseline,,,,,,,
257,46,22,3509964,3509878,3509878,guided,0,3,110,1,3025248515,4123,423
257,47,22,3935518,3935518,3935518,baseline,,,,,,,
257,48,22,4372190,4372190,4372190,baseline,,,,,,,
257,49,23,4361525,4361519,4361519,guided,1,1,110,1,5269072134,6612,885
257,50,23,4816950,4816950,4816950,baseline,,,,,,,
257,51,24,4819224,4819190,4819190,guided,1,1,110,1,5962018633,6819,915
258,1,1,258,258,258,fan,,,,,,,
258,2,1,516,516,516,fan,,,,,,,
258,3,2,2316,2316,2316,fan,,,,,,,
258,4,2,3600,3600,3600,fan,,,,,,,
258,5,3,7704,7704,7704,fan,,,,,,,
258,6,3,10264,10264,10264,fan,,,,,,,
258,7,4,17932,17932,17932,fan,,,,,,,
258,8,4,22520,22520,22520,fan,,,,,,,
258,9,5,34498,34498,34498,fan,,,,,,,
258,10,5,41356,41356,41356,fan,,,,,,,
258,11,6,58880,58880,58880,fan,,,,,,,
258,12,6,68744,68744,68744,fan,,,,,,,
258,13,7,92544,92544,92544,fan,,,,,,,
258,14,7,105648,105648,105648,fan,,,,,,,
258,15,8,136936,136936,136936,fan,,,,,,,
258,16,8,154000,154000,154000,fan,,,,,,,
258,17,9,193490,193490,193490,fan,,,,,,,
258,18,9,214740,214740,214740,fan,,,,,,,
258,19,10,263620,263620,263620,fan,,,,,,,
258,20,10,289760,289760,289760,fan,,,,,,,
258,21,11,348728,348728,348728,fan,,,,,,,
258,22,11,379976,379976,379976,fan,,,,,,,
258,23,12,450196,450196,450196,fan,,,,,,,
258,24,12,487240,487240,487240,fan,,,,,,,
258,25,12,686898,686898,686898,baseline,,,,,,,
258,26,13,612444,612444,612444,fan,,,,,,,
258,27,13,827246,827246,827246,baseline,,,,,,,
258,28,14,757400,757400,757400,fan,,,,,,,
258,29,14,986906,986906,986906,baseline,,,,,,,
258,30,15,922976,922976,922976,fan,,,,,,,
258,31,15,1167222,1167214,1167214,guided,0,3,110,1,961302602,4709,398
258,32,16,1110944,1110944,1110944,fan,,,,,,,
258,33,16,1369516,1369496,1369496,guided,0,3,110,1,1160306886,4776,319
258,34,16,1671824,1671824,1671824,baseline,,,,,,,
258,35,17,1595102,1595054,1595054,guided,0,3,110,1,1387746398,4724,253
258,36,17,1915616,1915616,1915616,baseline,,,,,,,
258,37,18,1845292,1845178,1845178,guided,0,3,110,1,1641417018,4423,242
258,38,18,2183916,2183916,2183916,baseline,,,,,,,
258,39,19,2121322,2121142,2121142,guided,0,3,110,1,1926844407,3717,188
258,40,19,2477960,2477960,2477960,baseline,,,,,,,
258,41,19,2850942,2850942,2850942,baseline,,,,,,,
258,42,20,2799044,2799040,2799040,guided,1,3,110,1,2296180065,3968,404
258,43,20,3190730,3190730,3190730,baseline,,,,,,,
258,44,21,3148372,3148356,3148356,guided,0,3,110,1,2650658462,4016,416
258,45,21,3558690,3558690,3558690,baseline,,,,,,,
258,46,22,3527256,3527176,3527176,guided,0,3,110,1,3035720692,4124,430
258,47,22,3956060,3956060,3956060,baseline,,,,,,,
258,48,22,4396064,4396064,4396064,baseline,,,,,,,
258,49,23,4384046,4384046,4384046,baseline,,,,,,,
258,50,23,4842952,4842952,4842952,baseline,,,,,,,
258,51,24,4843866,4843840,4843840,guided,1,3,110,1,3991394853,4553,610
259,1,1,259,259,259,fan,,,,,,,
259,2,1,518,518,518,fan,,,,,,,
259,3,2,2325,2325,2325,fan,,,,,,,
259,4,2,3614,3614,3614,fan,,,,,,,
259,5,3,7734,7734,7734,fan,,,,,,,
259,6,3,10304,10304,10304,fan,,,,,,,
259,7,4,18002,18002,18002,fan,,,,,,,
259,8,4,22608,22608,22608,fan,,,,,,,
259,9,5,34633,34633,34633,fan,,,,,,,
259,10,5,41518,41518,41518,fan,,,,,,,
259,11,6,59111,59111,59111,fan,,,,,,,
259,12,6,69014,69014,69014,fan,,,,,,,
259,13,7,92908,92908,92908,fan,,,,,,,
259,14,7,106064,106064,106064,fan,,,,,,,
259,15,8,137476,137476,137476,fan,,,,,,,
259,16,8,154608,154608,154608,fan,,,,,,,
259,17,9,194255,194255,194255,fan,,,,,,,
259,18,9,215590,215590,215590,fan,,,,,,,
259,19,10,264665,264665,264665,fan,,,,,,,
259,20,10,290910,290910,290910,fan,,,,,,,
259,21,11,350114,350114,350114,fan,,,,,,,
259,22,11,381488,381488,381488,fan,,,,,,,
259,23,12,451990,451990,451990,fan,,,,,,,
259,24,12,489184,489184,489184,fan,,,,,,,
259,25,12,690427,690427,690427,baseline,,,,,,,
259,26,13,614894,614894,614894,fan,,,,,,,
259,27,13,831406,831406,831406,baseline,,,,,,,
259,28,14,760438,760438,760438,fan,,,,,,,
259,29,14,991776,991776,991776,baseline,,,,,,,
259,30,15,926688,926688,926688,fan,,,,,,,
259,31,15,1172888,1172882,1172882,guided,0,3,110,1,1446953110,7093,594
259,32,16,1115424,1115424,1115424,fan,,,,,,,
259,33,16,1376070,1376052,1376052,guided,0,3,110,1,1747233888,7216,478
259,34,16,1680676,1680676,1680676,baseline,,,,,,,
259,35,17,1602653,1602597,1602597,guided,0,3,110,1,2089392494,7146,414
259,36,17,1925612,1925612,1925612,baseline,,,,,,,
259,37,18,1853923,1853812,1853812,guided,0,3,110,1,2468640709,6758,386
259,38,18,2195126,2195126,2195126,baseline,,,,,,,
259,39,19,2131154,2130978,2130978,guided,0,3,110,1,2896807234,5578,288
259,40,19,2490530,2490530,2490530,baseline,,,,,,,
259,41,19,2866344,2866344,2866344,baseline,,,,,,,
259,42,20,2813052,2813050,2813050,guided,1,3,110,1,2304890888,3979,407
259,43,20,3207738,3207738,3207738,baseline,,,,,,,
259,44,21,3163992,3163968,3163968,guided,0,3,110,1,2659077611,3995,389
259,45,21,3577423,3577423,3577423,baseline,,,,,,,
259,46,22,3544560,3544476,3544476,guided,0,3,110,1,3046749182,4133,439
259,47,22,3976643,3976643,3976643,baseline,,,,,,,
259,48,22,4419986,4419986,4419986,baseline,,,,,,,
259,49,23,4406619,4406613,4406613,guided,1,3,110,1,5308974965,6644,893
259,50,23,4869006,4869006,4869006,baseline,,,,,,,
259,51,24,4868558,4868533,4868533,guided,1,3,110,1,6003359439,6834,915
260,1,1,260,260,260,fan,,,,,,,
260,2,1,520,520,520,fan,,,,,,,
260,3,2,2334,2334,2334,fan,,,,,,,
260,4,2,3628,3628,3628,fan,,,,,,,
260,5,3,7764,7764,7764,fan,,,,,,,
260,6,3,10344,10344,10344,fan,,,,,,,
260,7,4,18072,18072,18072,fan,,,,,,,
260,8,4,22696,22696,22696,fan,,,,,,,
260,9,5,34768,34768,34768,fan,,,,,,,
260,10,5,41680,41680,41680,fan,,,,,,,
260,11,6,59342,59342,59342,fan,,,,,,,
260,12,6,69284,69284,69284,fan,,,,,,,
260,13,7,93272,93272,93272,fan,,,,,,,
260,14,7,106480,106480,106480,fan,,,,,,,
260,15,8,138016,138016,138016,fan,,,,,,,
260,16,8,155216,155216,155216,fan,,,,,,,
260,17,9,195020,195020,195020,fan,,,,,,,
260,18,9,216440,216440,216440,fan,,,,,,,
260,19,10,265710,265710,265710,fan,,,,,,,
260,20,10,292060,292060,292060,fan,,,,,,,
260,21,11,351500,351500,351500,fan,,,,,,,
260,22,11,383000,383000,383000,fan,,,,,,,
260,23,12,453784,453784,453784,fan,,,,,,,
260,24,12,491128,491128,491128,fan,,,,,,,
260,25,12,693956,693956,693956,baseline,,,,,,,
260,26,13,617344,617344,617344,fan,,,,,,,
260,27,13,835566,835566,835566,baseline,,,,,,,
260,28,14,763476,763476,763476,fan,,,,,,,
260,29,14,996646,996646,996646,baseline,,,,,,,
260,30,15,930400,930400,930400,fan,,,,,,,
260,31,15,1178554,1178550,1178550,guided,0,3,110,1,968817645,4728,395
260,32,16,1119904,1119904,1119904,fan,,,,,,,
260,33,16,1382624,1382608,1382608,guided,0,1,110,1,1170072407,4793,318
260,34,16,1689560,1689560,1689560,baseline,,,,,,,
260,35,17,1610204,1610140,1610140,guided,0,3,110,1,1398182995,4766,283
260,36,17,1935608,1935608,1935608,baseline,,,,,,,
260,37,18,1862554,1862446,1862446,guided,0,1,110,1,1653515264,4474,266
260,38,18,2206372,2206372,2206372,baseline,,,,,,,
260,39,19,2140986,2140814,2140814,guided,0,3,110,1,1942886382,3727,194
260,40,19,2503100,2503100,2503100,baseline,,,,,,,
260,41,19,2881770,2881770,2881770,baseline,,,,,,,
260,42,20,2827100,2827100,2827100,baseline,,,,,,,
260,43,20,3224776,3224776,3224776,baseline,,,,,,,
260,44,21,3179612,3179580,3179580,guided,0,3,110,1,2667555494,3974,362
260,45,21,3596186,3596186,3596186,baseline,,,,,,,
260,46,22,3561908,3561820,3561820,guided,0,3,110,1,3055570686,4145,448
260,47,22,3997258,3997258,3997258,baseline,,,,,,,
260,48,22,4443960,4443960,4443960,baseline,,,,,,,
260,49,23,4429220,4429216,4429216,guided,1,3,110,1,3553751656,4440,596
260,50,23,4895112,4895112,4895112,baseline,,,,,,,
260,51,24,4893300,4893260,4893260,guided,1,1,110,1,4019102465,4550,610
260,52,24,5378280,5378280,5378280,baseline,,,,,,,
261,1,1,261,261,261,fan,,,,,,,
261,2,1,522,522,522,fan,,,,,,,
261,3,2,2343,2343,2343,fan,,,,,,,
261,4,2,3642,3642,3642,fan,,,,,,,
261,5,3,7794,7794,7794,fan,,,,,,,
261,6,3,10384,10384,10384,fan,,,,,,,
261,7,4,18142,18142,18142,fan,,,,,,,
261,8,4,22784,22784,22784,fan,,,,,,,
261,9,5,34903,34903,34903,fan,,,,,,,
261,10,5,41842,41842,41842,fan,,,,,,,
261,11,6,59573,59573,59573,fan,,,,,,,
261,12,6,69554,69554,69554,fan,,,,,,,
261,13,7,93636,93636,93636,fan,,,,,,,
261,14,7,106896,106896,106896,fan,,,,,,,
261,15,8,138556,138556,138556,fan,,,,,,,
261,16,8,155824,155824,155824,fan,,,,,,,
261,17,9,195785,195785,195785,fan,,,,,,,
261,18,9,217290,217290,217290,fan,,,,,,,
261,19,10,266755,266755,266755,fan,,,,,,,
261,20,10,293210,293210,293210,fan,,,,,,,
261,21,11,352886,352886,352886,fan,,,,,,,
261,22,11,384512,384512,384512,fan,,,,,,,
261,23,12,455578,455578,455578,fan,,,,,,,
261,24,12,493072,493072,493072,fan,,,,,,,
261,25,12,697498,697498,697498,baseline,,,,,,,
261,26,13,619794,619794,619794,fan,,,,,,,
261,27,13,839739,839739,839739,baseline,,,,,,,
261,28,14,766514,766514,766514,fan,,,,,,,
261,29,14,1001532,1001532,1001532,baseline,,,,,,,
261,30,15,934112,934112,934112,fan,,,,,,,
261,31,15,1184235,1184233,1184233,guided,0,1,110,1,1457186298,7124,591
261,32,16,1124384,1124384,1124384,fan,,,,,,,
261,33,16,1389202,1389181,1389181,guided,0,1,110,1,1762233164,7226,488
261,34,16,1698446,1698446,1698446,baseline,,,,,,,
261,35,17,1617772,1617700,1617700,guided,0,1,110,1,2104309268,7225,442
261,36,17,1945640,1945640,1945640,baseline,,,,,,,
261,37,18,1871210,1871099,1871099,guided,0,1,110,1,2488130194,6764,383
261,38,18,2217620,2217620,2217620,baseline,,,,,,,
261,39,19,2150837,2150669,2150669,guided,0,1,110,1,2923086256,5612,294
261,40,19,2515710,2515710,2515710,baseline,,,,,,,
261,41,19,2897230,2897230,2897230,baseline,,,,,,,
261,42,20,2841154,2841150,2841150,guided,1,3,110,1,2324534051,3992,409
261,43,20,3241846,3241846,3241846,baseline,,,,,,,
261,44,21,3195262,3195234,3195234,guided,0,3,110,1,2677622231,4002,378
261,45,21,3614987,3614987,3614987,baseline,,,,,,,
261,46,22,3579246,3579164,3579164,guided,0,3,110,1,3071262833,4149,444
261,47,22,4017914,4017914,4017914,baseline,,,,,,,
261,48,22,4467982,4467982,4467982,baseline,,,,,,,
261,49,23,4451859,4451859,4451859,baseline,,,,,,,
261,50,23,4921270,4921270,4921270,baseline,,,,,,,
261,51,24,4918058,4918033,4918033,guided,1,1,110,1,6058535318,6857,917
261,52,24,5406712,5406712,5406712,baseline,,,,,,,
262,1,1,262,262,262,fan,,,,,,,
262,2,1,524,524,524,fan,,,,,,,
262,3,2,2352,2352,2352,fan,,,,,,,
262,4,2,3656,3656,3656,fan,,,,,,,
262,5,3,7824,7824,7824,fan,,,,,,,
262,6,3,10424,10424,10424,fan,,,,,,,
262,7,4,18212,18212,18212,fan,,,,,,,
262,8,4,22872,22872,22872,fan,,,,,,,
262,9,5,35038,35038,35038,fan,,,,,,,
262,10,5,42004,42004,42004,fan,,,,,,,
262,11,6,59804,59804,59804,fan,,,,,,,
262,12,6,69824,69824,69824,fan,,,,,,,
262,13,7,94000,94000,94000,fan,,,,,,,
262,14,7,107312,107312,107312,fan,,,,,,,
262,15,8,139096,139096,139096,fan,,,,,,,
262,16,8,156432,156432,156432,fan,,,,,,,
262,17,9,196550,196550,196550,fan,,,,,,,
262,18,9,218140,218140,218140,fan,,,,,,,
262,19,10,267800,267800,267800,fan,,,,,,,
262,20,10,294360,294360,294360,fan,,,,,,,
262,21,11,354272,354272,354272,fan,,,,,,,
262,22,11,386024,386024,386024,fan,,,,,,,
262,23,12,457372,457372,457372,fan,,,,,,,
262,24,12,495016,495016,495016,fan,,,,,,,
262,25,12,701040,701040,701040,baseline,,,,,,,
262,26,13,622244,622244,622244,fan,,,,,,,
262,27,13,843912,843912,843912,baseline,,,,,,,
262,28,14,769552,769552,769552,fan,,,,,,,
262,29,14,1006418,1006418,1006418,baseline,,,,,,,
262,30,15,937824,937824,937824,fan,,,,,,,
262,31,15,1189916,1189916,1189916,baseline,,,,,,,
262,32,16,1128864,1128864,1128864,fan,,,,,,,
262,33,16,1395780,1395754,1395754,guided,0,3,110,1,1179226589,4816,329
262,34,16,1707364,1707364,1707364,baseline,,,,,,,
262,35,17,1625340,1625260,1625260,guided,0,3,110,1,1409276941,4809,311
262,36,17,1955672,1955672,1955672,baseline,,,,,,,
262,37,18,1879866,1879752,1879752,guided,0,3,110,1,1666377943,4502,246
262,38,18,2228904,2228904,2228904,baseline,,,,,,,
262,39,19,2160688,2160524,2160524,guided,0,3,110,1,1956291731,3734,200
262,40,19,2528320,2528320,2528320,baseline,,,,,,,
262,41,19,2912716,2912716,2912716,baseline,,,,,,,
262,42,20,2855248,2855240,2855240,guided,1,3,110,1,2334420501,3997,408
262,43,20,3258946,3258946,3258946,baseline,,,,,,,
262,44,21,3210912,3210888,3210888,guided,0,3,110,1,2687687270,4030,394
262,45,21,3633820,3633820,3633820,baseline,,,,,,,
262,46,22,3596628,3596552,3596552,guided,0,3,110,1,3086417672,4147,440
262,47,22,4038602,4038602,4038602,baseline,,,,,,,
262,48,22,4492056,4492056,4492056,baseline,,,,,,,
262,49,23,4474536,4474536,4474536,baseline,,,,,,,
262,50,23,4947480,4947480,4947480,baseline,,,,,,,
262,51,24,4942870,4942840,4942840,guided,1,3,110,1,4053719447,4580,613
262,52,24,5435200,5435200,5435200,baseline,,,,,,,
263,1,1,263,263,263,fan,,,,,,,
263,2,1,526,526,526,fan,,,,,,,
263,3,2,2361,2361,2361,fan,,,,,,,
263,4,2,3670,3670,3670,fan,,,,,,,
263,5,3,7854,7854,7854,fan,,,,,,,
263,6,3,10464,10464,10464,fan,,,,,,,
263,7,4,18282,18282,18282,fan,,,,,,,
263,8,4,22960,22960,22960,fan,,,,,,,
263,9,5,35173,35173,35173,fan,,,,,,,
263,10,5,42166,42166,42166,fan,,,,,,,
263,11,6,60035,60035,60035,fan,,,,,,,
263,12,6,70094,70094,70094,fan,,,,,,,
263,13,7,94364,94364,94364,fan,,,,,,,
263,14,7,107728,107728,107728,fan,,,,,,,
263,15,8,139636,139636,139636,fan,,,,,,,
263,16,8,157040,157040,157040,fan,,,,,,,
263,17,9,197315,197315,197315,fan,,,,,,,
263,18,9,218990,218990,218990,fan,,,,,,,
263,19,10,268845,268845,268845,fan,,,,,,,
263,20,10,295510,295510,295510,fan,,,,,,,
263,21,11,355658,355658,355658,fan,,,,,,,
263,22,11,387536,387536,387536,fan,,,,,,,
263,23,12,459166,459166,459166,fan,,,,,,,
263,24,12,496960,496960,496960,fan,,,,,,,
263,25,12,704594,704594,704594,baseline,,,,,,,
263,26,13,624694,624694,624694,fan,,,,,,,
263,27,13,848100,848100,848100,baseline,,,,,,,
263,28,14,772590,772590,772590,fan,,,,,,,
263,29,14,1011318,1011318,1011318,baseline,,,,,,,
263,30,15,941536,941536,941536,fan,,,,,,,
263,31,15,1195617,1195615,1195615,guided,0,3,110,1,1467826827,7145,581
263,32,16,1133344,1133344,1133344,fan,,,,,,,
263,33,16,1402374,1402343,1402343,guided,0,3,110,1,1773745872,7276,499
263,34,16,1716286,1716286,1716286,baseline,,,,,,,
263,35,17,1632913,1632839,1632839,guided,0,3,110,1,2119014676,7241,450
263,36,17,1965742,1965742,1965742,baseline,,,,,,,
263,37,18,1888540,1888423,1888423,guided,0,3,110,1,2507047929,6875,362
263,38,18,2240192,2240192,2240192,baseline,,,,,,,
263,39,19,2170565,2170398,2170398,guided,0,3,110,1,2941028217,5602,300
263,40,19,2540972,2540972,2540972,baseline,,,,,,,
263,41,19,2928235,2928235,2928235,baseline,,,,,,,
263,42,20,2869338,2869334,2869334,guided,1,3,110,1,2342292186,4005,410
263,43,20,3276079,3276079,3276079,baseline,,,,,,,
263,44,21,3226622,3226586,3226586,guided,0,3,110,1,2699738785,4039,403
263,45,21,3652691,3652691,3652691,baseline,,,,,,,
263,46,22,3614030,3613942,3613942,guided,0,3,110,1,3093052835,4145,431
263,47,22,4059331,4059331,4059331,baseline,,,,,,,
263,48,22,4516178,4516178,4516178,baseline,,,,,,,
263,49,23,4497256,4497256,4497256,baseline,,,,,,,
263,50,23,4973742,4973742,4973742,baseline,,,,,,,
263,51,24,4967725,4967690,4967690,guided,1,3,110,1,6094442804,6882,923
263,52,24,5463740,5463740,5463740,baseline,,,,,,,
264,1,1,264,264,264,fan,,,,,,,
264,2,1,528,528,528,fan,,,,,,,
264,3,2,2370,2370,2370,fan,,,,,,,
264,4,2,3684,3684,3684,fan,,,,,,,
264,5,3,7884,7884,7884,fan,,,,,,,
264,6,3,10504,10504,10504,fan,,,,,,,
264,7,4,18352,18352,18352,fan,,,,,,,
264,8,4,23048,23048,23048,fan,,,,,,,
264,9,5,35308,35308,35308,fan,,,,,,,
264,10,5,42328,42328,42328,fan,,,,,,,
264,11,6,60266,60266,60266,fan,,,,,,,
264,12,6,70364,70364,70364,fan,,,,,,,
264,13,7,94728,94728,94728,fan,,,,,,,
264,14,7,108144,108144,108144,fan,,,,,,,
264,15,8,140176,140176,140176,fan,,,,,,,
264,16,8,157648,157648,157648,fan,,,,,,,
264,17,9,198080,198080,198080,fan,,,,,,,
264,18,9,219840,219840,219840,fan,,,,,,,
264,19,10,269890,269890,269890,fan,,,,,,,
264,20,10,296660,296660,296660,fan,,,,,,,
264,21,11,357044,357044,357044,fan,,,,,,,
264,22,11,389048,389048,389048,fan,,,,,,,
264,23,12,460960,460960,460960,fan,,,,,,,
264,24,12,498904,498904,498904,fan,,,,,,,
264,25,12,708148,708148,708148,baseline,,,,,,,
264,26,13,627144,627144,627144,fan,,,,,,,
264,27,13,852288,852288,852288,baseline,,,,,,,
264,28,14,775628,775628,775628,fan,,,,,,,
264,29,14,1016218,1016218,1016218,baseline,,,,,,,
264,30,15,945248,945248,945248,fan,,,,,,,
264,31,15,1201318,1201314,1201314,guided,0,3,110,1,983159564,4767,385
264,32,16,1137824,1137824,1137824,fan,,,,,,,
264,33,16,1408968,1408932,1408932,guided,0,1,110,1,1188084578,4839,340
264,34,16,1725240,1725240,1725240,baseline,,,,,,,
264,35,17,1640486,1640418,1640418,guided,0,3,110,1,1419566657,4827,294
264,36,17,1975812,1975812,1975812,baseline,,,,,,,
264,37,18,1897214,1897094,1897094,guided,0,1,110,1,1678682947,4533,217
264,38,18,2251516,2251516,2251516,baseline,,,,,,,
264,39,19,2180442,2180272,2180272,guided,0,3,110,1,1968149386,3738,200
264,40,19,2553624,2553624,2553624,baseline,,,,,,,
264,41,19,2943780,2943780,2943780,baseline,,,,,,,
264,42,20,2883468,2883468,2883468,baseline,,,,,,,
264,43,20,3293240,3293240,3293240,baseline,,,,,,,
264,44,21,3242332,3242284,3242284,guided,0,3,110,1,2711831360,4048,412
264,45,21,3671590,3671590,3671590,baseline,,,,,,,
264,46,22,3631476,3631376,3631376,guided,0,3,110,1,3108836283,4156,426
264,47,22,4080090,4080090,4080090,baseline,,,,,,,
264,48,22,4540344,4540344,4540344,baseline,,,,,,,
264,49,23,4520010,4520010,4520010,baseline,,,,,,,
264,50,23,5000056,5000056,5000056,baseline,,,,,,,
264,51,24,4992596,4992576,4992576,guided,1,1,110,1,4091218411,4608,618
264,52,24,5492336,5492336,5492336,baseline,,,,,,,
265,1,1,265,265,265,fan,,,,,,,
265,2,1,530,530,530,fan,,,,,,,
265,3,2,2379,2379,2379,fan,,,,,,,
265,4,2,3698,3698,3698,fan,,,,,,,
265,5,3,7914,7914,7914,fan,,,,,,,
265,6,3,10544,10544,10544,fan,,,,,,,
265,7,4,18422,18422,18422,fan,,,,,,,
265,8,4,23136,23136,23136,fan,,,,,,,
265,9,5,35443,35443,35443,fan,,,,,,,
265,10,5,42490,42490,42490,fan,,,,,,,
265,11,6,60497,60497,60497,fan,,,,,,,
265,12,6,70634,70634,70634,fan,,,,,,,
265,13,7,95092,95092,95092,fan,,,,,,,
265,14,7,108560,108560,108560,fan,,,,,,,
265,15,8,140716,140716,140716,fan,,,,,,,
265,16,8,158256,158256,158256,fan,,,,,,,
265,17,9,198845,198845,198845,fan,,,,,,,
265,18,9,220690,220690,220690,fan,,,,,,,
265,19,10,270935,270935,270935,fan,,,,,,,
265,20,10,297810,297810,297810,fan,,,,,,,
265,21,11,358430,358430,358430,fan,,,,,,,
265,22,11,390560,390560,390560,fan,,,,,,,
265,23,12,462754,462754,462754,fan,,,,,,,
265,24,12,500848,500848,500848,fan,,,,,,,
265,25,12,711716,711716,711716,baseline,,,,,,,
265,26,13,629594,629594,629594,fan,,,,,,,
265,27,13,856489,856489,856489,baseline,,,,,,,
265,28,14,778666,778666,778666,fan,,,,,,,
265,29,14,1021133,1021133,1021133,baseline,,,,,,,
265,30,15,948960,948960,948960,fan,,,,,,,
265,31,15,1207034,1207028,1207028,guided,0,1,110,1,1479516924,7189,574
265,32,16,1142304,1142304,1142304,fan,,,,,,,
265,33,16,1415571,1415539,1415539,guided,0,1,110,1,1787780220,7312,517
265,34,16,1734196,1734196,1734196,baseline,,,,,,,
265,35,17,1648076,1648014,1648014,guided,0,1,110,1,2135331578,7300,435
265,36,17,1985918,1985918,1985918,baseline,,,,,,,
265,37,18,1905900,1905784,1905784,guided,0,1,110,1,2525351167,6882,339
265,38,18,2262842,2262842,2262842,baseline,,,,,,,
265,39,19,2190338,2190165,2190165,guided,0,1,110,1,2965910429,5636,300
265,40,19,2566316,2566316,2566316,baseline,,,,,,,
265,41,19,2959359,2959359,2959359,baseline,,,,,,,
265,42,20,2897608,2897604,2897604,guided,1,3,110,1,2359189678,4022,412
265,43,20,3310436,3310436,3310436,baseline,,,,,,,
265,44,21,3258068,3258026,3258026,guided,0,3,110,1,2722914151,4066,421
265,45,21,3690525,3690525,3690525,baseline,,,,,,,
265,46,22,3648904,3648810,3648810,guided,0,3,110,1,3119045588,4157,418
265,47,22,4100893,4100893,4100893,baseline,,,,,,,
265,48,22,4564558,4564558,4564558,baseline,,,,,,,
265,49,23,4542804,4542804,4542804,baseline,,,,,,,
265,50,23,5026422,5026422,5026422,baseline,,,,,,,
265,51,24,5017540,5017505,5017505,guided,1,1,110,1,6151524128,6927,931
265,52,24,5520984,5520984,5520984,baseline,,,,,,,
265,53,24,6039098,6039098,6039098,baseline,,,,,,,
266,1,1,266,266,266,fan,,,,,,,
266,2,1,532,532,532,fan,,,,,,,
266,3,2,2388,2388,2388,fan,,,,,,,
266,4,2,3712,3712,3712,fan,,,,,,,
266,5,3,7944,7944,7944,fan,,,,,,,
266,6,3,10584,10584,10584,fan,,,,,,,
266,7,4,18492,18492,18492,fan,,,,,,,
266,8,4,23224,23224,23224,fan,,,,,,,
266,9,5,35578,35578,35578,fan,,,,,,,
266,10,5,42652,42652,42652,fan,,,,,,,
266,11,6,60728,60728,60728,fan,,,,,,,
266,12,6,70904,70904,70904,fan,,,,,,,
266,13,7,95456,95456,95456,fan,,,,,,,
266,14,7,108976,108976,108976,fan,,,,,,,
266,15,8,141256,141256,141256,fan,,,,,,,
266,16,8,158864,158864,158864,fan,,,,,,,
266,17,9,199610,199610,199610,fan,,,,,,,
266,18,9,221540,221540,221540,fan,,,,,,,
266,19,10,271980,271980,271980,fan,,,,,,,
266,20,10,298960,298960,298960,fan,,,,,,,
266,21,11,359816,359816,359816,fan,,,,,,,
266,22,11,392072,392072,392072,fan,,,,,,,
266,23,12,464548,464548,464548,fan,,,,,,,
266,24,12,502792,502792,502792,fan,,,,,,,
266,25,12,715284,715284,715284,baseline,,,,,,,
266,26,13,632044,632044,632044,fan,,,,,,,
266,27,13,860690,860690,860690,baseline,,,,,,,
266,28,14,781704,781704,781704,fan,,,,,,,
266,29,14,1026048,1026048,1026048,baseline,,,,,,,
266,30,15,952672,952672,952672,fan,,,,,,,
266,31,15,1212750,1212742,1212742,guided,0,3,110,1,990141935,4790,378
266,32,16,1146784,1146784,1146784,fan,,,,,,,
266,33,16,1422174,1422146,1422146,guided,0,3,110,1,1198234286,4885,347
266,34,16,1743184,1743184,1743184,baseline,,,,,,,
266,35,17,1655666,1655610,1655610,guided,0,3,110,1,1429649336,4843,275
266,36,17,1996024,1996024,1996024,baseline,,,,,,,
266,37,18,1914586,1914474,1914474,guided,0,3,110,1,1691393987,4597,230
266,38,18,2274204,2274204,2274204,baseline,,,,,,,
266,39,19,2200234,2200058,2200058,guided,0,3,110,1,1985645477,3748,200
266,40,19,2579008,2579008,2579008,baseline,,,,,,,
266,41,19,2974962,2974962,2974962,baseline,,,,,,,
266,42,20,2911788,2911780,2911780,guided,1,3,110,1,2367541719,4025,412
266,43,20,3327660,3327660,3327660,baseline,,,,,,,
266,44,21,3273804,3273768,3273768,guided,0,3,110,1,2733994812,4084,430
266,45,21,3709490,3709490,3709490,baseline,,,,,,,
266,46,22,3666376,3666288,3666288,guided,0,3,110,1,3132761225,4159,408
266,47,22,4121726,4121726,4121726,baseline,,,,,,,
266,48,22,4588816,4588816,4588816,baseline,,,,,,,
266,49,23,4565634,4565634,4565634,baseline,,,,,,,
266,50,23,5052840,5052840,5052840,baseline,,,,,,,
266,51,24,5042500,5042470,5042470,guided,1,3,110,1,4119322057,4626,623
266,52,24,5549688,5549688,5549688,baseline,,,,,,,
266,53,24,6071604,6071604,6071604,baseline,,,,,,,
267,1,1,267,267,267,fan,,,,,,,
267,2,1,534,534,534,fan,,,,,,,
267,3,2,2397,2397,2397,fan,,,,,,,
267,4,2,3726,3726,3726,fan,,,,,,,
267,5,3,7974,7974,7974,fan,,,,,,,
267,6,3,10624,10624,10624,fan,,,,,,,
267,7,4,18562,18562,18562,fan,,,,,,,
267,8,4,23312,23312,23312,fan,,,,,,,
267,9,5,35713,35713,35713,fan,,,,,,,
267,10,5,42814,42814,42814,fan,,,,,,,
267,11,6,60959,60959,60959,fan,,,,,,,
267,12,6,71174,71174,71174,fan,,,,,,,
267,13,7,95820,95820,95820,fan,,,,,,,
267,14,7,109392,109392,109392,fan,,,,,,,
267,15,8,141796,141796,141796,fan,,,,,,,
267,16,8,159472,159472,159472,fan,,,,,,,
267,17,9,200375,200375,200375,fan,,,,,,,
267,18,9,222390,222390,222390,fan,,,,,,,
267,19,10,273025,273025,273025,fan,,,,,,,
267,20,10,300110,300110,300110,fan,,,,,,,
267,21,11,361202,361202,361202,fan,,,,,,,
267,22,11,393584,393584,393584,fan,,,,,,,
267,23,12,466342,466342,466342,fan,,,,,,,
267,24,12,504736,504736,504736,fan,,,,,,,
267,25,12,718864,718864,718864,baseline,,,,,,,
267,26,13,634494,634494,634494,fan,,,,,,,
267,27,13,864905,864905,864905,baseline,,,,,,,
267,28,14,784742,784742,784742,fan,,,,,,,
267,29,14,1030977,1030977,1030977,baseline,,,,,,,
267,30,15,956384,956384,956384,fan,,,,,,,
267,31,15,1218479,1218473,1218473,guided,0,3,110,1,1490782595,7208,572
267,32,16,1151264,1151264,1151264,fan,,,,,,,
267,33,16,1428793,1428769,1428769,guided,0,3,110,1,1799640364,7379,524
267,34,16,1752172,1752172,1752172,baseline,,,,,,,
267,35,17,1663276,1663224,1663224,guided,0,3,110,1,2151495599,7335,443
267,36,17,2006168,2006168,2006168,baseline,,,,,,,
267,37,18,1923290,1923182,1923182,guided,0,3,110,1,2545503192,7021,352
267,38,18,2285570,2285570,2285570,baseline,,,,,,,
267,39,19,2210143,2209972,2209972,guided,0,3,110,1,2987415091,5648,305
267,40,19,2591742,2591742,2591742,baseline,,,,,,,
267,41,20,2525182,2524906,2524906,guided,0,3,110,1,3476244754,5775,275
267,42,20,2925964,2925960,2925960,guided,1,3,110,1,2376772018,4033,414
267,43,20,3344917,3344917,3344917,baseline,,,,,,,
267,44,21,3289604,3289556,3289556,guided,0,3,110,1,2743206986,4091,440
267,45,21,3728490,3728490,3728490,baseline,,,,,,,
267,46,22,3683876,3683770,3683770,guided,0,3,110,1,3144330443,4175,424
267,47,22,4142598,4142598,4142598,baseline,,,,,,,
267,48,22,4613122,4613122,4613122,baseline,,,,,,,
267,49,23,4588504,4588504,4588504,baseline,,,,,,,
267,50,23,5079302,5079302,5079302,baseline,,,,,,,
267,51,24,5067503,5067478,5067478,guided,1,3,110,1,6192989018,6954,939
267,52,24,5578444,5578444,5578444,baseline,,,,,,,
267,53,24,6104176,6104176,6104176,baseline,,,,,,,
268,1,1,268,268,268,fan,,,,,,,
268,2,1,536,536,536,fan,,,,,,,
268,3,2,2406,2406,2406,fan,,,,,,,
268,4,2,3740,3740,3740,fan,,,,,,,
268,5,3,8004,8004,8004,fan,,,,,,,
268,6,3,10664,10664,10664,fan,,,,,,,
268,7,4,18632,18632,18632,fan,,,,,,,
268,8,4,23400,23400,23400,fan,,,,,,,
268,9,5,35848,35848,35848,fan,,,,,,,
268,10,5,42976,42976,42976,fan,,,,,,,
268,11,6,61190,61190,61190,fan,,,,,,,
268,12,6,71444,71444,71444,fan,,,,,,,
268,13,7,96184,96184,96184,fan,,,,,,,
268,14,7,109808,109808,109808,fan,,,,,,,
268,15,8,142336,142336,142336,fan,,,,,,,
268,16,8,160080,160080,160080,fan,,,,,,,
268,17,9,201140,201140,201140,fan,,,,,,,
268,18,9,223240,223240,223240,fan,,,,,,,
268,19,10,274070,274070,274070,fan,,,,,,,
268,20,10,301260,301260,301260,fan,,,,,,,
268,21,11,362588,362588,362588,fan,,,,,,,
268,22,11,395096,395096,395096,fan,,,,,,,
268,23,12,468136,468136,468136,fan,,,,,,,
268,24,12,506680,506680,506680,fan,,,,,,,
268,25,12,722444,722444,722444,baseline,,,,,,,
268,26,13,636944,636944,636944,fan,,,,,,,
268,27,13,869120,869120,869120,baseline,,,,,,,
268,28,14,787780,787780,787780,fan,,,,,,,
268,29,14,1035906,1035906,1035906,baseline,,,,,,,
268,30,15,960096,960096,960096,fan,,,,,,,
268,31,15,1224208,1224204,1224204,guided,0,3,110,1,998149398,4804,383
268,32,16,1155744,1155744,1155744,fan,,,,,,,
268,33,16,1435412,1435392,1435392,guided,0,1,110,1,1205556598,4922,354
268,34,16,1761192,1761192,1761192,baseline,,,,,,,
268,35,17,1670886,1670838,1670838,guided,0,3,110,1,1440901637,4902,306
268,36,17,2016312,2016312,2016312,baseline,,,,,,,
268,37,18,1931994,1931890,1931890,guided,0,1,110,1,1703765957,4659,244
268,38,18,2296972,2296972,2296972,baseline,,,,,,,
268,39,19,2220052,2219886,2219886,guided,0,3,110,1,2002127910,3780,205
268,40,19,2604476,2604476,2604476,baseline,,,,,,,
268,41,20,2536412,2536140,2536140,guided,0,1,110,1,2325607459,3852,184
268,42,20,2940180,2940180,2940180,baseline,,,,,,,
268,43,20,3362204,3362204,3362204,baseline,,,,,,,
268,44,21,3305404,3305344,3305344,guided,0,3,110,1,2752424244,4098,450
268,45,21,3747520,3747520,3747520,baseline,,,,,,,
268,46,22,3701420,3701296,3701296,guided,0,3,110,1,3155150690,4184,433
268,47,22,4163498,4163498,4163498,baseline,,,,,,,
268,48,22,4637472,4637472,4637472,baseline,,,,,,,
268,49,23,4611410,4611410,4611410,baseline,,,,,,,
268,50,23,5105816,5105816,5105816,baseline,,,,,,,
268,51,24,5092560,5092520,5092520,guided,1,1,110,1,4151804393,4656,630
268,52,24,5607256,5607256,5607256,baseline,,,,,,,
268,53,24,6136816,6136816,6136816,baseline,,,,,,,
269,1,1,269,269,269,fan,,,,,,,
269,2,1,538,538,538,fan,,,,,,,
269,3,2,2415,2415,2415,fan,,,,,,,
269,4,2,3754,3754,3754,fan,,,,,,,
269,5,3,8034,8034,8034,fan,,,,,,,
269,6,3,10704,10704,10704,fan,,,,,,,
269,7,4,18702,18702,18702,fan,,,,,,,
269,8,4,23488,23488,23488,fan,,,,,,,
269,9,5,35983,35983,35983,fan,,,,,,,
269,10,5,43138,43138,43138,fan,,,,,,,
269,11,6,61421,61421,61421,fan,,,,,,,
269,12,6,71714,71714,71714,fan,,,,,,,
269,13,7,96548,96548,96548,fan,,,,,,,
269,14,7,110224,110224,110224,fan,,,,,,,
269,15,8,142876,142876,142876,fan,,,,,,,
269,16,8,160688,160688,160688,fan,,,,,,,
269,17,9,201905,201905,201905,fan,,,,,,,
269,18,9,224090,224090,224090,fan,,,,,,,
269,19,10,275115,275115,275115,fan,,,,,,,
269,20,10,302410,302410,302410,fan,,,,,,,
269,21,11,363974,363974,363974,fan,,,,,,,
269,22,11,396608,396608,396608,fan,,,,,,,
269,23,12,469930,469930,469930,fan,,,,,,,
269,24,12,508624,508624,508624,fan,,,,,,,
269,25,12,726037,726037,726037,baseline,,,,,,,
269,26,13,639394,639394,639394,fan,,,,,,,
269,27,13,873348,873348,873348,baseline,,,,,,,
269,28,14,790818,790818,790818,fan,,,,,,,
269,29,14,1040851,1040851,1040851,baseline,,,,,,,
269,30,15,963808,963808,963808,fan,,,,,,,
269,31,15,1229952,1229950,1229950,guided,0,1,110,1,1502600483,7249,577
269,32,16,1160224,1160224,1160224,fan,,,,,,,
269,33,16,1442049,1442032,1442032,guided,0,1,110,1,1815193694,7433,551
269,34,16,1770214,1770214,1770214,baseline,,,,,,,
269,35,17,1678513,1678469,1678469,guided,0,1,110,1,2168008233,7430,480
269,36,17,2026492,2026492,2026492,baseline,,,,,,,
269,37,18,1940713,1940618,1940618,guided,0,1,110,1,2564182742,7057,388
269,38,18,2308376,2308376,2308376,baseline,,,,,,,
269,39,19,2229980,2229819,2229819,guided,0,1,110,1,3007256447,5701,310
269,40,19,2617250,2617250,2617250,baseline,,,,,,,
269,41,20,2547658,2547395,2547395,guided,0,1,110,1,3496913905,5802,288
269,42,20,2954406,2954402,2954402,guided,1,3,110,1,2392039858,4052,418
269,43,20,3379523,3379523,3379523,baseline,,,,,,,
269,44,21,3321226,3321176,3321176,deep,0,3,110,1,10999820196,13367,907
269,45,21,3766586,3766586,3766586,baseline,,,,,,,
269,46,22,3718938,3718824,3718824,guided,0,3,110,1,3164952098,4191,431
269,47,22,4184439,4184439,4184439,baseline,,,,,,,
269,48,22,4661870,4661870,4661870,baseline,,,,,,,
269,49,23,4634356,4634356,4634356,baseline,,,,,,,
269,50,23,5132374,5132374,5132374,baseline,,,,,,,
269,51,24,5117633,5117608,5117608,guided,1,1,110,1,6234735868,6967,943
269,52,24,5636120,5636120,5636120,baseline,,,,,,,
269,53,25,5635497,5635451,5635451,guided,3,2,110,1,7043572733,7172,999
270,1,1,270,270,270,fan,,,,,,,
270,2,1,540,540,540,fan,,,,,,,
270,3,2,2424,2424,2424,fan,,,,,,,
270,4,2,3768,3768,3768,fan,,,,,,,
270,5,3,8064,8064,8064,fan,,,,,,,
270,6,3,10744,10744,10744,fan,,,,,,,
270,7,4,18772,18772,18772,fan,,,,,,,
270,8,4,23576,23576,23576,fan,,,,,,,
270,9,5,36118,36118,36118,fan,,,,,,,
270,10,5,43300,43300,43300,fan,,,,,,,
270,11,6,61652,61652,61652,fan,,,,,,,
270,12,6,71984,71984,71984,fan,,,,,,,
270,13,7,96912,96912,96912,fan,,,,,,,
270,14,7,110640,110640,110640,fan,,,,,,,
270,15,8,143416,143416,143416,fan,,,,,,,
270,16,8,161296,161296,161296,fan,,,,,,,
270,17,9,202670,202670,202670,fan,,,,,,,
270,18,9,224940,224940,224940,fan,,,,,,,
270,19,10,276160,276160,276160,fan,,,,,,,
270,20,10,303560,303560,303560,fan,,,,,,,
270,21,11,365360,365360,365360,fan,,,,,,,
270,22,11,398120,398120,398120,fan,,,,,,,
270,23,12,471724,471724,471724,fan,,,,,,,
270,24,12,510568,510568,510568,fan,,,,,,,
270,25,12,729630,729630,729630,baseline,,,,,,,
270,26,13,641844,641844,641844,fan,,,,,,,
270,27,13,877576,877576,877576,baseline,,,,,,,
270,28,14,793856,793856,793856,fan,,,,,,,
270,29,14,1045796,1045796,1045796,baseline,,,,,,,
270,30,15,967520,967520,967520,fan,,,,,,,
270,31,15,1235696,1235696,1235696,baseline,,,,,,,
270,32,16,1164704,1164704,1164704,fan,,,,,,,
270,33,16,1448686,1448672,1448672,guided,0,3,110,1,1214863705,4960,374
270,34,16,1779268,1779268,1779268,baseline,,,,,,,
270,35,17,1686140,1686100,1686100,guided,0,3,110,1,1451790711,4957,336
270,36,17,2036672,2036672,2036672,baseline,,,,,,,
270,37,18,1949432,1949346,1949346,guided,0,3,110,1,1716997910,4708,266
270,38,18,2319816,2319816,2319816,baseline,,,,,,,
270,39,19,2239908,2239752,2239752,guided,0,3,110,1,2015845417,3809,210
270,40,19,2630024,2630024,2630024,baseline,,,,,,,
270,41,20,2558904,2558650,2558650,guided,0,3,110,1,2347130269,3885,196
270,42,20,2968672,2968664,2968664,guided,1,3,110,1,2401807080,4066,420
270,43,20,3396872,3396872,3396872,baseline,,,,,,,
270,44,21,3337048,3337008,3337008,deep,0,3,110,1,11042385664,13372,820
270,45,21,3785680,3785680,3785680,baseline,,,,,,,
270,46,22,3736492,3736396,3736396,guided,0,3,110,1,3176545906,4205,435
270,47,22,4205408,4205408,4205408,baseline,,,,,,,
270,48,22,4686312,4686312,4686312,baseline,,,,,,,
270,49,23,4657336,4657336,4657336,baseline,,,,,,,
270,50,23,5158984,5158984,5158984,baseline,,,,,,,
270,51,24,5142756,5142730,5142730,guided,1,3,110,1,4179692905,4653,630
270,52,24,5665032,5665032,5665032,baseline,,,,,,,
270,53,25,5662924,5662860,5662860,guided,3,3,110,1,4712864835,4778,666
270,54,25,6205684,6205684,6205684,baseline,,,,,,,
271,1,1,271,271,271,fan,,,,,,,
271,2,1,542,542,542,fan,,,,,,,
271,3,2,2433,2433,2433,fan,,,,,,,
271,4,2,3782,3782,3782,fan,,,,,,,
271,5,3,8094,8094,8094,fan,,,,,,,
271,6,3,10784,10784,10784,fan,,,,,,,
271,7,4,18842,18842,18842,fan,,,,,,,
271,8,4,23664,23664,23664,fan,,,,,,,
271,9,5,36253,36253,36253,fan,,,,,,,
271,10,5,43462,43462,43462,fan,,,,,,,
271,11,6,61883,61883,61883,fan,,,,,,,
271,12,6,72254,72254,72254,fan,,,,,,,
271,13,7,97276,97276,97276,fan,,,,,,,
271,14,7,111056,111056,111056,fan,,,,,,,
271,15,8,143956,143956,143956,fan,,,,,,,
271,16,8,161904,161904,161904,fan,,,,,,,
271,17,9,203435,203435,203435,fan,,,,,,,
271,18,9,225790,225790,225790,fan,,,,,,,
271,19,10,277205,277205,277205,fan,,,,,,,
271,20,10,304710,304710,304710,fan,,,,,,,
271,21,11,366746,366746,366746,fan,,,,,,,
271,22,11,399632,399632,399632,fan,,,,,,,
271,23,12,473518,473518,473518,fan,,,,,,,
271,24,12,512512,512512,512512,fan,,,,,,,
271,25,12,733235,733235,733235,baseline,,,,,,,
271,26,13,644294,644294,644294,fan,,,,,,,
271,27,13,881819,881819,881819,baseline,,,,,,,
271,28,14,796894,796894,796894,fan,,,,,,,
271,29,14,1050755,1050755,1050755,baseline,,,,,,,
271,30,15,971232,971232,971232,fan,,,,,,,
271,31,15,1241460,1241458,1241458,guided,0,3,110,1,1513589191,7264,599
271,32,16,1169184,1169184,1169184,fan,,,,,,,
271,33,16,1455339,1455328,1455328,guided,0,3,110,1,1827248729,7489,571
271,34,16,1788322,1788322,1788322,baseline,,,,,,,
271,35,17,1693796,1693750,1693750,guided,0,3,110,1,2184811119,7468,506
271,36,17,2046886,2046886,2046886,baseline,,,,,,,
271,37,18,1958169,1958092,1958092,guided,0,3,110,1,2583307263,7167,414
271,38,18,2331260,2331260,2331260,baseline,,,,,,,
271,39,19,2249870,2249705,2249705,guided,0,3,110,1,3031711502,5720,303
271,40,19,2642840,2642840,2642840,baseline,,,,,,,
271,41,20,2570162,2569925,2569925,guided,0,3,110,1,3528709339,5844,300
271,42,20,2982934,2982930,2982930,guided,1,3,110,1,2411452182,4075,421
271,43,20,3414254,3414254,3414254,baseline,,,,,,,
271,44,21,3352916,3352886,3352886,deep,0,3,110,1,11079458726,13494,1031
271,45,21,3804812,3804812,3804812,baseline,,,,,,,
271,46,22,3754082,3753972,3753972,guided,0,3,110,1,3187987203,4216,442
271,47,22,4226416,4226416,4226416,baseline,,,,,,,
271,48,22,4710802,4710802,4710802,baseline,,,,,,,
271,49,23,4680353,4680353,4680353,baseline,,,,,,,
271,50,23,5185638,5185638,5185638,baseline,,,,,,,
271,51,24,5167922,5167895,5167895,guided,1,3,110,1,6283652879,6999,948
271,52,24,5693996,5693996,5693996,baseline,,,,,,,
271,53,25,5690361,5690315,5690315,guided,3,3,110,1,7076960375,7182,999
271,54,25,6237100,6237100,6237100,baseline,,,,,,,
272,1,1,272,272,272,fan,,,,,,,
272,2,1,544,544,544,fan,,,,,,,
272,3,2,2442,2442,2442,fan,,,,,,,
272,4,2,3796,3796,3796,fan,,,,,,,
272,5,3,8124,8124,8124,fan,,,,,,,
272,6,3,10824,10824,10824,fan,,,,,,,
272,7,4,18912,18912,18912,fan,,,,,,,
272,8,4,23752,23752,23752,fan,,,,,,,
272,9,5,36388,36388,36388,fan,,,,,,,
272,10,5,43624,43624,43624,fan,,,,,,,
272,11,6,62114,62114,62114,fan,,,,,,,
272,12,6,72524,72524,72524,fan,,,,,,,
272,13,7,97640,97640,97640,fan,,,,,,,
272,14,7,111472,111472,111472,fan,,,,,,,
272,15,8,144496,144496,144496,fan,,,,,,,
272,16,8,162512,162512,162512,fan,,,,,,,
272,17,9,204200,204200,204200,fan,,,,,,,
272,18,9,226640,226640,226640,fan,,,,,,,
272,19,10,278250,278250,278250,fan,,,,,,,
272,20,10,305860,305860,305860,fan,,,,,,,
272,21,11,368132,368132,368132,fan,,,,,,,
272,22,11,401144,401144,401144,fan,,,,,,,
272,23,12,475312,475312,475312,fan,,,,,,,
272,24,12,514456,514456,514456,fan,,,,,,,
272,25,12,736840,736840,736840,baseline,,,,,,,
272,26,13,646744,646744,646744,fan,,,,,,,
272,27,13,886062,886062,886062,baseline,,,,,,,
272,28,14,799932,799932,799932,fan,,,,,,,
272,29,14,1055714,1055714,1055714,baseline,,,,,,,
272,30,15,974944,974944,974944,fan,,,,,,,
272,31,15,1247224,1247220,1247220,guided,0,3,110,1,1012574626,4843,405
272,32,16,1173664,1173664,1173664,fan,,,,,,,
272,33,16,1461992,1461984,1461984,guided,0,1,110,1,1224387952,4995,394
272,34,16,1797408,1797408,1797408,baseline,,,,,,,
272,35,17,1701452,1701400,1701400,guided,0,3,110,1,1461258453,4973,338
272,36,17,2057100,2057100,2057100,baseline,,,,,,,
272,37,18,1966906,1966838,1966838,guided,0,1,110,1,1729569270,4753,293
272,38,18,2342740,2342740,2342740,baseline,,,,,,,
272,39,19,2259832,2259658,2259658,guided,0,3,110,1,2031796024,3817,198
272,40,19,2655656,2655656,2655656,baseline,,,,,,,
272,41,20,2581420,2581200,2581200,guided,0,1,110,1,2361460513,3912,208
272,42,20,2997236,2997236,2997236,baseline,,,,,,,
272,43,20,3431664,3431664,3431664,baseline,,,,,,,
272,44,21,3368784,3368764,3368764,guided,1,3,110,1,2789497826,4202,432
272,45,21,3823972,3823972,3823972,baseline,,,,,,,
272,46,22,3771720,3771592,3771592,guided,0,3,110,1,3198167506,4225,442
272,47,22,4247454,4247454,4247454,baseline,,,,,,,
272,48,22,4735336,4735336,4735336,baseline,,,,,,,
272,49,23,4703404,4703404,4703404,baseline,,,,,,,
272,50,23,5212344,5212344,5212344,baseline,,,,,,,
272,51,24,5193108,5193096,5193096,guided,1,1,110,1,4210068195,4676,632
272,52,24,5723008,5723008,5723008,baseline,,,,,,,
272,53,25,5717854,5717806,5717806,guided,3,3,110,1,4748874917,4800,667
272,54,25,6268568,6268568,6268568,baseline,,,,,,,
273,1,1,273,273,273,fan,,,,,,,
273,2,1,546,546,546,fan,,,,,,,
273,3,2,2451,2451,2451,fan,,,,,,,
273,4,2,3810,3810,3810,fan,,,,,,,
273,5,3,8154,8154,8154,fan,,,,,,,
273,6,3,10864,10864,10864,fan,,,,,,,
273,7,4,18982,18982,18982,fan,,,,,,,
273,8,4,23840,23840,23840,fan,,,,,,,
273,9,5,36523,36523,36523,fan,,,,,,,
273,10,5,43786,43786,43786,fan,,,,,,,
273,11,6,62345,62345,62345,fan,,,,,,,
273,12,6,72794,72794,72794,fan,,,,,,,
273,13,7,98004,98004,98004,fan,,,,,,,
273,14,7,111888,111888,111888,fan,,,,,,,
273,15,8,145036,145036,145036,fan,,,,,,,
273,16,8,163120,163120,163120,fan,,,,,,,
273,17,9,204965,204965,204965,fan,,,,,,,
273,18,9,227490,227490,227490,fan,,,,,,,
273,19,10,279295,279295,279295,fan,,,,,,,
273,20,10,307010,307010,307010,fan,,,,,,,
273,21,11,369518,369518,369518,fan,,,,,,,
273,22,11,402656,402656,402656,fan,,,,,,,
273,23,12,477106,477106,477106,fan,,,,,,,
273,24,12,516400,516400,516400,fan,,,,,,,
273,25,12,740457,740457,740457,baseline,,,,,,,
273,26,13,649194,649194,649194,fan,,,,,,,
273,27,13,890318,890318,890318,baseline,,,,,,,
273,28,14,802970,802970,802970,fan,,,,,,,
273,29,14,1060688,1060688,1060688,baseline,,,,,,,
273,30,15,978656,978656,978656,fan,,,,,,,
273,31,15,1253003,1252997,1252997,guided,0,1,110,1,1524311895,7322,616
273,32,16,1178144,1178144,1178144,fan,,,,,,,
273,33,16,1468669,1468658,1468658,guided,0,1,110,1,1841827249,7550,629
273,34,17,1402338,1402338,1402338,fan,,,,,,,
273,35,17,1709125,1709067,1709067,guided,0,1,110,1,2200753605,7524,515
273,36,17,2067350,2067350,2067350,baseline,,,,,,,
273,37,18,1975679,1975603,1975603,guided,0,1,110,1,2602088139,7195,421
273,38,18,2354222,2354222,2354222,baseline,,,,,,,
273,39,19,2269813,2269630,2269630,guided,0,1,110,1,3054474326,5752,291
273,40,19,2668512,2668512,2668512,baseline,,,,,,,
273,41,20,2592727,2592497,2592497,guided,0,1,110,1,3552046556,5877,308
273,42,20,3011548,3011544,3011544,guided,1,3,110,1,2429638483,4097,426
273,43,20,3449109,3449109,3449109,baseline,,,,,,,
273,44,21,3384716,3384686,3384686,guided,3,3,110,1,2803546646,4366,724
273,45,21,3843168,3843168,3843168,baseline,,,,,,,
273,46,22,3789328,3789214,3789214,guided,0,3,110,1,3212936986,4234,436
273,47,22,4268530,4268530,4268530,baseline,,,,,,,
273,48,22,4759918,4759918,4759918,baseline,,,,,,,
273,49,23,4726493,4726493,4726493,baseline,,,,,,,
273,50,23,5239094,5239094,5239094,baseline,,,,,,,
273,51,24,5218355,5218340,5218340,guided,1,1,110,1,6329143294,7039,956
273,52,24,5752072,5752072,5752072,baseline,,,,,,,
273,53,25,5745392,5745343,5745343,guided,3,2,110,1,7140650467,7208,1001
273,54,25,6300088,6300088,6300088,baseline,,,,,,,
274,1,1,274,274,274,fan,,,,,,,
274,2,1,548,548,548,fan,,,,,,,
274,3,2,2460,2460,2460,fan,,,,,,,
274,4,2,3824,3824,3824,fan,,,,,,,
274,5,3,8184,8184,8184,fan,,,,,,,
274,6,3,10904,10904,10904,fan,,,,,,,
274,7,4,19052,19052,19052,fan,,,,,,,
274,8,4,23928,23928,23928,fan,,,,,,,
274,9,5,36658,36658,36658,fan,,,,,,,
274,10,5,43948,43948,43948,fan,,,,,,,
274,11,6,62576,62576,62576,fan,,,,,,,
274,12,6,73064,73064,73064,fan,,,,,,,
274,13,7,98368,98368,98368,fan,,,,,,,
274,14,7,112304,112304,112304,fan,,,,,,,
274,15,8,145576,145576,145576,fan,,,,,,,
274,16,8,163728,163728,163728,fan,,,,,,,
274,17,9,205730,205730,205730,fan,,,,,,,
274,18,9,228340,228340,228340,fan,,,,,,,
274,19,10,280340,280340,280340,fan,,,,,,,
274,20,10,308160,308160,308160,fan,,,,,,,
274,21,11,370904,370904,370904,fan,,,,,,,
274,22,11,404168,404168,404168,fan,,,,,,,
274,23,12,478900,478900,478900,fan,,,,,,,
274,24,12,518344,518344,518344,fan,,,,,,,
274,25,12,744074,744074,744074,baseline,,,,,,,
274,26,13,651644,651644,651644,fan,,,,,,,
274,27,13,894574,894574,894574,baseline,,,,,,,
274,28,14,806008,806008,806008,fan,,,,,,,
274,29,14,1065662,1065662,1065662,baseline,,,,,,,
274,30,15,982368,982368,982368,fan,,,,,,,
274,31,15,1258782,1258774,1258774,guided,0,3,110,1,1020659606,4871,422
274,32,16,1182624,1182624,1182624,fan,,,,,,,
274,33,16,1475346,1475332,1475332,guided,0,3,110,1,1232321931,5042,432
274,34,17,1407684,1407684,1407684,fan,,,,,,,
274,35,17,1716798,1716734,1716734,guided,0,3,110,1,1473030798,4995,340
274,36,17,2077600,2077600,2077600,baseline,,,,,,,
274,37,18,1984452,1984368,1984368,guided,0,3,110,1,1742387013,4798,272
274,38,18,2365740,2365740,2365740,baseline,,,,,,,
274,39,19,2279794,2279602,2279602,guided,0,3,110,1,2044583418,3822,186
274,40,19,2681368,2681368,2681368,baseline,,,,,,,
274,41,20,2604034,2603794,2603794,guided,0,3,110,1,2380810803,3927,204
274,42,20,3025900,3025892,3025892,guided,0,3,110,1,2441414767,3970,434
274,43,20,3466582,3466582,3466582,baseline,,,,,,,
274,44,21,3400648,3400608,3400608,guided,0,3,110,1,2809409294,4136,458
274,45,21,3862394,3862394,3862394,baseline,,,,,,,
274,46,22,3806980,3806880,3806880,guided,0,3,110,1,3222322693,4245,438
274,47,22,4289636,4289636,4289636,baseline,,,,,,,
274,48,22,4784544,4784544,4784544,baseline,,,,,,,
274,49,23,4749614,4749614,4749614,baseline,,,,,,,
274,50,23,5265896,5265896,5265896,baseline,,,,,,,
274,51,24,5243626,5243616,5243616,guided,1,3,110,1,4237275977,4712,644
274,52,24,5781184,5781184,5781184,baseline,,,,,,,
274,53,25,5772946,5772914,5772914,guided,3,3,110,1,4778178550,4816,668
274,54,25,6331660,6331660,6331660,baseline,,,,,,,
275,1,1,275,275,275,fan,,,,,,,
275,2,1,550,550,550,fan,,,,,,,
275,3,2,2469,2469,2469,fan,,,,,,,
275,4,2,3838,3838,3838,fan,,,,,,,
275,5,3,8214,8214,8214,fan,,,,,,,
275,6,3,10944,10944,10944,fan,,,,,,,
275,7,4,19122,19122,19122,fan,,,,,,,
275,8,4,24016,24016,24016,fan,,,,,,,
275,9,5,36793,36793,36793,fan,,,,,,,
275,10,5,44110,44110,44110,fan,,,,,,,
275,11,6,62807,62807,62807,fan,,,,,,,
275,12,6,73334,73334,73334,fan,,,,,,,
275,13,7,98732,98732,98732,fan,,,,,,,
275,14,7,112720,112720,112720,fan,,,,,,,
275,15,8,146116,146116,146116,fan,,,,,,,
275,16,8,164336,164336,164336,fan,,,,,,,
275,17,9,206495,206495,206495,fan,,,,,,,
275,18,9,229190,229190,229190,fan,,,,,,,
275,19,10,281385,281385,281385,fan,,,,,,,
275,20,10,309310,309310,309310,fan,,,,,,,
275,21,11,372290,372290,372290,fan,,,,,,,
275,22,11,405680,405680,405680,fan,,,,,,,
275,23,12,480694,480694,480694,fan,,,,,,,
275,24,12,520288,520288,520288,fan,,,,,,,
275,25,12,747703,747703,747703,baseline,,,,,,,
275,26,13,654094,654094,654094,fan,,,,,,,
275,27,13,898844,898844,898844,baseline,,,,,,,
275,28,14,809046,809046,809046,fan,,,,,,,
275,29,14,1070650,1070650,1070650,baseline,,,,,,,
275,30,15,986080,986080,986080,fan,,,,,,,
275,31,15,1264574,1264568,1264568,guided,0,3,110,1,1536082116,7328,613
275,32,16,1187104,1187104,1187104,fan,,,,,,,
275,33,16,1482039,1482022,1482022,guided,0,3,110,1,1855185730,7624,667
275,34,17,1413030,1413030,1413030,fan,,,,,,,
275,35,17,1724477,1724419,1724419,guided,0,3,110,1,2215756637,7530,509
275,36,17,2087884,2087884,2087884,baseline,,,,,,,
275,37,18,1993243,1993151,1993151,guided,0,3,110,1,2620315583,7290,405
275,38,18,2377258,2377258,2377258,baseline,,,,,,,
275,39,19,2289776,2289595,2289595,guided,0,3,110,1,3075013503,5761,289
275,40,19,2694266,2694266,2694266,baseline,,,,,,,
275,41,20,2615361,2615111,2615111,guided,0,3,110,1,3578261399,5898,304
275,42,20,3040248,3040244,3040244,guided,1,3,110,1,2446344640,4106,430
275,43,20,3484088,3484088,3484088,baseline,,,,,,,
275,44,21,3416606,3416576,3416576,guided,3,3,110,1,2821620657,4384,727
275,45,21,3881655,3881655,3881655,baseline,,,,,,,
275,46,22,3824634,3824550,3824550,guided,0,3,110,1,3238503557,4258,452
275,47,22,4310781,4310781,4310781,baseline,,,,,,,
275,48,22,4809218,4809218,4809218,baseline,,,,,,,
275,49,23,4772775,4772775,4772775,baseline,,,,,,,
275,50,23,5292742,5292742,5292742,baseline,,,,,,,
275,51,24,5268936,5268933,5268933,guided,1,3,110,1,6376073454,7086,974
275,52,24,5810348,5810348,5810348,baseline,,,,,,,
275,53,25,5800572,5800534,5800534,guided,3,3,110,1,7183454687,7227,1002
275,54,25,6363284,6363284,6363284,baseline,,,,,,,
275,55,25,6941938,6941938,6941938,baseline,,,,,,,
276,1,1,276,276,276,fan,,,,,,,
276,2,1,552,552,552,fan,,,,,,,
276,3,2,2478,2478,2478,fan,,,,,,,
276,4,2,3852,3852,3852,fan,,,,,,,
276,5,3,8244,8244,8244,fan,,,,,,,
276,6,3,10984,10984,10984,fan,,,,,,,
276,7,4,19192,19192,19192,fan,,,,,,,
276,8,4,24104,24104,24104,fan,,,,,,,
276,9,5,36928,36928,36928,fan,,,,,,,
276,10,5,44272,44272,44272,fan,,,,,,,
276,11,6,63038,63038,63038,fan,,,,,,,
276,12,6,73604,73604,73604,fan,,,,,,,
276,13,7,99096,99096,99096,fan,,,,,,,
276,14,7,113136,113136,113136,fan,,,,,,,
276,15,8,146656,146656,146656,fan,,,,,,,
276,16,8,164944,164944,164944,fan,,,,,,,
276,17,9,207260,207260,207260,fan,,,,,,,
276,18,9,230040,230040,230040,fan,,,,,,,
276,19,10,282430,282430,282430,fan,,,,,,,
276,20,10,310460,310460,310460,fan,,,,,,,
276,21,11,373676,373676,373676,fan,,,,,,,
276,22,11,407192,407192,407192,fan,,,,,,,
276,23,12,482488,482488,482488,fan,,,,,,,
276,24,12,522232,522232,522232,fan,,,,,,,
276,25,12,751332,751332,751332,baseline,,,,,,,
276,26,13,656544,656544,656544,fan,,,,,,,
276,27,13,903114,903114,903114,baseline,,,,,,,
276,28,14,812084,812084,812084,fan,,,,,,,
276,29,14,1075638,1075638,1075638,baseline,,,,,,,
276,30,15,989792,989792,989792,fan,,,,,,,
276,31,15,1270366,1270362,1270362,guided,0,3,110,1,1027388264,4879,402
276,32,16,1191584,1191584,1191584,fan,,,,,,,
276,33,16,1488732,1488712,1488712,guided,0,1,110,1,1242673431,5095,470
276,34,17,1418376,1418376,1418376,fan,,,,,,,
276,35,17,1732156,1732104,1732104,guided,0,3,110,1,1483801910,5021,338
276,36,17,2098168,2098168,2098168,baseline,,,,,,,
276,37,18,2002034,2001934,2001934,guided,0,1,110,1,1754754196,4831,245
276,38,18,2388812,2388812,2388812,baseline,,,,,,,
276,39,19,2299758,2299588,2299588,guided,0,3,110,1,2061808158,3850,196
276,40,19,2707164,2707164,2707164,baseline,,,,,,,
276,41,20,2626684,2626428,2626428,guided,0,1,110,1,2393132141,3936,200
276,42,20,3054636,3054636,3054636,baseline,,,,,,,
276,43,20,3501624,3501624,3501624,baseline,,,,,,,
276,44,21,3432564,3432544,3432544,guided,1,3,110,1,2829423574,4228,440
276,45,21,3900946,3900946,3900946,baseline,,,,,,,
276,46,22,3842332,3842264,3842264,guided,0,3,110,1,3245193263,4261,465
276,47,22,4331954,4331954,4331954,baseline,,,,,,,
276,48,23,4285220,4285068,4285068,guided,0,3,110,1,3697382494,4352,462
276,49,23,4795968,4795968,4795968,baseline,,,,,,,
276,50,23,5319640,5319640,5319640,baseline,,,,,,,
276,51,24,5294284,5294284,5294284,baseline,,,,,,,
276,52,24,5839560,5839560,5839560,baseline,,,,,,,
276,53,25,5828216,5828188,5828188,guided,1,3,110,1,4815411454,4817,652
276,54,25,6394960,6394960,6394960,baseline,,,,,,,
276,55,25,6977738,6977738,6977738,baseline,,,,,,,
277,1,1,277,277,277,fan,,,,,,,
277,2,1,554,554,554,fan,,,,,,,
277,3,2,2487,2487,2487,fan,,,,,,,
277,4,2,3866,3866,3866,fan,,,,,,,
277,5,3,8274,8274,8274,fan,,,,,,,
277,6,3,11024,11024,11024,fan,,,,,,,
277,7,4,19262,19262,19262,fan,,,,,,,
277,8,4,24192,24192,24192,fan,,,,,,,
277,9,5,37063,37063,37063,fan,,,,,,,
277,10,5,44434,44434,44434,fan,,,,,,,
277,11,6,63269,63269,63269,fan,,,,,,,
277,12,6,73874,73874,73874,fan,,,,,,,
277,13,7,99460,99460,99460,fan,,,,,,,
277,14,7,113552,113552,113552,fan,,,,,,,
277,15,8,147196,147196,147196,fan,,,,,,,
277,16,8,165552,165552,165552,fan,,,,,,,
277,17,9,208025,208025,208025,fan,,,,,,,
277,18,9,230890,230890,230890,fan,,,,,,,
277,19,10,283475,283475,283475,fan,,,,,,,
277,20,10,311610,311610,311610,fan,,,,,,,
277,21,11,375062,375062,375062,fan,,,,,,,
277,22,11,408704,408704,408704,fan,,,,,,,
277,23,12,484282,484282,484282,fan,,,,,,,
277,24,12,524176,524176,524176,fan,,,,,,,
277,25,12,754974,754974,754974,baseline,,,,,,,
277,26,13,658994,658994,658994,fan,,,,,,,
277,27,13,907397,907397,907397,baseline,,,,,,,
277,28,14,815122,815122,815122,fan,,,,,,,
277,29,14,1080642,1080642,1080642,baseline,,,,,,,
277,30,15,993504,993504,993504,fan,,,,,,,
277,31,15,1276173,1276171,1276171,guided,0,1,110,1,1547104664,7366,593
277,32,16,1196064,1196064,1196064,fan,,,,,,,
277,33,16,1495436,1495419,1495419,guided,0,1,110,1,1867641818,7657,691
277,34,17,1423722,1423722,1423722,fan,,,,,,,
277,35,17,1739852,1739806,1739806,guided,0,1,110,1,2231841220,7616,516
277,36,17,2108488,2108488,2108488,baseline,,,,,,,
277,37,18,2010828,2010737,2010737,guided,0,1,110,1,2639768334,7306,412
277,38,18,2400368,2400368,2400368,baseline,,,,,,,
277,39,19,2309759,2309600,2309600,guided,0,1,110,1,3096021579,5902,299
277,40,19,2720102,2720102,2720102,baseline,,,,,,,
277,41,20,2638011,2637766,2637766,guided,0,1,110,1,3607329790,5921,301
277,42,20,3069034,3069030,3069030,guided,1,3,110,1,2461291662,4114,432
277,43,20,3519192,3519192,3519192,baseline,,,,,,,
277,44,21,3448586,3448556,3448556,guided,3,3,110,1,2844607697,4397,729
277,45,21,3920273,3920273,3920273,baseline,,,,,,,
277,46,22,3860064,3859980,3859980,guided,0,3,110,1,3259735375,4276,455
277,47,22,4353168,4353168,4353168,baseline,,,,,,,
277,48,23,4304830,4304666,4304666,guided,0,3,110,1,3710747933,4355,451
277,49,23,4819199,4819199,4819199,baseline,,,,,,,
277,50,23,5346582,5346582,5346582,baseline,,,,,,,
277,51,24,5319675,5319675,5319675,baseline,,,,,,,
277,52,24,5868824,5868824,5868824,baseline,,,,,,,
277,53,25,5855904,5855886,5855886,guided,1,1,110,1,7246420933,7241,983
277,54,25,6426688,6426688,6426688,baseline,,,,,,,
277,55,25,7013606,7013606,7013606,baseline,,,,,,,
278,1,1,278,278,278,fan,,,,,,,
278,2,1,556,556,556,fan,,,,,,,
278,3,2,2496,2496,2496,fan,,,,,,,
278,4,2,3880,3880,3880,fan,,,,,,,
278,5,3,8304,8304,8304,fan,,,,,,,
278,6,3,11064,11064,11064,fan,,,,,,,
278,7,4,19332,19332,19332,fan,,,,,,,
278,8,4,24280,24280,24280,fan,,,,,,,
278,9,5,37198,37198,37198,fan,,,,,,,
278,10,5,44596,44596,44596,fan,,,,,,,
278,11,6,63500,63500,63500,fan,,,,,,,
278,12,6,74144,74144,74144,fan,,,,,,,
278,13,7,99824,99824,99824,fan,,,,,,,
278,14,7,113968,113968,113968,fan,,,,,,,
278,15,8,147736,147736,147736,fan,,,,,,,
278,16,8,166160,166160,166160,fan,,,,,,,
278,17,9,208790,208790,208790,fan,,,,,,,
278,18,9,231740,231740,231740,fan,,,,,,,
278,19,10,284520,284520,284520,fan,,,,,,,
278,20,10,312760,312760,312760,fan,,,,,,,
278,21,11,376448,376448,376448,fan,,,,,,,
278,22,11,410216,410216,410216,fan,,,,,,,
278,23,12,486076,486076,486076,fan,,,,,,,
278,24,12,526120,526120,526120,fan,,,,,,,
278,25,12,758616,758616,758616,baseline,,,,,,,
278,26,13,661444,661444,661444,fan,,,,,,,
278,27,13,911680,911680,911680,baseline,,,,,,,
278,28,14,818160,818160,818160,fan,,,,,,,
278,29,14,1085646,1085646,1085646,baseline,,,,,,,
278,30,15,997216,997216,997216,fan,,,,,,,
278,31,15,1281980,1281980,1281980,baseline,,,,,,,
278,32,16,1200544,1200544,1200544,fan,,,,,,,
278,33,16,1502140,1502126,1502126,guided,0,3,110,1,1250366386,5102,456
278,34,17,1429068,1429068,1429068,fan,,,,,,,
278,35,17,1747548,1747508,1747508,guided,0,3,110,1,1493865384,5061,338
278,36,17,2118808,2118808,2118808,baseline,,,,,,,
278,37,18,2019622,2019540,2019540,guided,0,3,110,1,1768054211,4874,288
278,38,18,2411960,2411960,2411960,baseline,,,,,,,
278,39,19,2319760,2319612,2319612,guided,0,3,110,1,2072693726,3872,206
278,40,19,2733040,2733040,2733040,baseline,,,,,,,
278,41,20,2649338,2649104,2649104,guided,0,3,110,1,2413103113,3953,201
278,42,20,3083472,3083464,3083464,guided,1,3,110,1,2475779547,4129,434
278,43,20,3536790,3536790,3536790,baseline,,,,,,,
278,44,21,3464608,3464568,3464568,guided,0,3,110,1,2855013044,4132,418
278,45,21,3939628,3939628,3939628,baseline,,,,,,,
278,46,22,3877840,3877740,3877740,guided,0,3,110,1,3266529431,4299,462
278,47,22,4374410,4374410,4374410,baseline,,,,,,,
278,48,23,4324440,4324264,4324264,guided,0,3,110,1,3724144264,4358,440
278,49,23,4842464,4842464,4842464,baseline,,,,,,,
278,50,23,5373576,5373576,5373576,baseline,,,,,,,
278,51,24,5345100,5345100,5345100,baseline,,,,,,,
278,52,24,5898136,5898136,5898136,baseline,,,,,,,
278,53,25,5883640,5883616,5883616,guided,1,3,110,1,4851114255,4846,660
278,54,25,6458468,6458468,6458468,baseline,,,,,,,
278,55,25,7049536,7049536,7049536,baseline,,,,,,,
279,1,1,279,279,279,fan,,,,,,,
279,2,1,558,558,558,fan,,,,,,,
279,3,2,2505,2505,2505,fan,,,,,,,
279,4,2,3894,3894,3894,fan,,,,,,,
279,5,3,8334,8334,8334,fan,,,,,,,
279,6,3,11104,11104,11104,fan,,,,,,,
279,7,4,19402,19402,19402,fan,,,,,,,
279,8,4,24368,24368,24368,fan,,,,,,,
279,9,5,37333,37333,37333,fan,,,,,,,
279,10,5,44758,44758,44758,fan,,,,,,,
279,11,6,63731,63731,63731,fan,,,,,,,
279,12,6,74414,74414,74414,fan,,,,,,,
279,13,7,100188,100188,100188,fan,,,,,,,
279,14,7,114384,114384,114384,fan,,,,,,,
279,15,8,148276,148276,148276,fan,,,,,,,
279,16,8,166768,166768,166768,fan,,,,,,,
279,17,9,209555,209555,209555,fan,,,,,,,
279,18,9,232590,232590,232590,fan,,,,,,,
279,19,10,285565,285565,285565,fan,,,,,,,
279,20,10,313910,313910,313910,fan,,,,,,,
279,21,11,377834,377834,377834,fan,,,,,,,
279,22,11,411728,411728,411728,fan,,,,,,,
279,23,12,487870,487870,487870,fan,,,,,,,
279,24,12,528064,528064,528064,fan,,,,,,,
279,25,12,762270,762270,762270,baseline,,,,,,,
279,26,13,663894,663894,663894,fan,,,,,,,
279,27,13,915976,915976,915976,baseline,,,,,,,
279,28,14,821198,821198,821198,fan,,,,,,,
279,29,14,1090664,1090664,1090664,baseline,,,,,,,
279,30,15,1000928,1000928,1000928,fan,,,,,,,
279,31,15,1287807,1287805,1287805,guided,0,3,110,1,1557276194,7378,601
279,32,16,1205024,1205024,1205024,fan,,,,,,,
279,33,16,1508860,1508849,1508849,guided,0,3,110,1,1881642073,7700,677
279,34,17,1434414,1434414,1434414,fan,,,,,,,
279,35,17,1755275,1755229,1755229,guided,0,3,110,1,2247223200,7634,507
279,36,17,2129162,2129162,2129162,baseline,,,,,,,
279,37,18,2028434,2028361,2028361,guided,0,3,110,1,2658988807,7416,459
279,38,18,2423552,2423552,2423552,baseline,,,,,,,
279,39,19,2329798,2329644,2329644,guided,0,3,110,1,3121359924,5844,322
279,40,19,2746016,2746016,2746016,baseline,,,,,,,
279,41,20,2660683,2660462,2660462,guided,0,3,110,1,3630397745,5941,302
279,42,20,3097906,3097902,3097902,guided,1,3,110,1,2483487487,4136,433
279,43,20,3554421,3554421,3554421,baseline,,,,,,,
279,44,21,3480656,3480626,3480626,guided,2,3,110,1,2862397802,4063,383
279,45,21,3959021,3959021,3959021,baseline,,,,,,,
279,46,22,3895588,3895504,3895504,deep,0,3,110,1,13075534831,13465,795
279,47,22,4395691,4395691,4395691,baseline,,,,,,,
279,48,23,4344078,4343912,4343912,guided,0,3,110,1,3739746138,4354,423
279,49,23,4865766,4865766,4865766,baseline,,,,,,,
279,50,23,5400614,5400614,5400614,baseline,,,,,,,
279,51,24,5370566,5370566,5370566,baseline,,,,,,,
279,52,24,5927500,5927500,5927500,baseline,,,,,,,
279,53,25,5911404,5911392,5911392,guided,1,3,110,1,7285004347,7270,988
279,54,25,6490300,6490300,6490300,baseline,,,,,,,
279,55,25,7085536,7085536,7085536,baseline,,,,,,,
280,1,1,280,280,280,fan,,,,,,,
280,2,1,560,560,560,fan,,,,,,,
280,3,2,2514,2514,2514,fan,,,,,,,
280,4,2,3908,3908,3908,fan,,,,,,,
280,5,3,8364,8364,8364,fan,,,,,,,
280,6,3,11144,11144,11144,fan,,,,,,,
280,7,4,19472,19472,19472,fan,,,,,,,
280,8,4,24456,24456,24456,fan,,,,,,,
280,9,5,37468,37468,37468,fan,,,,,,,
280,10,5,44920,44920,44920,fan,,,,,,,
280,11,6,63962,63962,63962,fan,,,,,,,
280,12,6,74684,74684,74684,fan,,,,,,,
280,13,7,100552,100552,100552,fan,,,,,,,
280,14,7,114800,114800,114800,fan,,,,,,,
280,15,8,148816,148816,148816,fan,,,,,,,
280,16,8,167376,167376,167376,fan,,,,,,,
280,17,9,210320,210320,210320,fan,,,,,,,
280,18,9,233440,233440,233440,fan,,,,,,,
280,19,10,286610,286610,286610,fan,,,,,,,
280,20,10,315060,315060,315060,fan,,,,,,,
280,21,11,379220,379220,379220,fan,,,,,,,
280,22,11,413240,413240,413240,fan,,,,,,,
280,23,12,489664,489664,489664,fan,,,,,,,
280,24,12,530008,530008,530008,fan,,,,,,,
280,25,12,765924,765924,765924,baseline,,,,,,,
280,26,13,666344,666344,666344,fan,,,,,,,
280,27,13,920272,920272,920272,baseline,,,,,,,
280,28,14,824236,824236,824236,fan,,,,,,,
280,29,14,1095682,1095682,1095682,baseline,,,,,,,
280,30,15,1004640,1004640,1004640,fan,,,,,,,
280,31,15,1293634,1293630,1293630,guided,0,3,110,1,1042870938,4924,410
280,32,16,1209504,1209504,1209504,fan,,,,,,,
280,33,16,1515580,1515572,1515572,guided,0,1,110,1,1260093154,5118,442
280,34,17,1439760,1439760,1439760,fan,,,,,,,
280,35,17,1763002,1762950,1762950,guided,0,3,110,1,1504921872,5093,338
280,36,17,2139516,2139516,2139516,baseline,,,,,,,
280,37,18,2037246,2037182,2037182,guided,0,1,110,1,1780193931,4929,337
280,38,18,2435180,2435180,2435180,baseline,,,,,,,
280,39,19,2339836,2339676,2339676,guided,0,3,110,1,2089089525,3899,219
280,40,19,2758992,2758992,2758992,baseline,,,,,,,
280,41,20,2672028,2671820,2671820,guided,0,1,110,1,2433114611,3970,202
280,42,20,3112380,3112380,3112380,baseline,,,,,,,
280,43,20,3572080,3572080,3572080,baseline,,,,,,,
280,44,21,3496704,3496684,3496684,guided,1,3,110,1,2872221130,4252,440
280,45,21,3978442,3978442,3978442,baseline,,,,,,,
280,46,22,3913380,3913312,3913312,deep,0,3,110,1,13120942482,13590,861
280,47,22,4417002,4417002,4417002,baseline,,,,,,,
280,48,23,4363716,4363560,4363560,guided,0,3,110,1,3755455984,4350,406
280,49,23,4889102,4889102,4889102,baseline,,,,,,,
280,50,23,5427704,5427704,5427704,baseline,,,,,,,
280,51,24,5396064,5396064,5396064,baseline,,,,,,,
280,52,24,5956912,5956912,5956912,baseline,,,,,,,
280,53,25,5939212,5939200,5939200,guided,1,3,110,1,4882831569,4857,661
280,54,25,6522184,6522184,6522184,baseline,,,,,,,
280,55,25,7121598,7121598,7121598,baseline,,,,,,,
280,56,26,7124836,7124836,7124836,baseline,,,,,,,
281,1,1,281,281,281,fan,,,,,,,
281,2,1,562,562,562,fan,,,,,,,
281,3,2,2523,2523,2523,fan,,,,,,,
281,4,2,3922,3922,3922,fan,,,,,,,
281,5,3,8394,8394,8394,fan,,,,,,,
281,6,3,11184,11184,11184,fan,,,,,,,
281,7,4,19542,19542,19542,fan,,,,,,,
281,8,4,24544,24544,24544,fan,,,,,,,
281,9,5,37603,37603,37603,fan,,,,,,,
281,10,5,45082,45082,45082,fan,,,,,,,
281,11,6,64193,64193,64193,fan,,,,,,,
281,12,6,74954,74954,74954,fan,,,,,,,
281,13,7,100916,100916,100916,fan,,,,,,,
281,14,7,115216,115216,115216,fan,,,,,,,
281,15,8,149356,149356,149356,fan,,,,,,,
281,16,8,167984,167984,167984,fan,,,,,,,
281,17,9,211085,211085,211085,fan,,,,,,,
281,18,9,234290,234290,234290,fan,,,,,,,
281,19,10,287655,287655,287655,fan,,,,,,,
281,20,10,316210,316210,316210,fan,,,,,,,
281,21,11,380606,380606,380606,fan,,,,,,,
281,22,11,414752,414752,414752,fan,,,,,,,
281,23,12,491458,491458,491458,fan,,,,,,,
281,24,12,531952,531952,531952,fan,,,,,,,
281,25,12,769590,769590,769590,baseline,,,,,,,
281,26,13,668794,668794,668794,fan,,,,,,,
281,27,13,924581,924581,924581,baseline,,,,,,,
281,28,14,827274,827274,827274,fan,,,,,,,
281,29,14,1100715,1100715,1100715,baseline,,,,,,,
281,30,15,1008352,1008352,1008352,fan,,,,,,,
281,31,15,1299476,1299470,1299470,guided,0,1,110,1,1564901256,7439,629
281,32,16,1213984,1213984,1213984,fan,,,,,,,
281,33,16,1522324,1522313,1522313,guided,0,1,110,1,1894568704,7689,636
281,34,17,1445106,1445106,1445106,fan,,,,,,,
281,35,17,1770746,1770688,1770688,guided,0,1,110,1,2264661802,7692,506
281,36,17,2149906,2149906,2149906,baseline,,,,,,,
281,37,18,2046094,2046022,2046022,guided,0,1,110,1,2677997160,7444,481
281,38,18,2446810,2446810,2446810,baseline,,,,,,,
281,39,19,2349893,2349727,2349727,guided,0,1,110,1,3143914975,6112,340
281,40,19,2772008,2772008,2772008,baseline,,,,,,,
281,41,20,2683415,2683200,2683200,guided,0,1,110,1,3659157397,5970,308
281,42,20,3126860,3126860,3126860,baseline,,,,,,,
281,43,20,3589774,3589774,3589774,baseline,,,,,,,
281,44,21,3512812,3512786,3512786,deep,0,3,110,1,11488528984,13917,1227
281,45,21,3997899,3997899,3997899,baseline,,,,,,,
281,46,22,3931202,3931122,3931122,deep,0,3,110,1,13167882427,13644,951
281,47,22,4438351,4438351,4438351,baseline,,,,,,,
281,48,23,4383394,4383256,4383256,guided,0,3,110,1,3767408634,4368,421
281,49,23,4912476,4912476,4912476,baseline,,,,,,,
281,50,23,5454838,5454838,5454838,baseline,,,,,,,
281,51,24,5421605,5421605,5421605,baseline,,,,,,,
281,52,24,5986376,5986376,5986376,baseline,,,,,,,
281,53,25,5967066,5967052,5967052,guided,1,1,110,1,7351340837,7304,997
281,54,25,6554120,6554120,6554120,baseline,,,,,,,
281,55,25,7157728,7157728,7157728,baseline,,,,,,,
281,56,26,7159398,7159398,7159398,baseline,,,,,,,
282,1,1,282,282,282,fan,,,,,,,
282,2,1,564,564,564,fan,,,,,,,
282,3,2,2532,2532,2532,fan,,,,,,,
282,4,2,3936,3936,3936,fan,,,,,,,
282,5,3,8424,8424,8424,fan,,,,,,,
282,6,3,11224,11224,11224,fan,,,,,,,
282,7,4,19612,19612,19612,fan,,,,,,,
282,8,4,24632,24632,24632,fan,,,,,,,
282,9,5,37738,37738,37738,fan,,,,,,,
282,10,5,45244,45244,45244,fan,,,,,,,
282,11,6,64424,64424,64424,fan,,,,,,,
282,12,6,75224,75224,75224,fan,,,,,,,
282,13,7,101280,101280,101280,fan,,,,,,,
282,14,7,115632,115632,115632,fan,,,,,,,
282,15,8,149896,149896,149896,fan,,,,,,,
282,16,8,168592,168592,168592,fan,,,,,,,
282,17,9,211850,211850,211850,fan,,,,,,,
282,18,9,235140,235140,235140,fan,,,,,,,
282,19,10,288700,288700,288700,fan,,,,,,,
282,20,10,317360,317360,317360,fan,,,,,,,
282,21,11,381992,381992,381992,fan,,,,,,,
282,22,11,416264,416264,416264,fan,,,,,,,
282,23,12,493252,493252,493252,fan,,,,,,,
282,24,12,533896,533896,533896,fan,,,,,,,
282,25,12,773256,773256,773256,baseline,,,,,,,
282,26,13,671244,671244,671244,fan,,,,,,,
282,27,13,928890,928890,928890,baseline,,,,,,,
282,28,14,830312,830312,830312,fan,,,,,,,
282,29,14,1105748,1105748,1105748,baseline,,,,,,,
282,30,15,1012064,1012064,1012064,fan,,,,,,,
282,31,15,1305318,1305310,1305310,guided,0,3,110,1,1049467608,4958,438
282,32,16,1218464,1218464,1218464,fan,,,,,,,
282,33,16,1529068,1529054,1529054,guided,0,3,110,1,1268566862,5121,415
282,34,17,1450452,1450452,1450452,fan,,,,,,,
282,35,17,1778490,1778426,1778426,guided,0,3,110,1,1516274530,5108,333
282,36,17,2160296,2160296,2160296,baseline,,,,,,,
282,37,18,2054942,2054862,2054862,guided,0,3,110,1,1793317463,4962,310
282,38,18,2458476,2458476,2458476,baseline,,,,,,,
282,39,19,2359950,2359778,2359778,guided,0,3,110,1,2105633738,3926,232
282,40,19,2785024,2785024,2785024,baseline,,,,,,,
282,41,20,2694802,2694580,2694580,guided,0,3,110,1,2448546911,3988,207
282,42,20,3141380,3141380,3141380,baseline,,,,,,,
282,43,20,3607496,3607496,3607496,baseline,,,,,,,
282,44,21,3528920,3528888,3528888,deep,0,3,110,1,11534143148,13950,1222
282,45,21,4017386,4017386,4017386,baseline,,,,,,,
282,46,22,3949068,3948976,3948976,guided,0,3,110,1,3317899613,4336,469
282,47,22,4459730,4459730,4459730,baseline,,,,,,,
282,48,23,4403072,4402952,4402952,guided,0,3,110,1,3779319102,4386,436
282,49,23,4935882,4935882,4935882,baseline,,,,,,,
282,50,23,5482024,5482024,5482024,baseline,,,,,,,
282,51,24,5447178,5447178,5447178,baseline,,,,,,,
282,52,24,6015888,6015888,6015888,baseline,,,,,,,
282,53,25,5994946,5994938,5994938,guided,1,3,110,1,4913145520,4874,666
282,54,25,6586108,6586108,6586108,baseline,,,,,,,
282,55,25,7193922,7193922,7193922,baseline,,,,,,,
282,56,26,7194012,7194012,7194012,baseline,,,,,,,
283,1,1,283,283,283,fan,,,,,,,
283,2,1,566,566,566,fan,,,,,,,
283,3,2,2541,2541,2541,fan,,,,,,,
283,4,2,3950,3950,3950,fan,,,,,,,
283,5,3,8454,8454,8454,fan,,,,,,,
283,6,3,11264,11264,11264,fan,,,,,,,
283,7,4,19682,19682,19682,fan,,,,,,,
283,8,4,24720,24720,24720,fan,,,,,,,
283,9,5,37873,37873,37873,fan,,,,,,,
283,10,5,45406,45406,45406,fan,,,,,,,
283,11,6,64655,64655,64655,fan,,,,,,,
283,12,6,75494,75494,75494,fan,,,,,,,
283,13,7,101644,101644,101644,fan,,,,,,,
283,14,7,116048,116048,116048,fan,,,,,,,
283,15,8,150436,150436,150436,fan,,,,,,,
283,16,8,169200,169200,169200,fan,,,,,,,
283,17,9,212615,212615,212615,fan,,,,,,,
283,18,9,235990,235990,235990,fan,,,,,,,
283,19,10,289745,289745,289745,fan,,,,,,,
283,20,10,318510,318510,318510,fan,,,,,,,
283,21,11,383378,383378,383378,fan,,,,,,,
283,22,11,417776,417776,417776,fan,,,,,,,
283,23,12,495046,495046,495046,fan,,,,,,,
283,24,12,535840,535840,535840,fan,,,,,,,
283,25,12,776934,776934,776934,baseline,,,,,,,
283,26,13,673694,673694,673694,fan,,,,,,,
283,27,13,933213,933213,933213,baseline,,,,,,,
283,28,14,833350,833350,833350,fan,,,,,,,
283,29,14,1110795,1110795,1110795,baseline,,,,,,,
283,30,15,1015776,1015776,1015776,fan,,,,,,,
283,31,15,1311173,1311167,1311167,guided,0,3,110,1,1580203723,7438,632
283,32,16,1222944,1222944,1222944,fan,,,,,,,
283,33,16,1535828,1535811,1535811,guided,0,3,110,1,1909325265,7722,609
283,34,17,1455798,1455798,1455798,fan,,,,,,,
283,35,17,1786240,1786182,1786182,guided,0,3,110,1,2280830342,7702,504
283,36,17,2170720,2170720,2170720,baseline,,,,,,,
283,37,18,2063808,2063720,2063720,guided,0,3,110,1,2697486067,7527,465
283,38,18,2470142,2470142,2470142,baseline,,,,,,,
283,39,19,2370014,2369850,2369850,guided,0,3,110,1,3167078681,5892,324
283,40,19,2798078,2798078,2798078,baseline,,,,,,,
283,41,20,2706209,2705980,2705980,guided,0,3,110,1,3681253663,5994,313
283,42,20,3155900,3155900,3155900,baseline,,,,,,,
283,43,20,3625251,3625251,3625251,baseline,,,,,,,
283,44,21,3545058,3545036,3545036,deep,0,3,110,1,11573516291,13977,1199
283,45,21,4036908,4036908,4036908,baseline,,,,,,,
283,46,22,3966910,3966834,3966834,guided,0,3,110,1,3330993019,4340,471
283,47,22,4481148,4481148,4481148,baseline,,,,,,,
283,48,23,4422832,4422698,4422698,guided,0,3,110,1,3794227103,4399,437
283,49,23,4959328,4959328,4959328,baseline,,,,,,,
283,50,23,5509254,5509254,5509254,baseline,,,,,,,
283,51,24,5472792,5472792,5472792,baseline,,,,,,,
283,52,24,6045452,6045452,6045452,baseline,,,,,,,
283,53,25,6022872,6022867,6022867,guided,1,3,110,1,7397967983,7313,1000
283,54,25,6618148,6618148,6618148,baseline,,,,,,,
283,55,25,7230183,7230183,7230183,baseline,,,,,,,
283,56,26,7228682,7228682,7228682,baseline,,,,,,,
284,1,1,284,284,284,fan,,,,,,,
284,2,1,568,568,568,fan,,,,,,,
284,3,2,2550,2550,2550,fan,,,,,,,
284,4,2,3964,3964,3964,fan,,,,,,,
284,5,3,8484,8484,8484,fan,,,,,,,
284,6,3,11304,11304,11304,fan,,,,,,,
284,7,4,19752,19752,19752,fan,,,,,,,
284,8,4,24808,24808,24808,fan,,,,,,,
284,9,5,38008,38008,38008,fan,,,,,,,
284,10,5,45568,45568,45568,fan,,,,,,,
284,11,6,64886,64886,64886,fan,,,,,,,
284,12,6,75764,75764,75764,fan,,,,,,,
284,13,7,102008,102008,102008,fan,,,,,,,
284,14,7,116464,116464,116464,fan,,,,,,,
284,15,8,150976,150976,150976,fan,,,,,,,
284,16,8,169808,169808,169808,fan,,,,,,,
284,17,9,213380,213380,213380,fan,,,,,,,
284,18,9,236840,236840,236840,fan,,,,,,,
284,19,10,290790,290790,290790,fan,,,,,,,
284,20,10,319660,319660,319660,fan,,,,,,,
284,21,11,384764,384764,384764,fan,,,,,,,
284,22,11,419288,419288,419288,fan,,,,,,,
284,23,12,496840,496840,496840,fan,,,,,,,
284,24,12,537784,537784,537784,fan,,,,,,,
284,25,12,780612,780612,780612,baseline,,,,,,,
284,26,13,676144,676144,676144,fan,,,,,,,
284,27,13,937536,937536,937536,baseline,,,,,,,
284,28,14,836388,836388,836388,fan,,,,,,,
284,29,14,1115842,1115842,1115842,baseline,,,,,,,
284,30,15,1019488,1019488,1019488,fan,,,,,,,
284,31,15,1317028,1317024,1317024,guided,0,3,110,1,1057272504,4944,413
284,32,16,1227424,1227424,1227424,fan,,,,,,,
284,33,16,1542588,1542568,1542568,guided,0,1,110,1,1277450716,5124,388
284,34,17,1461144,1461144,1461144,fan,,,,,,,
284,35,17,1793990,1793938,1793938,guided,0,3,110,1,1527142917,5137,337
284,36,17,2181144,2181144,2181144,baseline,,,,,,,
284,37,18,2072674,2072578,2072578,guided,0,1,110,1,1805999616,4982,282
284,38,18,2481844,2481844,2481844,baseline,,,,,,,
284,39,19,2380078,2379922,2379922,guided,0,3,110,1,2119743231,3920,208
284,40,19,2811132,2811132,2811132,baseline,,,,,,,
284,41,20,2717616,2717380,2717380,guided,0,1,110,1,2464007205,4006,212
284,42,20,3170460,3170460,3170460,baseline,,,,,,,
284,43,20,3643036,3643036,3643036,baseline,,,,,,,
284,44,21,3561196,3561184,3561184,guided,0,3,110,1,2917584310,4200,468
284,45,21,4056460,4056460,4056460,baseline,,,,,,,
284,46,22,3984796,3984736,3984736,guided,0,3,110,1,3341546881,4357,489
284,47,22,4502594,4502594,4502594,baseline,,,,,,,
284,48,23,4442592,4442444,4442444,guided,0,3,110,1,3809168152,4412,438
284,49,23,4982806,4982806,4982806,baseline,,,,,,,
284,50,23,5536536,5536536,5536536,baseline,,,,,,,
284,51,24,5498440,5498440,5498440,baseline,,,,,,,
284,52,24,6075064,6075064,6075064,baseline,,,,,,,
284,53,25,6050836,6050830,6050830,guided,1,3,110,1,4956297883,4880,667
284,54,25,6650240,6650240,6650240,baseline,,,,,,,
284,55,25,7266508,7266508,7266508,baseline,,,,,,,
284,56,26,7263404,7263404,7263404,baseline,,,,,,,
285,1,1,285,285,285,fan,,,,,,,
285,2,1,570,570,570,fan,,,,,,,
285,3,2,2559,2559,2559,fan,,,,,,,
285,4,2,3978,3978,3978,fan,,,,,,,
285,5,3,8514,8514,8514,fan,,,,,,,
285,6,3,11344,11344,11344,fan,,,,,,,
285,7,4,19822,19822,19822,fan,,,,,,,
285,8,4,24896,24896,24896,fan,,,,,,,
285,9,5,38143,38143,38143,fan,,,,,,,
285,10,5,45730,45730,45730,fan,,,,,,,
285,11,6,65117,65117,65117,fan,,,,,,,
285,12,6,76034,76034,76034,fan,,,,,,,
285,13,7,102372,102372,102372,fan,,,,,,,
285,14,7,116880,116880,116880,fan,,,,,,,
285,15,8,151516,151516,151516,fan,,,,,,,
285,16,8,170416,170416,170416,fan,,,,,,,
285,17,9,214145,214145,214145,fan,,,,,,,
285,18,9,237690,237690,237690,fan,,,,,,,
285,19,10,291835,291835,291835,fan,,,,,,,
285,20,10,320810,320810,320810,fan,,,,,,,
285,21,11,386150,386150,386150,fan,,,,,,,
285,22,11,420800,420800,420800,fan,,,,,,,
285,23,12,498634,498634,498634,fan,,,,,,,
285,24,12,539728,539728,539728,fan,,,,,,,
285,25,12,784303,784303,784303,baseline,,,,,,,
285,26,13,678594,678594,678594,fan,,,,,,,
285,27,13,941872,941872,941872,baseline,,,,,,,
285,28,14,839426,839426,839426,fan,,,,,,,
285,29,14,1120903,1120903,1120903,baseline,,,,,,,
285,30,15,1023200,1023200,1023200,fan,,,,,,,
285,31,15,1322898,1322896,1322896,guided,0,1,110,1,1582660149,7439,607
285,32,16,1231904,1231904,1231904,fan,,,,,,,
285,33,16,1549359,1549342,1549342,guided,0,1,110,1,1923829144,7709,570
285,34,17,1466490,1466490,1466490,fan,,,,,,,
285,35,17,1801757,1801711,1801711,guided,0,1,110,1,2295438482,7769,510
285,36,17,2191604,2191604,2191604,baseline,,,,,,,
285,37,18,2081554,2081456,2081456,guided,0,1,110,1,2716870603,7537,427
285,38,18,2493548,2493548,2493548,baseline,,,,,,,
285,39,19,2390161,2390013,2390013,guided,0,1,110,1,3186856271,6154,307
285,40,19,2824226,2824226,2824226,baseline,,,,,,,
285,41,20,2729048,2728801,2728801,guided,0,1,110,1,3706767613,6015,317
285,42,20,3185022,3185022,3185022,baseline,,,,,,,
285,43,20,3660856,3660856,3660856,baseline,,,,,,,
285,44,21,3577382,3577376,3577376,guided,0,3,110,1,2926487288,4208,467
285,45,21,4076048,4076048,4076048,baseline,,,,,,,
285,46,22,4002708,4002640,4002640,guided,0,3,110,1,3351586205,4360,488
285,47,22,4524081,4524081,4524081,baseline,,,,,,,
285,48,23,4462368,4462238,4462238,guided,0,3,110,1,3818577622,4434,458
285,49,23,5006322,5006322,5006322,baseline,,,,,,,
285,50,23,5563862,5563862,5563862,baseline,,,,,,,
285,51,24,5524128,5524128,5524128,baseline,,,,,,,
285,52,24,6104728,6104728,6104728,baseline,,,,,,,
285,53,25,6078844,6078837,6078837,guided,1,1,110,1,7449456143,7324,1001
285,54,25,6682384,6682384,6682384,baseline,,,,,,,
285,55,25,7302901,7302901,7302901,baseline,,,,,,,
285,56,26,7298182,7298182,7298182,baseline,,,,,,,
285,57,26,7942006,7942006,7942006,baseline,,,,,,,
286,1,1,286,286,286,fan,,,,,,,
286,2,1,572,572,572,fan,,,,,,,
286,3,2,2568,2568,2568,fan,,,,,,,
286,4,2,3992,3992,3992,fan,,,,,,,
286,5,3,8544,8544,8544,fan,,,,,,,
286,6,3,11384,11384,11384,fan,,,,,,,
286,7,4,19892,19892,19892,fan,,,,,,,
286,8,4,24984,24984,24984,fan,,,,,,,
286,9,5,38278,38278,38278,fan,,,,,,,
286,10,5,45892,45892,45892,fan,,,,,,,
286,11,6,65348,65348,65348,fan,,,,,,,
286,12,6,76304,76304,76304,fan,,,,,,,
286,13,7,102736,102736,102736,fan,,,,,,,
286,14,7,117296,117296,117296,fan,,,,,,,
286,15,8,152056,152056,152056,fan,,,,,,,
286,16,8,171024,171024,171024,fan,,,,,,,
286,17,9,214910,214910,214910,fan,,,,,,,
286,18,9,238540,238540,238540,fan,,,,,,,
286,19,10,292880,292880,292880,fan,,,,,,,
286,20,10,321960,321960,321960,fan,,,,,,,
286,21,11,387536,387536,387536,fan,,,,,,,
286,22,11,422312,422312,422312,fan,,,,,,,
286,23,12,500428,500428,500428,fan,,,,,,,
286,24,12,541672,541672,541672,fan,,,,,,,
286,25,12,787994,787994,787994,baseline,,,,,,,
286,26,13,681044,681044,681044,fan,,,,,,,
286,27,13,946208,946208,946208,baseline,,,,,,,
286,28,14,842464,842464,842464,fan,,,,,,,
286,29,14,1125964,1125964,1125964,baseline,,,,,,,
286,30,15,1026912,1026912,1026912,fan,,,,,,,
286,31,15,1328768,1328768,1328768,baseline,,,,,,,
286,32,16,1236384,1236384,1236384,fan,,,,,,,
286,33,16,1556130,1556116,1556116,guided,0,3,110,1,1286259484,5132,376
286,34,17,1471836,1471836,1471836,fan,,,,,,,
286,35,17,1809524,1809484,1809484,guided,0,3,110,1,1538703299,5174,343
286,36,17,2202064,2202064,2202064,baseline,,,,,,,
286,37,18,2090434,2090334,2090334,guided,0,3,110,1,1818883552,5028,286
286,38,18,2505288,2505288,2505288,baseline,,,,,,,
286,39,19,2400244,2400104,2400104,guided,0,3,110,1,2133847209,3914,184
286,40,19,2837320,2837320,2837320,baseline,,,,,,,
286,41,20,2740480,2740222,2740222,guided,0,3,110,1,2484055337,4018,211
286,42,20,3199624,3199624,3199624,baseline,,,,,,,
286,43,20,3678708,3678708,3678708,baseline,,,,,,,
286,44,21,3593568,3593568,3593568,baseline,,,,,,,
286,45,21,4095664,4095664,4095664,baseline,,,,,,,
286,46,22,4020660,4020588,4020588,guided,0,3,110,1,3363740710,4367,487
286,47,22,4545596,4545596,4545596,baseline,,,,,,,
286,48,23,4482144,4482032,4482032,guided,0,3,110,1,3827956234,4456,478
286,49,23,5029872,5029872,5029872,baseline,,,,,,,
286,50,23,5591240,5591240,5591240,baseline,,,,,,,
286,51,24,5549850,5549850,5549850,baseline,,,,,,,
286,52,24,6134440,6134440,6134440,baseline,,,,,,,
286,53,25,6106880,6106876,6106876,guided,1,3,110,1,4993716031,4886,668
286,54,25,6714580,6714580,6714580,baseline,,,,,,,
286,55,25,7339356,7339356,7339356,baseline,,,,,,,
286,56,26,7333012,7333012,7333012,baseline,,,,,,,
286,57,26,7981264,7981264,7981264,baseline,,,,,,,
287,1,1,287,287,287,fan,,,,,,,
287,2,1,574,574,574,fan,,,,,,,
287,3,2,2577,2577,2577,fan,,,,,,,
287,4,2,4006,4006,4006,fan,,,,,,,
287,5,3,8574,8574,8574,fan,,,,,,,
287,6,3,11424,11424,11424,fan,,,,,,,
287,7,4,19962,19962,19962,fan,,,,,,,
287,8,4,25072,25072,25072,fan,,,,,,,
287,9,5,38413,38413,38413,fan,,,,,,,
287,10,5,46054,46054,46054,fan,,,,,,,
287,11,6,65579,65579,65579,fan,,,,,,,
287,12,6,76574,76574,76574,fan,,,,,,,
287,13,7,103100,103100,103100,fan,,,,,,,
287,14,7,117712,117712,117712,fan,,,,,,,
287,15,8,152596,152596,152596,fan,,,,,,,
287,16,8,171632,171632,171632,fan,,,,,,,
287,17,9,215675,215675,215675,fan,,,,,,,
287,18,9,239390,239390,239390,fan,,,,,,,
287,19,10,293925,293925,293925,fan,,,,,,,
287,20,10,323110,323110,323110,fan,,,,,,,
287,21,11,388922,388922,388922,fan,,,,,,,
287,22,11,423824,423824,423824,fan,,,,,,,
287,23,12,502222,502222,502222,fan,,,,,,,
287,24,12,543616,543616,543616,fan,,,,,,,
287,25,12,791697,791697,791697,baseline,,,,,,,
287,26,13,683494,683494,683494,fan,,,,,,,
287,27,13,950557,950557,950557,baseline,,,,,,,
287,28,14,845502,845502,845502,fan,,,,,,,
287,29,14,1131039,1131039,1131039,baseline,,,,,,,
287,30,15,1030624,1030624,1030624,fan,,,,,,,
287,31,15,1334656,1334656,1334656,baseline,,,,,,,
287,32,16,1240864,1240864,1240864,fan,,,,,,,
287,33,16,1562917,1562906,1562906,guided,0,3,110,1,1936035932,7738,558
287,34,17,1477182,1477182,1477182,fan,,,,,,,
287,35,17,1817320,1817276,1817276,guided,0,3,110,1,2314032660,7803,520
287,36,17,2212558,2212558,2212558,baseline,,,,,,,
287,37,18,2099332,2099230,2099230,guided,0,3,110,1,2734816849,7643,431
287,38,18,2517028,2517028,2517028,baseline,,,,,,,
287,39,19,2410358,2410215,2410215,guided,0,3,110,1,3206170564,6210,296
287,40,19,2850452,2850452,2850452,baseline,,,,,,,
287,41,20,2751932,2751663,2751663,guided,0,3,110,1,3732937973,6033,316
287,42,20,3214226,3214226,3214226,baseline,,,,,,,
287,43,20,3696595,3696595,3696595,baseline,,,,,,,
287,44,21,3609804,3609802,3609802,guided,1,3,110,1,2944226070,4323,457
287,45,21,4115321,4115321,4115321,baseline,,,,,,,
287,46,22,4038596,4038540,4038540,guided,0,3,110,1,3372960758,4371,488
287,47,22,4567150,4567150,4567150,baseline,,,,,,,
287,48,23,4501990,4501876,4501876,guided,0,3,110,1,3850078383,4463,462
287,49,23,5053459,5053459,5053459,baseline,,,,,,,
287,50,23,5618662,5618662,5618662,baseline,,,,,,,
287,51,24,5575613,5575613,5575613,baseline,,,,,,,
287,52,24,6164204,6164204,6164204,baseline,,,,,,,
287,53,25,6134968,6134961,6134961,guided,1,3,110,1,7496755514,7330,1004
287,54,25,6746828,6746828,6746828,baseline,,,,,,,
287,55,25,7375881,7375881,7375881,baseline,,,,,,,
287,56,26,7367898,7367898,7367898,baseline,,,,,,,
287,57,26,8020595,8020595,8020595,baseline,,,,,,,
288,1,1,288,288,288,fan,,,,,,,
288,2,1,576,576,576,fan,,,,,,,
288,3,2,2586,2586,2586,fan,,,,,,,
288,4,2,4020,4020,4020,fan,,,,,,,
288,5,3,8604,8604,8604,fan,,,,,,,
288,6,3,11464,11464,11464,fan,,,,,,,
288,7,4,20032,20032,20032,fan,,,,,,,
288,8,4,25160,25160,25160,fan,,,,,,,
288,9,5,38548,38548,38548,fan,,,,,,,
288,10,5,46216,46216,46216,fan,,,,,,,
288,11,6,65810,65810,65810,fan,,,,,,,
288,12,6,76844,76844,76844,fan,,,,,,,
288,13,7,103464,103464,103464,fan,,,,,,,
288,14,7,118128,118128,118128,fan,,,,,,,
288,15,8,153136,153136,153136,fan,,,,,,,
288,16,8,172240,172240,172240,fan,,,,,,,
288,17,9,216440,216440,216440,fan,,,,,,,
288,18,9,240240,240240,240240,fan,,,,,,,
288,19,10,294970,294970,294970,fan,,,,,,,
288,20,10,324260,324260,324260,fan,,,,,,,
288,21,11,390308,390308,390308,fan,,,,,,,
288,22,11,425336,425336,425336,fan,,,,,,,
288,23,12,504016,504016,504016,fan,,,,,,,
288,24,12,545560,545560,545560,fan,,,,,,,
288,25,12,795400,795400,795400,baseline,,,,,,,
288,26,13,685944,685944,685944,fan,,,,,,,
288,27,13,954906,954906,954906,baseline,,,,,,,
288,28,14,848540,848540,848540,fan,,,,,,,
288,29,14,1136114,1136114,1136114,baseline,,,,,,,
288,30,15,1034336,1034336,1034336,fan,,,,,,,
288,31,15,1340544,1340544,1340544,baseline,,,,,,,
288,32,16,1245344,1245344,1245344,fan,,,,,,,
288,33,16,1569704,1569696,1569696,guided,0,1,110,1,1295619219,5140,364
288,34,17,1482528,1482528,1482528,fan,,,,,,,
288,35,17,1825116,1825068,1825068,guided,0,3,110,1,1549375878,5206,349
288,36,17,2223052,2223052,2223052,baseline,,,,,,,
288,37,18,2108230,2108126,2108126,guided,0,1,110,1,1831679601,5086,290
288,38,18,2528804,2528804,2528804,baseline,,,,,,,
288,39,19,2420472,2420326,2420326,guided,0,3,110,1,2146145438,4089,201
288,40,19,2863584,2863584,2863584,baseline,,,,,,,
288,41,20,2763372,2763104,2763104,guided,0,1,110,1,2501129257,4027,210
288,42,20,3228868,3228868,3228868,baseline,,,,,,,
288,43,20,3714512,3714512,3714512,baseline,,,,,,,
288,44,21,3626040,3626036,3626036,guided,1,3,110,1,2954665096,4342,460
288,45,21,4135008,4135008,4135008,baseline,,,,,,,
288,46,22,4056576,4056536,4056536,guided,0,3,110,1,3388895981,4379,490
288,47,22,4588734,4588734,4588734,baseline,,,,,,,
288,48,23,4521836,4521720,4521720,guided,0,3,110,1,3860706010,4464,446
288,49,23,5077080,5077080,5077080,baseline,,,,,,,
288,50,23,5646140,5646140,5646140,baseline,,,,,,,
288,51,24,5601408,5601408,5601408,baseline,,,,,,,
288,52,24,6194016,6194016,6194016,baseline,,,,,,,
288,53,25,6163084,6163078,6163078,guided,1,3,110,1,5024952376,4890,671
288,54,25,6779128,6779128,6779128,baseline,,,,,,,
288,55,25,7412468,7412468,7412468,baseline,,,,,,,
288,56,26,7402836,7402836,7402836,baseline,,,,,,,
288,57,26,8059990,8059990,8059990,baseline,,,,,,,
289,1,1,289,289,289,fan,,,,,,,
289,2,1,578,578,578,fan,,,,,,,
289,3,2,2595,2595,2595,fan,,,,,,,
289,4,2,4034,4034,4034,fan,,,,,,,
289,5,3,8634,8634,8634,fan,,,,,,,
289,6,3,11504,11504,11504,fan,,,,,,,
289,7,4,20102,20102,20102,fan,,,,,,,
289,8,4,25248,25248,25248,fan,,,,,,,
289,9,5,38683,38683,38683,fan,,,,,,,
289,10,5,46378,46378,46378,fan,,,,,,,
289,11,6,66041,66041,66041,fan,,,,,,,
289,12,6,77114,77114,77114,fan,,,,,,,
289,13,7,103828,103828,103828,fan,,,,,,,
289,14,7,118544,118544,118544,fan,,,,,,,
289,15,8,153676,153676,153676,fan,,,,,,,
289,16,8,172848,172848,172848,fan,,,,,,,
289,17,9,217205,217205,217205,fan,,,,,,,
289,18,9,241090,241090,241090,fan,,,,,,,
289,19,10,296015,296015,296015,fan,,,,,,,
289,20,10,325410,325410,325410,fan,,,,,,,
289,21,11,391694,391694,391694,fan,,,,,,,
289,22,11,426848,426848,426848,fan,,,,,,,
289,23,12,505810,505810,505810,fan,,,,,,,
289,24,12,547504,547504,547504,fan,,,,,,,
289,25,13,639919,639919,639919,fan,,,,,,,
289,26,13,688394,688394,688394,fan,,,,,,,
289,27,13,959268,959268,959268,baseline,,,,,,,
289,28,14,851578,851578,851578,fan,,,,,,,
289,29,14,1141204,1141204,1141204,baseline,,,,,,,
289,30,15,1038048,1038048,1038048,fan,,,,,,,
289,31,15,1346447,1346447,1346447,baseline,,,,,,,
289,32,16,1249824,1249824,1249824,fan,,,,,,,
289,33,16,1576513,1576504,1576504,guided,0,1,110,1,1948650811,7752,573
289,34,17,1487874,1487874,1487874,fan,,,,,,,
289,35,17,1832929,1832877,1832877,guided,0,1,110,1,2328742615,7862,526
289,36,17,2233582,2233582,2233582,baseline,,,,,,,
289,37,18,2117141,2117041,2117041,guided,0,1,110,1,2754871708,7688,452
289,38,18,2540582,2540582,2540582,baseline,,,,,,,
289,39,19,2430605,2430456,2430456,guided,0,1,110,1,3227977055,6545,327
289,40,19,2876756,2876756,2876756,baseline,,,,,,,
289,41,20,2774824,2774567,2774567,guided,0,1,110,1,3761503404,6054,313
289,42,20,3243512,3243512,3243512,baseline,,,,,,,
289,43,20,3732467,3732467,3732467,baseline,,,,,,,
289,44,21,3642316,3642314,3642314,guided,1,3,110,1,2963038369,4343,461
289,45,21,4154733,4154733,4154733,baseline,,,,,,,
289,46,22,4074578,4074534,4074534,guided,0,3,110,1,3398211659,4384,491
289,47,22,4610359,4610359,4610359,baseline,,,,,,,
289,48,23,4541710,4541612,4541612,guided,0,3,110,1,3870932916,4492,474
289,49,23,5100739,5100739,5100739,baseline,,,,,,,
289,50,23,5673666,5673666,5673666,baseline,,,,,,,
289,51,24,5627246,5627246,5627246,baseline,,,,,,,
289,52,24,6223880,6223880,6223880,baseline,,,,,,,
289,53,25,6191244,6191239,6191239,guided,1,1,110,1,7548876976,7334,1006
289,54,25,6811480,6811480,6811480,baseline,,,,,,,
289,55,25,7449123,7449123,7449123,baseline,,,,,,,
289,56,26,7437830,7437830,7437830,baseline,,,,,,,
289,57,26,8099457,8099457,8099457,baseline,,,,,,,
290,1,1,290,290,290,fan,,,,,,,
290,2,1,580,580,580,fan,,,,,,,
290,3,2,2604,2604,2604,fan,,,,,,,
290,4,2,4048,4048,4048,fan,,,,,,,
290,5,3,8664,8664,8664,fan,,,,,,,
290,6,3,11544,11544,11544,fan,,,,,,,
290,7,4,20172,20172,20172,fan,,,,,,,
290,8,4,25336,25336,25336,fan,,,,,,,
290,9,5,38818,38818,38818,fan,,,,,,,
290,10,5,46540,46540,46540,fan,,,,,,,
290,11,6,66272,66272,66272,fan,,,,,,,
290,12,6,77384,77384,77384,fan,,,,,,,
290,13,7,104192,104192,104192,fan,,,,,,,
290,14,7,118960,118960,118960,fan,,,,,,,
290,15,8,154216,154216,154216,fan,,,,,,,
290,16,8,173456,173456,173456,fan,,,,,,,
290,17,9,217970,217970,217970,fan,,,,,,,
290,18,9,241940,241940,241940,fan,,,,,,,
290,19,10,297060,297060,297060,fan,,,,,,,
290,20,10,326560,326560,326560,fan,,,,,,,
290,21,11,393080,393080,393080,fan,,,,,,,
290,22,11,428360,428360,428360,fan,,,,,,,
290,23,12,507604,507604,507604,fan,,,,,,,
290,24,12,549448,549448,549448,fan,,,,,,,
290,25,13,642194,642194,642194,fan,,,,,,,
290,26,13,690844,690844,690844,fan,,,,,,,
290,27,13,963630,963630,963630,baseline,,,,,,,
290,28,14,854616,854616,854616,fan,,,,,,,
290,29,14,1146294,1146294,1146294,baseline,,,,,,,
290,30,15,1041760,1041760,1041760,fan,,,,,,,
290,31,15,1352350,1352350,1352350,baseline,,,,,,,
290,32,16,1254304,1254304,1254304,fan,,,,,,,
290,33,16,1583322,1583312,1583312,guided,0,3,110,1,1304516000,5173,391
290,34,17,1493220,1493220,1493220,fan,,,,,,,
290,35,17,1840742,1840686,1840686,guided,0,3,110,1,1558856189,5231,354
290,36,17,2244112,2244112,2244112,baseline,,,,,,,
290,37,18,2126052,2125956,2125956,guided,0,3,110,1,1842941160,5126,306
290,38,18,2552396,2552396,2552396,baseline,,,,,,,
290,39,19,2440738,2440586,2440586,guided,0,3,110,1,2160922721,4308,222
290,40,19,2889928,2889928,2889928,baseline,,,,,,,
290,41,20,2786276,2786030,2786030,guided,0,3,110,1,2518507065,4045,208
290,42,20,3258196,3258196,3258196,baseline,,,,,,,
290,43,20,3750452,3750452,3750452,baseline,,,,,,,
290,44,21,3658592,3658592,3658592,baseline,,,,,,,
290,45,21,4174490,4174490,4174490,baseline,,,,,,,
290,46,22,4092624,4092576,4092576,guided,0,3,110,1,3410383092,4392,492
290,47,22,4632016,4632016,4632016,baseline,,,,,,,
290,48,23,4561584,4561504,4561504,guided,0,3,110,1,3881114330,4520,502
290,49,23,5124430,5124430,5124430,baseline,,,,,,,
290,50,23,5701248,5701248,5701248,baseline,,,,,,,
290,51,24,5653116,5653116,5653116,baseline,,,,,,,
290,52,24,6253796,6253796,6253796,baseline,,,,,,,
290,53,25,6219442,6219434,6219434,guided,0,3,110,1,5056577568,4760,616
290,54,25,6843884,6843884,6843884,baseline,,,,,,,
290,55,25,7485842,7485842,7485842,baseline,,,,,,,
290,56,26,7472876,7472876,7472876,baseline,,,,,,,
290,57,26,8138988,8138988,8138988,baseline,,,,,,,
290,58,27,8142080,8142080,8142080,baseline,,,,,,,
291,1,1,291,291,291,fan,,,,,,,
291,2,1,582,582,582,fan,,,,,,,
291,3,2,2613,2613,2613,fan,,,,,,,
291,4,2,4062,4062,4062,fan,,,,,,,
291,5,3,8694,8694,8694,fan,,,,,,,
291,6,3,11584,11584,11584,fan,,,,,,,
291,7,4,20242,20242,20242,fan,,,,,,,
291,8,4,25424,25424,25424,fan,,,,,,,
291,9,5,38953,38953,38953,fan,,,,,,,
291,10,5,46702,46702,46702,fan,,,,,,,
291,11,6,66503,66503,66503,fan,,,,,,,
291,12,6,77654,77654,77654,fan,,,,,,,
291,13,7,104556,104556,104556,fan,,,,,,,
291,14,7,119376,119376,119376,fan,,,,,,,
291,15,8,154756,154756,154756,fan,,,,,,,
291,16,8,174064,174064,174064,fan,,,,,,,
291,17,9,218735,218735,218735,fan,,,,,,,
291,18,9,242790,242790,242790,fan,,,,,,,
291,19,10,298105,298105,298105,fan,,,,,,,
291,20,10,327710,327710,327710,fan,,,,,,,
291,21,11,394466,394466,394466,fan,,,,,,,
291,22,11,429872,429872,429872,fan,,,,,,,
291,23,12,509398,509398,509398,fan,,,,,,,
291,24,12,551392,551392,551392,fan,,,,,,,
291,25,13,644469,644469,644469,fan,,,,,,,
291,26,13,693294,693294,693294,fan,,,,,,,
291,27,13,968006,968006,968006,baseline,,,,,,,
291,28,14,857654,857654,857654,fan,,,,,,,
291,29,14,1151398,1151398,1151398,baseline,,,,,,,
291,30,15,1045472,1045472,1045472,fan,,,,,,,
291,31,15,1358268,1358268,1358268,baseline,,,,,,,
291,32,16,1258784,1258784,1258784,fan,,,,,,,
291,33,16,1590147,1590136,1590136,guided,0,3,110,1,1962568650,7806,600
291,34,17,1498566,1498566,1498566,fan,,,,,,,
291,35,17,1848563,1848513,1848513,guided,0,3,110,1,2343438951,7884,539
291,36,17,2254676,2254676,2254676,baseline,,,,,,,
291,37,18,2134981,2134889,2134889,guided,0,3,110,1,2772552865,7785,474
291,38,18,2564210,2564210,2564210,baseline,,,,,,,
291,39,19,2450882,2450737,2450737,guided,0,3,110,1,3250764036,6460,336
291,40,19,2903138,2903138,2903138,baseline,,,,,,,
291,41,20,2797742,2797513,2797513,guided,0,3,110,1,3785934390,6081,311
291,42,20,3272880,3272880,3272880,baseline,,,,,,,
291,43,20,3768472,3768472,3768472,baseline,,,,,,,
291,44,21,3674914,3674912,3674912,guided,1,3,110,1,2988282261,4348,463
291,45,21,4194285,4194285,4194285,baseline,,,,,,,
291,46,22,4110654,4110618,4110618,guided,1,3,110,1,3426188192,4473,474
291,47,22,4653714,4653714,4653714,baseline,,,,,,,
291,48,23,4581532,4581446,4581446,guided,0,3,110,1,3903104619,4525,496
291,49,23,5148164,5148164,5148164,baseline,,,,,,,
291,50,23,5728878,5728878,5728878,baseline,,,,,,,
291,51,24,5679027,5679027,5679027,baseline,,,,,,,
291,52,24,6283768,6283768,6283768,baseline,,,,,,,
291,53,25,6247677,6247672,6247672,guided,1,3,110,1,7596291898,7360,1010
291,54,25,6876340,6876340,6876340,baseline,,,,,,,
291,55,26,6855483,6855454,6855454,deep,0,3,110,1,34014686690,19186,1660
291,56,26,7507978,7507978,7507978,baseline,,,,,,,
291,57,26,8178592,8178592,8178592,baseline,,,,,,,
291,58,27,8179982,8179982,8179982,baseline,,,,,,,
292,1,1,292,292,292,fan,,,,,,,
292,2,1,584,584,584,fan,,,,,,,
292,3,2,2622,2622,2622,fan,,,,,,,
292,4,2,4076,4076,4076,fan,,,,,,,
292,5,3,8724,8724,8724,fan,,,,,,,
292,6,3,11624,11624,11624,fan,,,,,,,
292,7,4,20312,20312,20312,fan,,,,,,,
292,8,4,25512,25512,25512,fan,,,,,,,
292,9,5,39088,39088,39088,fan,,,,,,,
292,10,5,46864,46864,46864,fan,,,,,,,
292,11,6,66734,66734,66734,fan,,,,,,,
292,12,6,77924,77924,77924,fan,,,,,,,
292,13,7,104920,104920,104920,fan,,,,,,,
292,14,7,119792,119792,119792,fan,,,,,,,
292,15,8,155296,155296,155296,fan,,,,,,,
292,16,8,174672,174672,174672,fan,,,,,,,
292,17,9,219500,219500,219500,fan,,,,,,,
292,18,9,243640,243640,243640,fan,,,,,,,
292,19,10,299150,299150,299150,fan,,,,,,,
292,20,10,328860,328860,328860,fan,,,,,,,
292,21,11,395852,395852,395852,fan,,,,,,,
292,22,11,431384,431384,431384,fan,,,,,,,
292,23,12,511192,511192,511192,fan,,,,,,,
292,24,12,553336,553336,553336,fan,,,,,,,
292,25,13,646744,646744,646744,fan,,,,,,,
292,26,13,695744,695744,695744,fan,,,,,,,
292,27,13,972382,972382,972382,baseline,,,,,,,
292,28,14,860692,860692,860692,fan,,,,,,,
292,29,14,1156502,1156502,1156502,baseline,,,,,,,
292,30,15,1049184,1049184,1049184,fan,,,,,,,
292,31,15,1364186,1364186,1364186,baseline,,,,,,,
292,32,16,1263264,1263264,1263264,fan,,,,,,,
292,33,16,1596972,1596960,1596960,guided,0,1,110,1,1314315737,5206,418
292,34,17,1503912,1503912,1503912,fan,,,,,,,
292,35,17,1856384,1856340,1856340,guided,0,3,110,1,1568540282,5258,362
292,36,17,2265240,2265240,2265240,baseline,,,,,,,
292,37,18,2143910,2143822,2143822,guided,0,1,110,1,1856004892,5171,324
292,38,18,2576060,2576060,2576060,baseline,,,,,,,
292,39,19,2461026,2460888,2460888,guided,0,3,110,1,2179429830,4228,221
292,40,19,2916348,2916348,2916348,baseline,,,,,,,
292,41,20,2809208,2808996,2808996,guided,0,1,110,1,2532248689,4060,206
292,42,20,3287604,3287604,3287604,baseline,,,,,,,
292,43,20,3786524,3786524,3786524,baseline,,,,,,,
292,44,21,3691236,3691232,3691232,guided,1,3,110,1,2995789710,4346,464
292,45,21,4214112,4214112,4214112,baseline,,,,,,,
292,46,22,4128728,4128704,4128704,guided,1,3,110,1,3438614300,4484,476
292,47,22,4675442,4675442,4675442,baseline,,,,,,,
292,48,23,4601480,4601388,4601388,guided,0,3,110,1,3913584572,4524,490
292,49,23,5171932,5171932,5171932,baseline,,,,,,,
292,50,23,5756564,5756564,5756564,baseline,,,,,,,
292,51,24,5704972,5704972,5704972,baseline,,,,,,,
292,52,24,6313792,6313792,6313792,baseline,,,,,,,
292,53,25,6275952,6275944,6275944,guided,1,3,110,1,5094007985,4919,675
292,54,25,6908852,6908852,6908852,baseline,,,,,,,
292,55,26,6886250,6886206,6886206,deep,0,1,110,1,22760087073,12840,1292
292,56,26,7543132,7543132,7543132,baseline,,,,,,,
292,57,26,8218258,8218258,8218258,baseline,,,,,,,
292,58,27,8217944,8217944,8217944,baseline,,,,,,,
293,1,1,293,293,293,fan,,,,,,,
293,2,1,586,586,586,fan,,,,,,,
293,3,2,2631,2631,2631,fan,,,,,,,
293,4,2,4090,4090,4090,fan,,,,,,,
293,5,3,8754,8754,8754,fan,,,,,,,
293,6,3,11664,11664,11664,fan,,,,,,,
293,7,4,20382,20382,20382,fan,,,,,,,
293,8,4,25600,25600,25600,fan,,,,,,,
293,9,5,39223,39223,39223,fan,,,,,,,
293,10,5,47026,47026,47026,fan,,,,,,,
293,11,6,66965,66965,66965,fan,,,,,,,
293,12,6,78194,78194,78194,fan,,,,,,,
293,13,7,105284,105284,105284,fan,,,,,,,
293,14,7,120208,120208,120208,fan,,,,,,,
293,15,8,155836,155836,155836,fan,,,,,,,
293,16,8,175280,175280,175280,fan,,,,,,,
293,17,9,220265,220265,220265,fan,,,,,,,
293,18,9,244490,244490,244490,fan,,,,,,,
293,19,10,300195,300195,300195,fan,,,,,,,
293,20,10,330010,330010,330010,fan,,,,,,,
293,21,11,397238,397238,397238,fan,,,,,,,
293,22,11,432896,432896,432896,fan,,,,,,,
293,23,12,512986,512986,512986,fan,,,,,,,
293,24,12,555280,555280,555280,fan,,,,,,,
293,25,13,649019,649019,649019,fan,,,,,,,
293,26,13,698194,698194,698194,fan,,,,,,,
293,27,13,976771,976771,976771,baseline,,,,,,,
293,28,14,863730,863730,863730,fan,,,,,,,
293,29,14,1161620,1161620,1161620,baseline,,,,,,,
293,30,15,1052896,1052896,1052896,fan,,,,,,,
293,31,15,1370119,1370119,1370119,baseline,,,,,,,
293,32,16,1267744,1267744,1267744,fan,,,,,,,
293,33,16,1603810,1603801,1603801,guided,0,1,110,1,1976435479,7844,664
293,34,17,1509258,1509258,1509258,fan,,,,,,,
293,35,17,1864222,1864184,1864184,guided,0,1,110,1,2360235937,7944,547
293,36,17,2275840,2275840,2275840,baseline,,,,,,,
293,37,18,2152855,2152775,2152775,guided,0,1,110,1,2792507841,7822,511
293,38,18,2587912,2587912,2587912,baseline,,,,,,,
293,39,19,2471189,2471058,2471058,guided,0,1,110,1,3275177360,6491,340
293,40,19,2929598,2929598,2929598,baseline,,,,,,,
293,41,20,2820703,2820500,2820500,guided,1,1,110,1,3815581381,6220,400
293,42,20,3302330,3302330,3302330,baseline,,,,,,,
293,43,20,3804611,3804611,3804611,baseline,,,,,,,
293,44,21,3707598,3707596,3707596,guided,1,3,110,1,3007709931,4349,464
293,45,21,4233977,4233977,4233977,baseline,,,,,,,
293,46,22,4146808,4146792,4146792,guided,0,3,110,1,3446192785,4398,495
293,47,22,4697214,4697214,4697214,baseline,,,,,,,
293,48,23,4621452,4621378,4621378,guided,0,3,110,1,3924083843,4528,491
293,49,23,5195740,5195740,5195740,baseline,,,,,,,
293,50,23,5784298,5784298,5784298,baseline,,,,,,,
293,51,24,5730960,5730960,5730960,baseline,,,,,,,
293,52,24,6343872,6343872,6343872,baseline,,,,,,,
293,53,25,6304271,6304260,6304260,guided,1,1,110,1,7658021928,7386,1012
293,54,25,6941420,6941420,6941420,baseline,,,,,,,
293,55,26,6917038,6917003,6917003,deep,0,1,110,1,34249840549,19247,1652
293,56,26,7578342,7578342,7578342,baseline,,,,,,,
293,57,26,8257999,8257999,8257999,baseline,,,,,,,
293,58,27,8255958,8255958,8255958,baseline,,,,,,,
294,1,1,294,294,294,fan,,,,,,,
294,2,1,588,588,588,fan,,,,,,,
294,3,2,2640,2640,2640,fan,,,,,,,
294,4,2,4104,4104,4104,fan,,,,,,,
294,5,3,8784,8784,8784,fan,,,,,,,
294,6,3,11704,11704,11704,fan,,,,,,,
294,7,4,20452,20452,20452,fan,,,,,,,
294,8,4,25688,25688,25688,fan,,,,,,,
294,9,5,39358,39358,39358,fan,,,,,,,
294,10,5,47188,47188,47188,fan,,,,,,,
294,11,6,67196,67196,67196,fan,,,,,,,
294,12,6,78464,78464,78464,fan,,,,,,,
294,13,7,105648,105648,105648,fan,,,,,,,
294,14,7,120624,120624,120624,fan,,,,,,,
294,15,8,156376,156376,156376,fan,,,,,,,
294,16,8,175888,175888,175888,fan,,,,,,,
294,17,9,221030,221030,221030,fan,,,,,,,
294,18,9,245340,245340,245340,fan,,,,,,,
294,19,10,301240,301240,301240,fan,,,,,,,
294,20,10,331160,331160,331160,fan,,,,,,,
294,21,11,398624,398624,398624,fan,,,,,,,
294,22,11,434408,434408,434408,fan,,,,,,,
294,23,12,514780,514780,514780,fan,,,,,,,
294,24,12,557224,557224,557224,fan,,,,,,,
294,25,13,651294,651294,651294,fan,,,,,,,
294,26,13,700644,700644,700644,fan,,,,,,,
294,27,13,981160,981160,981160,baseline,,,,,,,
294,28,14,866768,866768,866768,fan,,,,,,,
294,29,14,1166738,1166738,1166738,baseline,,,,,,,
294,30,15,1056608,1056608,1056608,fan,,,,,,,
294,31,15,1376052,1376052,1376052,baseline,,,,,,,
294,32,16,1272224,1272224,1272224,fan,,,,,,,
294,33,16,1610648,1610642,1610642,guided,0,3,110,1,1322416612,5232,455
294,34,17,1514604,1514604,1514604,fan,,,,,,,
294,35,17,1872060,1872028,1872028,guided,0,3,110,1,1579265220,5285,370
294,36,17,2286440,2286440,2286440,baseline,,,,,,,
294,37,18,2161800,2161728,2161728,guided,0,3,110,1,1869296044,5221,350
294,38,18,2599800,2599800,2599800,baseline,,,,,,,
294,39,19,2481352,2481228,2481228,guided,0,3,110,1,2190832695,4209,220
294,40,19,2942848,2942848,2942848,baseline,,,,,,,
294,41,20,2832198,2832004,2832004,guided,1,3,110,1,2551839488,4150,267
294,42,20,3317096,3317096,3317096,baseline,,,,,,,
294,43,21,3215920,3215512,3215512,guided,0,3,110,1,2950505969,4124,222
294,44,21,3723960,3723960,3723960,baseline,,,,,,,
294,45,21,4253872,4253872,4253872,baseline,,,,,,,
294,46,22,4164932,4164924,4164924,guided,0,3,110,1,3457422486,4405,496
294,47,22,4719016,4719016,4719016,baseline,,,,,,,
294,48,23,4641424,4641368,4641368,guided,0,3,110,1,3934683698,4532,492
294,49,23,5219584,5219584,5219584,baseline,,,,,,,
294,50,23,5812088,5812088,5812088,baseline,,,,,,,
294,51,24,5756984,5756984,5756984,baseline,,,,,,,
294,52,24,6374004,6374004,6374004,baseline,,,,,,,
294,53,25,6332616,6332608,6332608,guided,1,3,110,1,5132692785,4932,674
294,54,25,6974044,6974044,6974044,baseline,,,,,,,
294,55,26,6947864,6947836,6947836,guided,3,3,110,1,5749642055,5056,691
294,56,26,7613608,7613608,7613608,baseline,,,,,,,
294,57,26,8297802,8297802,8297802,baseline,,,,,,,
294,58,27,8294032,8294032,8294032,baseline,,,,,,,
295,1,1,295,295,295,fan,,,,,,,
295,2,1,590,590,590,fan,,,,,,,
295,3,2,2649,2649,2649,fan,,,,,,,
295,4,2,4118,4118,4118,fan,,,,,,,
295,5,3,8814,8814,8814,fan,,,,,,,
295,6,3,11744,11744,11744,fan,,,,,,,
295,7,4,20522,20522,20522,fan,,,,,,,
295,8,4,25776,25776,25776,fan,,,,,,,
295,9,5,39493,39493,39493,fan,,,,,,,
295,10,5,47350,47350,47350,fan,,,,,,,
295,11,6,67427,67427,67427,fan,,,,,,,
295,12,6,78734,78734,78734,fan,,,,,,,
295,13,7,106012,106012,106012,fan,,,,,,,
295,14,7,121040,121040,121040,fan,,,,,,,
295,15,8,156916,156916,156916,fan,,,,,,,
295,16,8,176496,176496,176496,fan,,,,,,,
295,17,9,221795,221795,221795,fan,,,,,,,
295,18,9,246190,246190,246190,fan,,,,,,,
295,19,10,302285,302285,302285,fan,,,,,,,
295,20,10,332310,332310,332310,fan,,,,,,,
295,21,11,400010,400010,400010,fan,,,,,,,
295,22,11,435920,435920,435920,fan,,,,,,,
295,23,12,516574,516574,516574,fan,,,,,,,
295,24,12,559168,559168,559168,fan,,,,,,,
295,25,13,653569,653569,653569,fan,,,,,,,
295,26,13,703094,703094,703094,fan,,,,,,,
295,27,13,985562,985562,985562,baseline,,,,,,,
295,28,14,869806,869806,869806,fan,,,,,,,
295,29,14,1171870,1171870,1171870,baseline,,,,,,,
295,30,15,1060320,1060320,1060320,fan,,,,,,,
295,31,15,1382001,1382001,1382001,baseline,,,,,,,
295,32,16,1276704,1276704,1276704,fan,,,,,,,
295,33,16,1617502,1617499,1617499,guided,0,3,110,1,1989802057,7894,701
295,34,17,1519950,1519950,1519950,fan,,,,,,,
295,35,17,1879925,1879891,1879891,guided,0,3,110,1,2376798847,7969,575
295,36,17,2297074,2297074,2297074,baseline,,,,,,,
295,37,18,2170763,2170699,2170699,guided,0,3,110,1,2811166698,7917,540
295,38,18,2611688,2611688,2611688,baseline,,,,,,,
295,39,19,2491549,2491418,2491418,guided,0,3,110,1,3295256244,6645,358
295,40,19,2956136,2956136,2956136,baseline,,,,,,,
295,41,20,2843713,2843528,2843528,guided,1,3,110,1,3836011838,6242,401
295,42,20,3331862,3331862,3331862,baseline,,,,,,,
295,43,21,3228881,3228494,3228494,guided,0,3,110,1,4434805443,6200,337
295,44,21,3740368,3740366,3740366,guided,1,3,110,1,3027040738,4352,464
295,45,21,4273808,4273808,4273808,baseline,,,,,,,
295,46,22,4183068,4183056,4183056,guided,1,3,110,1,3473112453,4505,481
295,47,22,4740859,4740859,4740859,baseline,,,,,,,
295,48,23,4661466,4661404,4661404,guided,0,3,110,1,3956050144,4537,491
295,49,23,5243468,5243468,5243468,baseline,,,,,,,
295,50,23,5839926,5839926,5839926,baseline,,,,,,,
295,51,24,5783051,5783051,5783051,baseline,,,,,,,
295,52,24,6404192,6404192,6404192,baseline,,,,,,,
295,53,25,6361022,6361005,6361005,guided,1,3,110,1,7715336386,7397,1011
295,54,25,7006724,7006724,7006724,baseline,,,,,,,
295,55,26,6978742,6978712,6978712,guided,3,3,110,1,8650537958,7593,1038
295,56,26,7648934,7648934,7648934,baseline,,,,,,,
295,57,26,8337678,8337678,8337678,baseline,,,,,,,
295,58,27,8332158,8332158,8332158,baseline,,,,,,,
295,59,28,8338944,8338821,8338821,guided,0,3,110,1,10740930764,7677,969
296,1,1,296,296,296,fan,,,,,,,
296,2,1,592,592,592,fan,,,,,,,
296,3,2,2658,2658,2658,fan,,,,,,,
296,4,2,4132,4132,4132,fan,,,,,,,
296,5,3,8844,8844,8844,fan,,,,,,,
296,6,3,11784,11784,11784,fan,,,,,,,
296,7,4,20592,20592,20592,fan,,,,,,,
296,8,4,25864,25864,25864,fan,,,,,,,
296,9,5,39628,39628,39628,fan,,,,,,,
296,10,5,47512,47512,47512,fan,,,,,,,
296,11,6,67658,67658,67658,fan,,,,,,,
296,12,6,79004,79004,79004,fan,,,,,,,
296,13,7,106376,106376,106376,fan,,,,,,,
296,14,7,121456,121456,121456,fan,,,,,,,
296,15,8,157456,157456,157456,fan,,,,,,,
296,16,8,177104,177104,177104,fan,,,,,,,
296,17,9,222560,222560,222560,fan,,,,,,,
296,18,9,247040,247040,247040,fan,,,,,,,
296,19,10,303330,303330,303330,fan,,,,,,,
296,20,10,333460,333460,333460,fan,,,,,,,
296,21,11,401396,401396,401396,fan,,,,,,,
296,22,11,437432,437432,437432,fan,,,,,,,
296,23,12,518368,518368,518368,fan,,,,,,,
296,24,12,561112,561112,561112,fan,,,,,,,
296,25,13,655844,655844,655844,fan,,,,,,,
296,26,13,705544,705544,705544,fan,,,,,,,
296,27,13,989964,989964,989964,baseline,,,,,,,
296,28,14,872844,872844,872844,fan,,,,,,,
296,29,14,1177002,1177002,1177002,baseline,,,,,,,
296,30,15,1064032,1064032,1064032,fan,,,,,,,
296,31,15,1387950,1387950,1387950,baseline,,,,,,,
296,32,16,1281184,1281184,1281184,fan,,,,,,,
296,33,16,1624356,1624356,1624356,baseline,,,,,,,
296,34,17,1525296,1525296,1525296,fan,,,,,,,
296,35,17,1887790,1887754,1887754,guided,0,3,110,1,1590152361,5313,390
296,36,17,2307708,2307708,2307708,baseline,,,,,,,
296,37,18,2179726,2179670,2179670,guided,0,1,110,1,1881528046,5262,370
296,38,18,2623612,2623612,2623612,baseline,,,,,,,
296,39,19,2501746,2501608,2501608,guided,0,3,110,1,2205959064,4460,239
296,40,19,2969424,2969424,2969424,baseline,,,,,,,
296,41,20,2855228,2855052,2855052,guided,1,1,110,1,2570922205,4157,268
296,42,20,3346668,3346668,3346668,baseline,,,,,,,
296,43,21,3241842,3241476,3241476,guided,0,3,110,1,2967223983,4141,226
296,44,21,3756776,3756772,3756772,guided,1,3,110,1,3034458098,4352,464
296,45,21,4293774,4293774,4293774,baseline,,,,,,,
296,46,22,4201248,4201232,4201232,guided,1,3,110,1,3480790310,4515,484
296,47,22,4762734,4762734,4762734,baseline,,,,,,,
296,48,23,4681508,4681440,4681440,guided,0,3,110,1,3965750548,4536,490
296,49,23,5267388,5267388,5267388,baseline,,,,,,,
296,50,23,5867812,5867812,5867812,baseline,,,,,,,
296,51,24,5809152,5809152,5809152,baseline,,,,,,,
296,52,24,6434432,6434432,6434432,baseline,,,,,,,
296,53,25,6389450,6389436,6389436,guided,1,3,110,1,5166002204,4939,674
296,54,25,7039460,7039460,7039460,baseline,,,,,,,
296,55,26,7009674,7009626,7009626,guided,0,1,110,1,5785982311,4942,644
296,56,26,7684316,7684316,7684316,baseline,,,,,,,
296,57,26,8377618,8377618,8377618,baseline,,,,,,,
296,58,27,8370348,8370348,8370348,baseline,,,,,,,
296,59,27,9088754,9088754,9088754,baseline,,,,,,,
297,1,1,297,297,297,fan,,,,,,,
297,2,1,594,594,594,fan,,,,,,,
297,3,2,2667,2667,2667,fan,,,,,,,
297,4,2,4146,4146,4146,fan,,,,,,,
297,5,3,8874,8874,8874,fan,,,,,,,
297,6,3,11824,11824,11824,fan,,,,,,,
297,7,4,20662,20662,20662,fan,,,,,,,
297,8,4,25952,25952,25952,fan,,,,,,,
297,9,5,39763,39763,39763,fan,,,,,,,
297,10,5,47674,47674,47674,fan,,,,,,,
297,11,6,67889,67889,67889,fan,,,,,,,
297,12,6,79274,79274,79274,fan,,,,,,,
297,13,7,106740,106740,106740,fan,,,,,,,
297,14,7,121872,121872,121872,fan,,,,,,,
297,15,8,157996,157996,157996,fan,,,,,,,
297,16,8,177712,177712,177712,fan,,,,,,,
297,17,9,223325,223325,223325,fan,,,,,,,
297,18,9,247890,247890,247890,fan,,,,,,,
297,19,10,304375,304375,304375,fan,,,,,,,
297,20,10,334610,334610,334610,fan,,,,,,,
297,21,11,402782,402782,402782,fan,,,,,,,
297,22,11,438944,438944,438944,fan,,,,,,,
297,23,12,520162,520162,520162,fan,,,,,,,
297,24,12,563056,563056,563056,fan,,,,,,,
297,25,13,658119,658119,658119,fan,,,,,,,
297,26,13,707994,707994,707994,fan,,,,,,,
297,27,13,994379,994379,994379,baseline,,,,,,,
297,28,14,875882,875882,875882,fan,,,,,,,
297,29,14,1182149,1182149,1182149,baseline,,,,,,,
297,30,15,1067744,1067744,1067744,fan,,,,,,,
297,31,15,1393914,1393914,1393914,baseline,,,,,,,
297,32,16,1285664,1285664,1285664,fan,,,,,,,
297,33,16,1631230,1631229,1631229,guided,0,1,110,1,2001953063,7904,723
297,34,17,1530642,1530642,1530642,fan,,,,,,,
297,35,17,1895672,1895634,1895634,guided,0,1,110,1,2391808420,8024,595
297,36,17,2318378,2318378,2318378,baseline,,,,,,,
297,37,18,2188720,2188660,2188660,guided,0,1,110,1,2831362280,7952,566
297,38,18,2635538,2635538,2635538,baseline,,,,,,,
297,39,19,2511962,2511817,2511817,guided,0,1,110,1,3318030757,7057,387
297,40,19,2982752,2982752,2982752,baseline,,,,,,,
297,41,20,2866775,2866598,2866598,guided,1,1,110,1,3866812393,6255,405
297,42,20,3361476,3361476,3361476,baseline,,,,,,,
297,43,21,3254824,3254479,3254479,guided,0,1,110,1,4460619121,6223,341
297,44,21,3773224,3773222,3773222,guided,1,3,110,1,3044967824,4356,465
297,45,21,4313776,4313776,4313776,baseline,,,,,,,
297,46,22,4219422,4219410,4219410,guided,1,3,110,1,3494315681,4518,484
297,47,23,4135862,4135362,4135362,guided,0,1,110,1,5840607366,6414,344
297,48,23,4701578,4701524,4701524,guided,0,3,110,1,3980925749,4545,502
297,49,23,5291348,5291348,5291348,baseline,,,,,,,
297,50,23,5895746,5895746,5895746,baseline,,,,,,,
297,51,24,5835299,5835299,5835299,baseline,,,,,,,
297,52,24,6464728,6464728,6464728,baseline,,,,,,,
297,53,25,6417924,6417913,6417913,guided,1,1,110,1,7768148361,7428,1013
297,54,25,7072252,7072252,7072252,baseline,,,,,,,
297,55,26,7040624,7040585,7040585,deep,0,1,110,1,34717382648,19402,1603
297,56,26,7719758,7719758,7719758,baseline,,,,,,,
297,57,26,8417630,8417630,8417630,baseline,,,,,,,
297,58,27,8408594,8408594,8408594,baseline,,,,,,,
297,59,28,8411733,8411598,8411598,guided,0,1,110,1,10810677559,7635,909
298,1,1,298,298,298,fan,,,,,,,
298,2,1,596,596,596,fan,,,,,,,
298,3,2,2676,2676,2676,fan,,,,,,,
298,4,2,4160,4160,4160,fan,,,,,,,
298,5,3,8904,8904,8904,fan,,,,,,,
298,6,3,11864,11864,11864,fan,,,,,,,
298,7,4,20732,20732,20732,fan,,,,,,,
298,8,4,26040,26040,26040,fan,,,,,,,
298,9,5,39898,39898,39898,fan,,,,,,,
298,10,5,47836,47836,47836,fan,,,,,,,
298,11,6,68120,68120,68120,fan,,,,,,,
298,12,6,79544,79544,79544,fan,,,,,,,
298,13,7,107104,107104,107104,fan,,,,,,,
298,14,7,122288,122288,122288,fan,,,,,,,
298,15,8,158536,158536,158536,fan,,,,,,,
298,16,8,178320,178320,178320,fan,,,,,,,
298,17,9,224090,224090,224090,fan,,,,,,,
298,18,9,248740,248740,248740,fan,,,,,,,
298,19,10,305420,305420,305420,fan,,,,,,,
298,20,10,335760,335760,335760,fan,,,,,,,
298,21,11,404168,404168,404168,fan,,,,,,,
298,22,11,440456,440456,440456,fan,,,,,,,
298,23,12,521956,521956,521956,fan,,,,,,,
298,24,12,565000,565000,565000,fan,,,,,,,
298,25,13,660394,660394,660394,fan,,,,,,,
298,26,13,710444,710444,710444,fan,,,,,,,
298,27,13,998794,998794,998794,baseline,,,,,,,
298,28,14,878920,878920,878920,fan,,,,,,,
298,29,14,1187296,1187296,1187296,baseline,,,,,,,
298,30,15,1071456,1071456,1071456,fan,,,,,,,
298,31,15,1399878,1399878,1399878,baseline,,,,,,,
298,32,16,1290144,1290144,1290144,fan,,,,,,,
298,33,16,1638104,1638102,1638102,guided,0,3,110,1,1341529067,5269,477
298,34,17,1535988,1535988,1535988,fan,,,,,,,
298,35,17,1903554,1903514,1903514,guided,0,3,110,1,1601002024,5341,410
298,36,17,2329048,2329048,2329048,baseline,,,,,,,
298,37,18,2197714,2197650,2197650,guided,0,3,110,1,1894398791,5303,381
298,38,18,2647500,2647500,2647500,baseline,,,,,,,
298,39,19,2522178,2522026,2522026,guided,0,3,110,1,2220673419,4684,248
298,40,19,2996080,2996080,2996080,baseline,,,,,,,
298,41,20,2878322,2878144,2878144,guided,0,3,110,1,2583984499,4128,231
298,42,20,3376324,3376324,3376324,baseline,,,,,,,
298,43,21,3267806,3267482,3267482,guided,0,3,110,1,2983987888,4158,230
298,44,21,3789672,3789672,3789672,baseline,,,,,,,
298,45,21,4333806,4333806,4333806,baseline,,,,,,,
298,46,22,4237640,4237632,4237632,guided,0,3,110,1,3507681403,4413,480
298,47,22,4806598,4806598,4806598,baseline,,,,,,,
298,48,23,4721648,4721608,4721608,guided,0,3,110,1,3996065740,4554,514
298,49,23,5315342,5315342,5315342,baseline,,,,,,,
298,50,23,5923728,5923728,5923728,baseline,,,,,,,
298,51,24,5861480,5861480,5861480,baseline,,,,,,,
298,52,24,6495076,6495076,6495076,baseline,,,,,,,
298,53,25,6446446,6446426,6446426,guided,0,3,110,1,5190389318,4786,588
298,54,25,7105100,7105100,7105100,baseline,,,,,,,
298,55,26,7071632,7071584,7071584,deep,0,3,110,1,23225808146,12895,1086
298,56,26,7755256,7755256,7755256,baseline,,,,,,,
298,57,26,8457708,8457708,8457708,baseline,,,,,,,
298,58,27,8446904,8446904,8446904,baseline,,,,,,,
298,59,27,9174822,9174822,9174822,baseline,,,,,,,
299,1,1,299,299,299,fan,,,,,,,
299,2,1,598,598,598,fan,,,,,,,
299,3,2,2685,2685,2685,fan,,,,,,,
299,4,2,4174,4174,4174,fan,,,,,,,
299,5,3,8934,8934,8934,fan,,,,,,,
299,6,3,11904,11904,11904,fan,,,,,,,
299,7,4,20802,20802,20802,fan,,,,,,,
299,8,4,26128,26128,26128,fan,,,,,,,
299,9,5,40033,40033,40033,fan,,,,,,,
299,10,5,47998,47998,47998,fan,,,,,,,
299,11,6,68351,68351,68351,fan,,,,,,,
299,12,6,79814,79814,79814,fan,,,,,,,
299,13,7,107468,107468,107468,fan,,,,,,,
299,14,7,122704,122704,122704,fan,,,,,,,
299,15,8,159076,159076,159076,fan,,,,,,,
299,16,8,178928,178928,178928,fan,,,,,,,
299,17,9,224855,224855,224855,fan,,,,,,,
299,18,9,249590,249590,249590,fan,,,,,,,
299,19,10,306465,306465,306465,fan,,,,,,,
299,20,10,336910,336910,336910,fan,,,,,,,
299,21,11,405554,405554,405554,fan,,,,,,,
299,22,11,441968,441968,441968,fan,,,,,,,
299,23,12,523750,523750,523750,fan,,,,,,,
299,24,12,566944,566944,566944,fan,,,,,,,
299,25,13,662669,662669,662669,fan,,,,,,,
299,26,13,712894,712894,712894,fan,,,,,,,
299,27,13,1003223,1003223,1003223,baseline,,,,,,,
299,28,14,881958,881958,881958,fan,,,,,,,
299,29,14,1192457,1192457,1192457,baseline,,,,,,,
299,30,15,1075168,1075168,1075168,fan,,,,,,,
299,31,15,1405857,1405857,1405857,baseline,,,,,,,
299,32,16,1294624,1294624,1294624,fan,,,,,,,
299,33,16,1644994,1644991,1644991,guided,0,3,110,1,2017691246,7942,708
299,34,17,1541334,1541334,1541334,fan,,,,,,,
299,35,17,1911446,1911412,1911412,guided,0,3,110,1,2409435110,8064,660
299,36,17,2339752,2339752,2339752,baseline,,,,,,,
299,37,18,2206726,2206658,2206658,guided,0,3,110,1,2849937633,8036,584
299,38,18,2659462,2659462,2659462,baseline,,,,,,,
299,39,19,2532397,2532256,2532256,guided,0,3,110,1,3339859644,7225,396
299,40,19,3009446,3009446,3009446,baseline,,,,,,,
299,41,20,2889889,2889710,2889710,guided,0,3,110,1,3888284637,6213,353
299,42,20,3391172,3391172,3391172,baseline,,,,,,,
299,43,21,3280812,3280507,3280507,guided,0,3,110,1,4487339167,6248,348
299,44,21,3806166,3806164,3806164,guided,0,3,110,1,3073610918,4257,466
299,45,21,4353874,4353874,4353874,baseline,,,,,,,
299,46,22,4255866,4255854,4255854,guided,1,3,110,1,3518321048,4521,484
299,47,23,4168488,4168003,4168003,guided,0,3,110,1,5874823881,6434,348
299,48,23,4741770,4741738,4741738,guided,0,3,110,1,4006411107,4558,515
299,49,23,5339379,5339379,5339379,baseline,,,,,,,
299,50,23,5951758,5951758,5951758,baseline,,,,,,,
299,51,24,5887704,5887704,5887704,baseline,,,,,,,
299,52,24,6525472,6525472,6525472,baseline,,,,,,,
299,53,25,6474996,6474985,6474985,guided,1,3,110,1,7807558945,7433,1012
299,54,25,7138004,7138004,7138004,baseline,,,,,,,
299,55,26,7102683,7102628,7102628,deep,0,3,110,1,34951912679,19562,1781
299,56,26,7790814,7790814,7790814,baseline,,,,,,,
299,57,26,8497865,8497865,8497865,baseline,,,,,,,
299,58,27,8485270,8485270,8485270,baseline,,,,,,,
299,59,28,8484671,8484547,8484547,guided,0,3,110,1,10885019529,7704,945
300,1,1,300,300,300,fan,,,,,,,
300,2,1,600,600,600,fan,,,,,,,
300,3,2,2694,2694,2694,fan,,,,,,,
300,4,2,4188,4188,4188,fan,,,,,,,
300,5,3,8964,8964,8964,fan,,,,,,,
300,6,3,11944,11944,11944,fan,,,,,,,
300,7,4,20872,20872,20872,fan,,,,,,,
300,8,4,26216,26216,26216,fan,,,,,,,
300,9,5,40168,40168,40168,fan,,,,,,,
300,10,5,48160,48160,48160,fan,,,,,,,
300,11,6,68582,68582,68582,fan,,,,,,,
300,12,6,80084,80084,80084,fan,,,,,,,
300,13,7,107832,107832,107832,fan,,,,,,,
300,14,7,123120,123120,123120,fan,,,,,,,
300,15,8,159616,159616,159616,fan,,,,,,,
300,16,8,179536,179536,179536,fan,,,,,,,
300,17,9,225620,225620,225620,fan,,,,,,,
300,18,9,250440,250440,250440,fan,,,,,,,
300,19,10,307510,307510,307510,fan,,,,,,,
300,20,10,338060,338060,338060,fan,,,,,,,
300,21,11,406940,406940,406940,fan,,,,,,,
300,22,11,443480,443480,443480,fan,,,,,,,
300,23,12,525544,525544,525544,fan,,,,,,,
300,24,12,568888,568888,568888,fan,,,,,,,
300,25,13,664944,664944,664944,fan,,,,,,,
300,26,13,715344,715344,715344,fan,,,,,,,
300,27,13,1007652,1007652,1007652,baseline,,,,,,,
300,28,14,884996,884996,884996,fan,,,,,,,
300,29,14,1197618,1197618,1197618,baseline,,,,,,,
300,30,15,1078880,1078880,1078880,fan,,,,,,,
300,31,15,1411836,1411836,1411836,baseline,,,,,,,
300,32,16,1299104,1299104,1299104,fan,,,,,,,
300,33,16,1651884,1651880,1651880,guided,0,1,110,1,1350317759,5277,462
300,34,17,1546680,1546680,1546680,fan,,,,,,,
300,35,17,1919338,1919310,1919310,guided,0,3,110,1,1611884651,5380,455
300,36,17,2350456,2350456,2350456,baseline,,,,,,,
300,37,18,2215738,2215666,2215666,guided,0,1,110,1,1907383510,5341,392
300,38,18,2671460,2671460,2671460,baseline,,,,,,,
300,39,19,2542616,2542486,2542486,guided,0,3,110,1,2235976140,4856,269
300,40,19,3022812,3022812,3022812,baseline,,,,,,,
300,41,20,2901456,2901276,2901276,guided,0,1,110,1,2602759421,4143,244
300,42,20,3406060,3406060,3406060,baseline,,,,,,,
300,43,21,3293818,3293532,3293532,guided,0,3,110,1,3007815405,4175,233
300,44,21,3822660,3822656,3822656,guided,0,3,110,1,3083583650,4254,454
300,45,21,4373970,4373970,4373970,baseline,,,,,,,
300,46,22,4274136,4274120,4274120,guided,1,3,110,1,3526291924,4524,484
300,47,22,4850606,4850606,4850606,baseline,,,,,,,
300,48,23,4761892,4761868,4761868,guided,0,3,110,1,4016758018,4562,516
300,49,23,5363450,5363450,5363450,baseline,,,,,,,
300,50,24,5287528,5287392,5287392,guided,0,3,110,1,4556750295,4653,479
300,51,24,5913964,5913964,5913964,baseline,,,,,,,
300,52,24,6555920,6555920,6555920,baseline,,,,,,,
300,53,25,6503594,6503580,6503580,guided,1,3,110,1,5225018679,4970,678
300,54,25,7170964,7170964,7170964,baseline,,,,,,,
300,55,26,7133750,7133710,7133710,deep,0,1,110,1,23376439805,13011,1223
300,56,26,7826428,7826428,7826428,baseline,,,,,,,
300,57,26,8538090,8538090,8538090,baseline,,,,,,,
300,58,27,8523700,8523700,8523700,baseline,,,,,,,
300,59,27,9261176,9261176,9261176,baseline,,,,,,,
300,60,28,9264192,9264184,9264184,guided,1,3,110,1,7404632679,5332,732
301,1,1,301,301,301,fan,,,,,,,
301,2,1,602,602,602,fan,,,,,,,
301,3,2,2703,2703,2703,fan,,,,,,,
301,4,2,4202,4202,4202,fan,,,,,,,
301,5,3,8994,8994,8994,fan,,,,,,,
301,6,3,11984,11984,11984,fan,,,,,,,
301,7,4,20942,20942,20942,fan,,,,,,,
301,8,4,26304,26304,26304,fan,,,,,,,
301,9,5,40303,40303,40303,fan,,,,,,,
301,10,5,48322,48322,48322,fan,,,,,,,
301,11,6,68813,68813,68813,fan,,,,,,,
301,12,6,80354,80354,80354,fan,,,,,,,
301,13,7,108196,108196,108196,fan,,,,,,,
301,14,7,123536,123536,123536,fan,,,,,,,
301,15,8,160156,160156,160156,fan,,,,,,,
301,16,8,180144,180144,180144,fan,,,,,,,
301,17,9,226385,226385,226385,fan,,,,,,,
301,18,9,251290,251290,251290,fan,,,,,,,
301,19,10,308555,308555,308555,fan,,,,,,,
301,20,10,339210,339210,339210,fan,,,,,,,
301,21,11,408326,408326,408326,fan,,,,,,,
301,22,11,444992,444992,444992,fan,,,,,,,
301,23,12,527338,527338,527338,fan,,,,,,,
301,24,12,570832,570832,570832,fan,,,,,,,
301,25,13,667219,667219,667219,fan,,,,,,,
301,26,13,717794,717794,717794,fan,,,,,,,
301,27,13,1012094,1012094,1012094,baseline,,,,,,,
301,28,14,888034,888034,888034,fan,,,,,,,
301,29,14,1202793,1202793,1202793,baseline,,,,,,,
301,30,15,1082592,1082592,1082592,fan,,,,,,,
301,31,15,1417830,1417830,1417830,baseline,,,,,,,
301,32,16,1303584,1303584,1303584,fan,,,,,,,
301,33,16,1658789,1658786,1658786,guided,0,1,110,1,2029135115,7941,710
301,34,17,1552026,1552026,1552026,fan,,,,,,,
301,35,17,1927247,1927225,1927225,guided,0,1,110,1,2424928068,8148,705
301,36,17,2361198,2361198,2361198,baseline,,,,,,,
301,37,18,2224758,2224694,2224694,guided,0,1,110,1,2868601187,8025,542
301,38,18,2683460,2683460,2683460,baseline,,,,,,,
301,39,19,2552854,2552735,2552735,guided,0,1,110,1,3362487576,7437,412
301,40,19,3036218,3036218,3036218,baseline,,,,,,,
301,41,20,2913050,2912863,2912863,guided,0,1,110,1,3916813127,6212,350
301,42,20,3420950,3420950,3420950,baseline,,,,,,,
301,43,21,3306845,3306578,3306578,guided,0,1,110,1,4520541453,6271,351
301,44,21,3839194,3839192,3839192,guided,0,3,110,1,3091718268,4264,458
301,45,21,4394102,4394102,4394102,baseline,,,,,,,
301,46,22,4292400,4292388,4292388,guided,1,3,110,1,3540996065,4534,485
301,47,22,4872663,4872663,4872663,baseline,,,,,,,
301,48,23,4782074,4782046,4782046,guided,0,3,110,1,4031413016,4568,516
301,49,23,5387561,5387561,5387561,baseline,,,,,,,
301,50,24,5309694,5309574,5309574,guided,0,3,110,1,4570373392,4673,495
301,51,24,5940267,5940267,5940267,baseline,,,,,,,
301,52,24,6586416,6586416,6586416,baseline,,,,,,,
301,53,25,6532238,6532221,6532221,guided,1,1,110,1,7875950104,7492,1023
301,54,25,7203980,7203980,7203980,baseline,,,,,,,
301,55,26,7164895,7164840,7164840,deep,0,1,110,1,35175694669,19725,1866
301,56,26,7862102,7862102,7862102,baseline,,,,,,,
301,57,26,8578397,8578397,8578397,baseline,,,,,,,
301,58,27,8562186,8562186,8562186,baseline,,,,,,,
301,59,27,9304467,9304467,9304467,baseline,,,,,,,
301,60,28,9305652,9305652,9305652,baseline,,,,,,,
302,1,1,302,302,302,fan,,,,,,,
302,2,1,604,604,604,fan,,,,,,,
302,3,2,2712,2712,2712,fan,,,,,,,
302,4,2,4216,4216,4216,fan,,,,,,,
302,5,3,9024,9024,9024,fan,,,,,,,
302,6,3,12024,12024,12024,fan,,,,,,,
302,7,4,21012,21012,21012,fan,,,,,,,
302,8,4,26392,26392,26392,fan,,,,,,,
302,9,5,40438,40438,40438,fan,,,,,,,
302,10,5,48484,48484,48484,fan,,,,,,,
302,11,6,69044,69044,69044,fan,,,,,,,
302,12,6,80624,80624,80624,fan,,,,,,,
302,13,7,108560,108560,108560,fan,,,,,,,
302,14,7,123952,123952,123952,fan,,,,,,,
302,15,8,160696,160696,160696,fan,,,,,,,
302,16,8,180752,180752,180752,fan,,,,,,,
302,17,9,227150,227150,227150,fan,,,,,,,
302,18,9,252140,252140,252140,fan,,,,,,,
302,19,10,309600,309600,309600,fan,,,,,,,
302,20,10,340360,340360,340360,fan,,,,,,,
302,21,11,409712,409712,409712,fan,,,,,,,
302,22,11,446504,446504,446504,fan,,,,,,,
302,23,12,529132,529132,529132,fan,,,,,,,
302,24,12,572776,572776,572776,fan,,,,,,,
302,25,13,669494,669494,669494,fan,,,,,,,
302,26,13,720244,720244,720244,fan,,,,,,,
302,27,13,1016536,1016536,1016536,baseline,,,,,,,
302,28,14,891072,891072,891072,fan,,,,,,,
302,29,14,1207968,1207968,1207968,baseline,,,,,,,
302,30,15,1086304,1086304,1086304,fan,,,,,,,
302,31,15,1423824,1423824,1423824,baseline,,,,,,,
302,32,16,1308064,1308064,1308064,fan,,,,,,,
302,33,16,1665694,1665692,1665692,guided,0,3,110,1,1358764893,5295,479
302,34,17,1557372,1557372,1557372,fan,,,,,,,
302,35,17,1935156,1935140,1935140,guided,0,3,110,1,1622918012,5431,500
302,36,17,2371940,2371940,2371940,baseline,,,,,,,
302,37,18,2233778,2233722,2233722,guided,0,3,110,1,1920749961,5341,346
302,38,18,2695496,2695496,2695496,baseline,,,,,,,
302,39,19,2563092,2562984,2562984,guided,0,3,110,1,2250287796,4935,284
302,40,19,3049624,3049624,3049624,baseline,,,,,,,
302,41,20,2924644,2924450,2924450,guided,0,3,110,1,2622556884,4145,228
302,42,20,3435880,3435880,3435880,baseline,,,,,,,
302,43,21,3319872,3319624,3319624,guided,0,3,110,1,3022628699,4186,236
302,44,21,3855728,3855728,3855728,baseline,,,,,,,
302,45,21,4414264,4414264,4414264,baseline,,,,,,,
302,46,22,4310708,4310700,4310700,guided,0,3,110,1,3551800978,4379,401
302,47,22,4894750,4894750,4894750,baseline,,,,,,,
302,48,23,4802256,4802224,4802224,guided,0,3,110,1,4046087710,4574,516
302,49,23,5411708,5411708,5411708,baseline,,,,,,,
302,50,24,5331916,5331804,5331804,guided,0,3,110,1,4585421471,4690,512
302,51,24,5966606,5966606,5966606,baseline,,,,,,,
302,52,24,6616964,6616964,6616964,baseline,,,,,,,
302,53,25,6560904,6560896,6560896,guided,1,3,110,1,5268462267,4996,680
302,54,25,7237044,7237044,7237044,baseline,,,,,,,
302,55,26,7196060,7196008,7196008,deep,0,3,110,1,23539513008,13145,1311
302,56,26,7897832,7897832,7897832,baseline,,,,,,,
302,57,26,8618772,8618772,8618772,baseline,,,,,,,
302,58,27,8600736,8600736,8600736,baseline,,,,,,,
302,59,27,9347832,9347832,9347832,baseline,,,,,,,
302,60,28,9347188,9347180,9347180,guided,1,3,110,1,7460840188,5350,732
303,1,1,303,303,303,fan,,,,,,,
303,2,1,606,606,606,fan,,,,,,,
303,3,2,2721,2721,2721,fan,,,,,,,
303,4,2,4230,4230,4230,fan,,,,,,,
303,5,3,9054,9054,9054,fan,,,,,,,
303,6,3,12064,12064,12064,fan,,,,,,,
303,7,4,21082,21082,21082,fan,,,,,,,
303,8,4,26480,26480,26480,fan,,,,,,,
303,9,5,40573,40573,40573,fan,,,,,,,
303,10,5,48646,48646,48646,fan,,,,,,,
303,11,6,69275,69275,69275,fan,,,,,,,
303,12,6,80894,80894,80894,fan,,,,,,,
303,13,7,108924,108924,108924,fan,,,,,,,
303,14,7,124368,124368,124368,fan,,,,,,,
303,15,8,161236,161236,161236,fan,,,,,,,
303,16,8,181360,181360,181360,fan,,,,,,,
303,17,9,227915,227915,227915,fan,,,,,,,
303,18,9,252990,252990,252990,fan,,,,,,,
303,19,10,310645,310645,310645,fan,,,,,,,
303,20,10,341510,341510,341510,fan,,,,,,,
303,21,11,411098,411098,411098,fan,,,,,,,
303,22,11,448016,448016,448016,fan,,,,,,,
303,23,12,530926,530926,530926,fan,,,,,,,
303,24,12,574720,574720,574720,fan,,,,,,,
303,25,13,671769,671769,671769,fan,,,,,,,
303,26,13,722694,722694,722694,fan,,,,,,,
303,27,13,1020991,1020991,1020991,baseline,,,,,,,
303,28,14,894110,894110,894110,fan,,,,,,,
303,29,14,1213157,1213157,1213157,baseline,,,,,,,
303,30,15,1090016,1090016,1090016,fan,,,,,,,
303,31,15,1429834,1429834,1429834,baseline,,,,,,,
303,32,16,1312544,1312544,1312544,fan,,,,,,,
303,33,16,1672615,1672614,1672614,guided,0,3,110,1,2044404749,7986,727
303,34,17,1562718,1562718,1562718,fan,,,,,,,
303,35,17,1943085,1943072,1943072,guided,0,3,110,1,2441466302,8163,723
303,36,17,2382718,2382718,2382718,baseline,,,,,,,
303,37,18,2242816,2242768,2242768,guided,0,3,110,1,2888574604,8065,500
303,38,18,2707534,2707534,2707534,baseline,,,,,,,
303,39,19,2573366,2573253,2573253,guided,0,3,110,1,3385150361,7447,429
303,40,19,3063068,3063068,3063068,baseline,,,,,,,
303,41,20,2936258,2936057,2936057,guided,0,3,110,1,3942467734,6232,334
303,42,20,3450810,3450810,3450810,baseline,,,,,,,
303,43,21,3332949,3332693,3332693,guided,0,3,110,1,4557928202,6294,350
303,44,21,3872308,3872306,3872306,guided,1,3,110,1,3109417093,4377,468
303,45,21,4434461,4434461,4434461,baseline,,,,,,,
303,46,22,4329024,4329012,4329012,guided,0,3,110,1,3560748793,4417,454
303,47,22,4916876,4916876,4916876,baseline,,,,,,,
303,48,23,4822472,4822448,4822448,guided,0,3,110,1,4060915129,4565,501
303,49,23,5435895,5435895,5435895,baseline,,,,,,,
303,50,24,5354146,5354034,5354034,guided,0,3,110,1,4598658905,4666,486
303,51,24,5992988,5992988,5992988,baseline,,,,,,,
303,52,24,6647560,6647560,6647560,baseline,,,,,,,
303,53,25,6589637,6589620,6589620,guided,1,3,110,1,7911735272,7517,1026
303,54,25,7270164,7270164,7270164,baseline,,,,,,,
303,55,26,7227267,7227221,7227221,deep,0,3,110,1,35409728963,19825,1991
303,56,26,7933622,7933622,7933622,baseline,,,,,,,
303,57,26,8659226,8659226,8659226,baseline,,,,,,,
303,58,27,8639342,8639342,8639342,baseline,,,,,,,
303,59,27,9391277,9391277,9391277,baseline,,,,,,,
303,60,28,9388772,9388772,9388772,baseline,,,,,,,
304,1,1,304,304,304,fan,,,,,,,
304,2,1,608,608,608,fan,,,,,,,
304,3,2,2730,2730,2730,fan,,,,,,,
304,4,2,4244,4244,4244,fan,,,,,,,
304,5,3,9084,9084,9084,fan,,,,,,,
304,6,3,12104,12104,12104,fan,,,,,,,
304,7,4,21152,21152,21152,fan,,,,,,,
304,8,4,26568,26568,26568,fan,,,,,,,
304,9,5,40708,40708,40708,fan,,,,,,,
304,10,5,48808,48808,48808,fan,,,,,,,
304,11,6,69506,69506,69506,fan,,,,,,,
304,12,6,81164,81164,81164,fan,,,,,,,
304,13,7,109288,109288,109288,fan,,,,,,,
304,14,7,124784,124784,124784,fan,,,,,,,
304,15,8,161776,161776,161776,fan,,,,,,,
304,16,8,181968,181968,181968,fan,,,,,,,
304,17,9,228680,228680,228680,fan,,,,,,,
304,18,9,253840,253840,253840,fan,,,,,,,
304,19,10,311690,311690,311690,fan,,,,,,,
304,20,10,342660,342660,342660,fan,,,,,,,
304,21,11,412484,412484,412484,fan,,,,,,,
304,22,11,449528,449528,449528,fan,,,,,,,
304,23,12,532720,532720,532720,fan,,,,,,,
304,24,12,576664,576664,576664,fan,,,,,,,
304,25,13,674044,674044,674044,fan,,,,,,,
304,26,13,725144,725144,725144,fan,,,,,,,
304,27,13,1025446,1025446,1025446,baseline,,,,,,,
304,28,14,897148,897148,897148,fan,,,,,,,
304,29,14,1218346,1218346,1218346,baseline,,,,,,,
304,30,15,1093728,1093728,1093728,fan,,,,,,,
304,31,15,1435844,1435844,1435844,baseline,,,,,,,
304,32,16,1317024,1317024,1317024,fan,,,,,,,
304,33,16,1679536,1679536,1679536,baseline,,,,,,,
304,34,17,1568064,1568064,1568064,fan,,,,,,,
304,35,17,1951014,1951004,1951004,guided,0,3,110,1,1635021158,5437,473
304,36,17,2393496,2393496,2393496,baseline,,,,,,,
304,37,18,2251854,2251814,2251814,guided,0,1,110,1,1932746844,5334,299
304,38,18,2719608,2719608,2719608,baseline,,,,,,,
304,39,19,2583640,2583522,2583522,guided,0,3,110,1,2265588300,4949,285
304,40,19,3076512,3076512,3076512,baseline,,,,,,,
304,41,20,2947872,2947664,2947664,guided,0,1,110,1,2636061613,4141,212
304,42,20,3465780,3465780,3465780,baseline,,,,,,,
304,43,21,3346026,3345762,3345762,guided,0,3,110,1,3049906012,4201,232
304,44,21,3888888,3888884,3888884,guided,1,3,110,1,3117454746,4380,468
304,45,21,4454688,4454688,4454688,baseline,,,,,,,
304,46,22,4347384,4347368,4347368,guided,0,3,110,1,3580337611,4461,510
304,47,22,4939030,4939030,4939030,baseline,,,,,,,
304,48,23,4842688,4842672,4842672,guided,0,3,110,1,4075821006,4556,486
304,49,23,5460114,5460114,5460114,baseline,,,,,,,
304,50,24,5376424,5376312,5376312,guided,0,3,110,1,4618055604,4648,459
304,51,24,6019404,6019404,6019404,baseline,,,,,,,
304,52,24,6678208,6678208,6678208,baseline,,,,,,,
304,53,25,6618392,6618378,6618378,guided,1,3,110,1,5295094171,5026,690
304,54,25,7303332,7303332,7303332,baseline,,,,,,,
304,55,26,7258532,7258474,7258474,guided,1,1,110,1,5939311659,5134,696
304,56,26,7969468,7969468,7969468,baseline,,,,,,,
304,57,26,8699750,8699750,8699750,baseline,,,,,,,
304,58,27,8678012,8678012,8678012,baseline,,,,,,,
304,59,27,9434796,9434796,9434796,baseline,,,,,,,
304,60,28,9430432,9430424,9430424,guided,1,3,110,1,7507527307,5390,742
305,1,1,305,305,305,fan,,,,,,,
305,2,1,610,610,610,fan,,,,,,,
305,3,2,2739,2739,2739,fan,,,,,,,
305,4,2,4258,4258,4258,fan,,,,,,,
305,5,3,9114,9114,9114,fan,,,,,,,
305,6,3,12144,12144,12144,fan,,,,,,,
305,7,4,21222,21222,21222,fan,,,,,,,
305,8,4,26656,26656,26656,fan,,,,,,,
305,9,5,40843,40843,40843,fan,,,,,,,
305,10,5,48970,48970,48970,fan,,,,,,,
305,11,6,69737,69737,69737,fan,,,,,,,
305,12,6,81434,81434,81434,fan,,,,,,,
305,13,7,109652,109652,109652,fan,,,,,,,
305,14,7,125200,125200,125200,fan,,,,,,,
305,15,8,162316,162316,162316,fan,,,,,,,
305,16,8,182576,182576,182576,fan,,,,,,,
305,17,9,229445,229445,229445,fan,,,,,,,
305,18,9,254690,254690,254690,fan,,,,,,,
305,19,10,312735,312735,312735,fan,,,,,,,
305,20,10,343810,343810,343810,fan,,,,,,,
305,21,11,413870,413870,413870,fan,,,,,,,
305,22,11,451040,451040,451040,fan,,,,,,,
305,23,12,534514,534514,534514,fan,,,,,,,
305,24,12,578608,578608,578608,fan,,,,,,,
305,25,13,676319,676319,676319,fan,,,,,,,
305,26,13,727594,727594,727594,fan,,,,,,,
305,27,13,1029914,1029914,1029914,baseline,,,,,,,
305,28,14,900186,900186,900186,fan,,,,,,,
305,29,14,1223550,1223550,1223550,baseline,,,,,,,
305,30,15,1097440,1097440,1097440,fan,,,,,,,
305,31,15,1441869,1441869,1441869,baseline,,,,,,,
305,32,16,1321504,1321504,1321504,fan,,,,,,,
305,33,16,1686475,1686474,1686474,guided,0,1,110,1,2058228368,7989,744
305,34,17,1573410,1573410,1573410,fan,,,,,,,
305,35,17,1958960,1958953,1958953,guided,0,1,110,1,2457774905,8187,696
305,36,17,2404312,2404312,2404312,baseline,,,,,,,
305,37,18,2260921,2260879,2260879,guided,0,1,110,1,2907451250,8051,497
305,38,18,2731686,2731686,2731686,baseline,,,,,,,
305,39,19,2593933,2593810,2593810,guided,0,1,110,1,3408404795,7542,433
305,40,19,3089998,3089998,3089998,baseline,,,,,,,
305,41,20,2959494,2959293,2959293,guided,0,1,110,1,3968792912,6219,318
305,42,20,3480752,3480752,3480752,baseline,,,,,,,
305,43,21,3359124,3358852,3358852,guided,0,1,110,1,4585370345,6309,346
305,44,21,3905508,3905506,3905506,guided,1,3,110,1,3129690148,4393,470
305,45,21,4474951,4474951,4474951,baseline,,,,,,,
305,46,22,4365738,4365726,4365726,guided,1,3,110,1,3590838399,4562,490
305,47,22,4961225,4961225,4961225,baseline,,,,,,,
305,48,23,4862966,4862944,4862944,guided,0,3,110,1,4086205696,4539,456
305,49,23,5484371,5484371,5484371,baseline,,,,,,,
305,50,24,5398688,5398592,5398592,guided,0,3,110,1,4635606366,4679,486
305,51,24,6045866,6045866,6045866,baseline,,,,,,,
305,52,24,6708904,6708904,6708904,baseline,,,,,,,
305,53,25,6647188,6647182,6647182,guided,1,1,110,1,7960850179,7547,1038
305,54,25,7336556,7336556,7336556,baseline,,,,,,,
305,55,26,7289818,7289772,7289772,guided,3,2,110,1,8943179614,7742,1080
305,56,26,8005366,8005366,8005366,baseline,,,,,,,
305,57,26,8740351,8740351,8740351,baseline,,,,,,,
305,58,27,8716738,8716738,8716738,baseline,,,,,,,
305,59,27,9478395,9478395,9478395,baseline,,,,,,,
305,60,28,9472140,9472140,9472140,baseline,,,,,,,
305,61,28,10260348,10260348,10260348,baseline,,,,,,,
306,1,1,306,306,306,fan,,,,,,,
306,2,1,612,612,612,fan,,,,,,,
306,3,2,2748,2748,2748,fan,,,,,,,
306,4,2,4272,4272,4272,fan,,,,,,,
306,5,3,9144,9144,9144,fan,,,,,,,
306,6,3,12184,12184,12184,fan,,,,,,,
306,7,4,21292,21292,21292,fan,,,,,,,
306,8,4,26744,26744,26744,fan,,,,,,,
306,9,5,40978,40978,40978,fan,,,,,,,
306,10,5,49132,49132,49132,fan,,,,,,,
306,11,6,69968,69968,69968,fan,,,,,,,
306,12,6,81704,81704,81704,fan,,,,,,,
306,13,7,110016,110016,110016,fan,,,,,,,
306,14,7,125616,125616,125616,fan,,,,,,,
306,15,8,162856,162856,162856,fan,,,,,,,
306,16,8,183184,183184,183184,fan,,,,,,,
306,17,9,230210,230210,230210,fan,,,,,,,
306,18,9,255540,255540,255540,fan,,,,,,,
306,19,10,313780,313780,313780,fan,,,,,,,
306,20,10,344960,344960,344960,fan,,,,,,,
306,21,11,415256,415256,415256,fan,,,,,,,
306,22,11,452552,452552,452552,fan,,,,,,,
306,23,12,536308,536308,536308,fan,,,,,,,
306,24,12,580552,580552,580552,fan,,,,,,,
306,25,13,678594,678594,678594,fan,,,,,,,
306,26,13,730044,730044,730044,fan,,,,,,,
306,27,13,1034382,1034382,1034382,baseline,,,,,,,
306,28,14,903224,903224,903224,fan,,,,,,,
306,29,14,1228754,1228754,1228754,baseline,,,,,,,
306,30,15,1101152,1101152,1101152,fan,,,,,,,
306,31,15,1447894,1447894,1447894,baseline,,,,,,,
306,32,16,1325984,1325984,1325984,fan,,,,,,,
306,33,16,1693414,1693412,1693412,guided,0,3,110,1,1376255588,5319,496
306,34,17,1578756,1578756,1578756,fan,,,,,,,
306,35,17,1966906,1966902,1966902,guided,0,3,110,1,1643878609,5425,446
306,36,17,2415128,2415128,2415128,baseline,,,,,,,
306,37,18,2269988,2269944,2269944,guided,0,3,110,1,1946386268,5369,346
306,38,18,2743800,2743800,2743800,baseline,,,,,,,
306,39,19,2604226,2604098,2604098,guided,0,3,110,1,2280201052,4964,284
306,40,19,3103484,3103484,3103484,baseline,,,,,,,
306,41,20,2971116,2970922,2970922,guided,0,3,110,1,2654168164,4150,212
306,42,20,3495764,3495764,3495764,baseline,,,,,,,
306,43,21,3372222,3371942,3371942,guided,0,3,110,1,3068027814,4210,228
306,44,21,3922128,3922128,3922128,baseline,,,,,,,
306,45,21,4495242,4495242,4495242,baseline,,,,,,,
306,46,22,4384136,4384128,4384128,guided,1,3,110,1,3601469668,4572,492
306,47,22,4983448,4983448,4983448,baseline,,,,,,,
306,48,23,4883244,4883216,4883216,guided,0,3,110,1,4096595832,4522,426
306,49,23,5508662,5508662,5508662,baseline,,,,,,,
306,50,24,5421000,5420920,5420920,guided,0,3,110,1,4649066515,4704,517
306,51,24,6072362,6072362,6072362,baseline,,,,,,,
306,52,24,6739652,6739652,6739652,baseline,,,,,,,
306,53,25,6676022,6676022,6676022,baseline,,,,,,,
306,54,25,7369828,7369828,7369828,baseline,,,,,,,
306,55,26,7321162,7321110,7321110,guided,3,3,110,1,5983985067,5164,718
306,56,26,8041320,8041320,8041320,baseline,,,,,,,
306,57,26,8781014,8781014,8781014,baseline,,,,,,,
306,58,27,8755528,8755528,8755528,baseline,,,,,,,
306,59,27,9522066,9522066,9522066,baseline,,,,,,,
306,60,28,9513924,9513916,9513916,guided,1,3,110,1,7566477651,5420,747
306,61,28,10307184,10307184,10307184,baseline,,,,,,,
307,1,1,307,307,307,fan,,,,,,,
307,2,1,614,614,614,fan,,,,,,,
307,3,2,2757,2757,2757,fan,,,,,,,
307,4,2,4286,4286,4286,fan,,,,,,,
307,5,3,9174,9174,9174,fan,,,,,,,
307,6,3,12224,12224,12224,fan,,,,,,,
307,7,4,21362,21362,21362,fan,,,,,,,
307,8,4,26832,26832,26832,fan,,,,,,,
307,9,5,41113,41113,41113,fan,,,,,,,
307,10,5,49294,49294,49294,fan,,,,,,,
307,11,6,70199,70199,70199,fan,,,,,,,
307,12,6,81974,81974,81974,fan,,,,,,,
307,13,7,110380,110380,110380,fan,,,,,,,
307,14,7,126032,126032,126032,fan,,,,,,,
307,15,8,163396,163396,163396,fan,,,,,,,
307,16,8,183792,183792,183792,fan,,,,,,,
307,17,9,230975,230975,230975,fan,,,,,,,
307,18,9,256390,256390,256390,fan,,,,,,,
307,19,10,314825,314825,314825,fan,,,,,,,
307,20,10,346110,346110,346110,fan,,,,,,,
307,21,11,416642,416642,416642,fan,,,,,,,
307,22,11,454064,454064,454064,fan,,,,,,,
307,23,12,538102,538102,538102,fan,,,,,,,
307,24,12,582496,582496,582496,fan,,,,,,,
307,25,13,680869,680869,680869,fan,,,,,,,
307,26,13,732494,732494,732494,fan,,,,,,,
307,27,13,1038864,1038864,1038864,baseline,,,,,,,
307,28,14,906262,906262,906262,fan,,,,,,,
307,29,14,1233972,1233972,1233972,baseline,,,,,,,
307,30,15,1104864,1104864,1104864,fan,,,,,,,
307,31,15,1453934,1453934,1453934,baseline,,,,,,,
307,32,16,1330464,1330464,1330464,fan,,,,,,,
307,33,16,1700369,1700366,1700366,guided,0,3,110,1,2071719619,8016,744
307,34,17,1584102,1584102,1584102,fan,,,,,,,
307,35,17,1974874,1974869,1974869,guided,0,3,110,1,2473663236,8184,708
307,36,18,1867902,1867902,1867902,fan,,,,,,,
307,37,18,2279073,2279027,2279027,guided,0,3,110,1,2925926242,8131,547
307,38,18,2755916,2755916,2755916,baseline,,,,,,,
307,39,19,2614524,2614407,2614407,guided,0,3,110,1,3429080032,7500,428
307,40,19,3117010,3117010,3117010,baseline,,,,,,,
307,41,20,2982758,2982571,2982571,guided,0,3,110,1,3994721248,6252,318
307,42,20,3510778,3510778,3510778,baseline,,,,,,,
307,43,21,3385344,3385054,3385054,guided,1,3,110,1,4606558761,6447,425
307,44,21,3938796,3938792,3938792,guided,0,3,110,1,3147534549,4309,488
307,45,21,4515571,4515571,4515571,baseline,,,,,,,
307,46,22,4402546,4402530,4402530,guided,1,3,110,1,3613131743,4575,492
307,47,22,5005710,5005710,5005710,baseline,,,,,,,
307,48,23,4903574,4903534,4903534,guided,0,3,110,1,4109966829,4534,429
307,49,23,5532990,5532990,5532990,baseline,,,,,,,
307,50,24,5443344,5443248,5443248,guided,0,3,110,1,4664286071,4688,495
307,51,24,6098899,6098899,6098899,baseline,,,,,,,
307,52,24,6770448,6770448,6770448,baseline,,,,,,,
307,53,25,6704914,6704908,6704908,guided,1,3,110,1,8023258058,7572,1045
307,54,25,7403156,7403156,7403156,baseline,,,,,,,
307,55,26,7352551,7352493,7352493,deep,0,3,110,1,35889823961,19835,1853
307,56,26,8077326,8077326,8077326,baseline,,,,,,,
307,57,26,8821750,8821750,8821750,baseline,,,,,,,
307,58,27,8794374,8794374,8794374,baseline,,,,,,,
307,59,27,9565820,9565820,9565820,baseline,,,,,,,
307,60,28,9555756,9555756,9555756,baseline,,,,,,,
307,61,28,10354101,10354101,10354101,baseline,,,,,,,
308,1,1,308,308,308,fan,,,,,,,
308,2,1,616,616,616,fan,,,,,,,
308,3,2,2766,2766,2766,fan,,,,,,,
308,4,2,4300,4300,4300,fan,,,,,,,
308,5,3,9204,9204,9204,fan,,,,,,,
308,6,3,12264,12264,12264,fan,,,,,,,
308,7,4,21432,21432,21432,fan,,,,,,,
308,8,4,26920,26920,26920,fan,,,,,,,
308,9,5,41248,41248,41248,fan,,,,,,,
308,10,5,49456,49456,49456,fan,,,,,,,
308,11,6,70430,70430,70430,fan,,,,,,,
308,12,6,82244,82244,82244,fan,,,,,,,
308,13,7,110744,110744,110744,fan,,,,,,,
308,14,7,126448,126448,126448,fan,,,,,,,
308,15,8,163936,163936,163936,fan,,,,,,,
308,16,8,184400,184400,184400,fan,,,,,,,
308,17,9,231740,231740,231740,fan,,,,,,,
308,18,9,257240,257240,257240,fan,,,,,,,
308,19,10,315870,315870,315870,fan,,,,,,,
308,20,10,347260,347260,347260,fan,,,,,,,
308,21,11,418028,418028,418028,fan,,,,,,,
308,22,11,455576,455576,455576,fan,,,,,,,
308,23,12,539896,539896,539896,fan,,,,,,,
308,24,12,584440,584440,584440,fan,,,,,,,
308,25,13,683144,683144,683144,fan,,,,,,,
308,26,13,734944,734944,734944,fan,,,,,,,
308,27,13,1043346,1043346,1043346,baseline,,,,,,,
308,28,14,909300,909300,909300,fan,,,,,,,
308,29,14,1239190,1239190,1239190,baseline,,,,,,,
308,30,15,1108576,1108576,1108576,fan,,,,,,,
308,31,15,1459974,1459974,1459974,baseline,,,,,,,
308,32,16,1334944,1334944,1334944,fan,,,,,,,
308,33,16,1707324,1707320,1707320,guided,0,1,110,1,1385485944,5325,496
308,34,17,1589448,1589448,1589448,fan,,,,,,,
308,35,17,1982842,1982836,1982836,guided,0,3,110,1,1655924406,5461,485
308,36,18,1874220,1874220,1874220,fan,,,,,,,
308,37,18,2288158,2288110,2288110,guided,0,1,110,1,1957984867,5406,392
308,38,18,2768068,2768068,2768068,baseline,,,,,,,
308,39,19,2624822,2624716,2624716,guided,0,3,110,1,2295323627,4991,286
308,40,19,3130536,3130536,3130536,baseline,,,,,,,
308,41,20,2994400,2994220,2994220,guided,0,1,110,1,2672876644,4159,212
308,42,20,3525832,3525832,3525832,baseline,,,,,,,
308,43,21,3398466,3398166,3398166,guided,1,3,110,1,3082512096,4304,283
308,44,21,3955464,3955456,3955456,guided,0,3,110,1,3156648372,4316,492
308,45,21,4535928,4535928,4535928,baseline,,,,,,,
308,46,22,4421000,4420976,4420976,guided,1,3,110,1,3621147643,4572,492
308,47,22,5028002,5028002,5028002,baseline,,,,,,,
308,48,23,4923904,4923852,4923852,guided,0,3,110,1,4123478090,4546,432
308,49,23,5557352,5557352,5557352,baseline,,,,,,,
308,50,24,5465736,5465624,5465624,guided,0,3,110,1,4677561684,4674,473
308,51,24,6125468,6125468,6125468,baseline,,,,,,,
308,52,24,6801296,6801296,6801296,baseline,,,,,,,
308,53,25,6733834,6733830,6733830,guided,1,3,110,1,5372149157,5053,697
308,54,25,7436532,7436532,7436532,baseline,,,,,,,
308,55,26,7383954,7383914,7383914,guided,3,2,110,2,6021156341,4802,738
308,56,26,8113388,8113388,8113388,baseline,,,,,,,
308,57,26,8862550,8862550,8862550,baseline,,,,,,,
308,58,27,8833276,8833276,8833276,baseline,,,,,,,
308,59,27,9609642,9609642,9609642,baseline,,,,,,,
308,60,28,9597664,9597656,9597656,guided,1,3,110,1,7608195974,5416,746
308,61,28,10401096,10401096,10401096,baseline,,,,,,,
309,1,1,309,309,309,fan,,,,,,,
309,2,1,618,618,618,fan,,,,,,,
309,3,2,2775,2775,2775,fan,,,,,,,
309,4,2,4314,4314,4314,fan,,,,,,,
309,5,3,9234,9234,9234,fan,,,,,,,
309,6,3,12304,12304,12304,fan,,,,,,,
309,7,4,21502,21502,21502,fan,,,,,,,
309,8,4,27008,27008,27008,fan,,,,,,,
309,9,5,41383,41383,41383,fan,,,,,,,
309,10,5,49618,49618,49618,fan,,,,,,,
309,11,6,70661,70661,70661,fan,,,,,,,
309,12,6,82514,82514,82514,fan,,,,,,,
309,13,7,111108,111108,111108,fan,,,,,,,
309,14,7,126864,126864,126864,fan,,,,,,,
309,15,8,164476,164476,164476,fan,,,,,,,
309,16,8,185008,185008,185008,fan,,,,,,,
309,17,9,232505,232505,232505,fan,,,,,,,
309,18,9,258090,258090,258090,fan,,,,,,,
309,19,10,316915,316915,316915,fan,,,,,,,
309,20,10,348410,348410,348410,fan,,,,,,,
309,21,11,419414,419414,419414,fan,,,,,,,
309,22,11,457088,457088,457088,fan,,,,,,,
309,23,12,541690,541690,541690,fan,,,,,,,
309,24,12,586384,586384,586384,fan,,,,,,,
309,25,13,685419,685419,685419,fan,,,,,,,
309,26,13,737394,737394,737394,fan,,,,,,,
309,27,13,1047841,1047841,1047841,baseline,,,,,,,
309,28,14,912338,912338,912338,fan,,,,,,,
309,29,14,1244422,1244422,1244422,baseline,,,,,,,
309,30,15,1112288,1112288,1112288,fan,,,,,,,
309,31,15,1466029,1466029,1466029,baseline,,,,,,,
309,32,16,1339424,1339424,1339424,fan,,,,,,,
309,33,16,1714294,1714291,1714291,guided,0,1,110,1,2082586652,8005,737
309,34,17,1594794,1594794,1594794,fan,,,,,,,
309,35,17,1990827,1990820,1990820,guided,0,1,110,1,2490307274,8253,747
309,36,18,1880538,1880538,1880538,fan,,,,,,,
309,37,18,2297253,2297211,2297211,guided,0,1,110,1,2944983042,8157,597
309,38,18,2780224,2780224,2780224,baseline,,,,,,,
309,39,19,2635139,2635044,2635044,guided,0,1,110,1,3451548531,7623,436
309,40,19,3144104,3144104,3144104,baseline,,,,,,,
309,41,20,3006068,3005890,3005890,guided,1,1,110,1,4020081117,6391,412
309,42,20,3540890,3540890,3540890,baseline,,,,,,,
309,43,21,3411601,3411299,3411299,guided,1,1,110,1,4648178978,6474,424
309,44,21,3972170,3972166,3972166,guided,1,3,110,1,3174546067,4414,474
309,45,21,4556321,4556321,4556321,baseline,,,,,,,
309,46,22,4439444,4439424,4439424,guided,1,3,110,1,3630405632,4579,493
309,47,22,5050332,5050332,5050332,baseline,,,,,,,
309,48,23,4944264,4944218,4944218,guided,0,3,110,1,4138656348,4588,480
309,49,23,5581752,5581752,5581752,baseline,,,,,,,
309,50,24,5488102,5488002,5488002,guided,0,3,110,1,4691729081,4690,498
309,51,24,6152080,6152080,6152080,baseline,,,,,,,
309,52,24,6832192,6832192,6832192,baseline,,,,,,,
309,53,25,6762798,6762798,6762798,baseline,,,,,,,
309,54,25,7469964,7469964,7469964,baseline,,,,,,,
309,55,26,7415434,7415383,7415383,deep,0,1,110,1,36126075703,19739,1517
309,56,26,8149502,8149502,8149502,baseline,,,,,,,
309,57,26,8903422,8903422,8903422,baseline,,,,,,,
309,58,27,8872234,8872234,8872234,baseline,,,,,,,
309,59,27,9653538,9653538,9653538,baseline,,,,,,,
309,60,28,9639620,9639620,9639620,baseline,,,,,,,
309,61,28,10448172,10448172,10448172,baseline,,,,,,,
310,1,1,310,310,310,fan,,,,,,,
310,2,1,620,620,620,fan,,,,,,,
310,3,2,2784,2784,2784,fan,,,,,,,
310,4,2,4328,4328,4328,fan,,,,,,,
310,5,3,9264,9264,9264,fan,,,,,,,
310,6,3,12344,12344,12344,fan,,,,,,,
310,7,4,21572,21572,21572,fan,,,,,,,
310,8,4,27096,27096,27096,fan,,,,,,,
310,9,5,41518,41518,41518,fan,,,,,,,
310,10,5,49780,49780,49780,fan,,,,,,,
310,11,6,70892,70892,70892,fan,,,,,,,
310,12,6,82784,82784,82784,fan,,,,,,,
310,13,7,111472,111472,111472,fan,,,,,,,
310,14,7,127280,127280,127280,fan,,,,,,,
310,15,8,165016,165016,165016,fan,,,,,,,
310,16,8,185616,185616,185616,fan,,,,,,,
310,17,9,233270,233270,233270,fan,,,,,,,
310,18,9,258940,258940,258940,fan,,,,,,,
310,19,10,317960,317960,317960,fan,,,,,,,
310,20,10,349560,349560,349560,fan,,,,,,,
310,21,11,420800,420800,420800,fan,,,,,,,
310,22,11,458600,458600,458600,fan,,,,,,,
310,23,12,543484,543484,543484,fan,,,,,,,
310,24,12,588328,588328,588328,fan,,,,,,,
310,25,13,687694,687694,687694,fan,,,,,,,
310,26,13,739844,739844,739844,fan,,,,,,,
310,27,13,1052336,1052336,1052336,baseline,,,,,,,
310,28,14,915376,915376,915376,fan,,,,,,,
310,29,14,1249654,1249654,1249654,baseline,,,,,,,
310,30,15,1116000,1116000,1116000,fan,,,,,,,
310,31,15,1472084,1472084,1472084,baseline,,,,,,,
310,32,16,1343904,1343904,1343904,fan,,,,,,,
310,33,16,1721264,1721262,1721262,guided,0,3,110,1,1394284871,5335,489
310,34,17,1600140,1600140,1600140,fan,,,,,,,
310,35,17,1998812,1998804,1998804,guided,0,3,110,1,1665802836,5497,524
310,36,18,1886856,1886856,1886856,fan,,,,,,,
310,37,18,2306348,2306312,2306312,guided,0,3,110,1,1971696356,5440,399
310,38,18,2792416,2792416,2792416,baseline,,,,,,,
310,39,19,2645456,2645372,2645372,guided,0,3,110,1,2310192478,5035,290
310,40,19,3157672,3157672,3157672,baseline,,,,,,,
310,41,20,3017736,3017560,3017560,guided,1,3,110,1,2689989648,4266,277
310,42,20,3555988,3555988,3555988,baseline,,,,,,,
310,43,21,3424752,3424432,3424432,guided,1,3,110,1,3110151735,4322,282
310,44,21,3988876,3988876,3988876,baseline,,,,,,,
310,45,21,4576744,4576744,4576744,baseline,,,,,,,
310,46,22,4457932,4457916,4457916,guided,0,3,110,1,3643333056,4494,516
310,47,22,5072692,5072692,5072692,baseline,,,,,,,
310,48,23,4964624,4964584,4964584,guided,0,3,110,1,4153738284,4630,528
310,49,23,5606184,5606184,5606184,baseline,,,,,,,
310,50,24,5510520,5510428,5510428,guided,0,3,110,1,4709776208,4704,520
310,51,24,6178724,6178724,6178724,baseline,,,,,,,
310,52,24,6863140,6863140,6863140,baseline,,,,,,,
310,53,25,6791800,6791800,6791800,baseline,,,,,,,
310,54,25,7503444,7503444,7503444,baseline,,,,,,,
310,55,26,7446934,7446890,7446890,guided,1,3,110,1,6053537378,5189,706
310,56,26,8185672,8185672,8185672,baseline,,,,,,,
310,57,26,8944358,8944358,8944358,baseline,,,,,,,
310,58,27,8911248,8911248,8911248,baseline,,,,,,,
310,59,27,9697500,9697500,9697500,baseline,,,,,,,
310,60,28,9681644,9681644,9681644,baseline,,,,,,,
310,61,28,10495326,10495326,10495326,baseline,,,,,,,
310,62,29,10498280,10498260,10498260,guided,0,3,110,1,8484419678,5284,652
311,1,1,311,311,311,fan,,,,,,,
311,2,1,622,622,622,fan,,,,,,,
311,3,2,2793,2793,2793,fan,,,,,,,
311,4,2,4342,4342,4342,fan,,,,,,,
311,5,3,9294,9294,9294,fan,,,,,,,
311,6,3,12384,12384,12384,fan,,,,,,,
311,7,4,21642,21642,21642,fan,,,,,,,
311,8,4,27184,27184,27184,fan,,,,,,,
311,9,5,41653,41653,41653,fan,,,,,,,
311,10,5,49942,49942,49942,fan,,,,,,,
311,11,6,71123,71123,71123,fan,,,,,,,
311,12,6,83054,83054,83054,fan,,,,,,,
311,13,7,111836,111836,111836,fan,,,,,,,
311,14,7,127696,127696,127696,fan,,,,,,,
311,15,8,165556,165556,165556,fan,,,,,,,
311,16,8,186224,186224,186224,fan,,,,,,,
311,17,9,234035,234035,234035,fan,,,,,,,
311,18,9,259790,259790,259790,fan,,,,,,,
311,19,10,319005,319005,319005,fan,,,,,,,
311,20,10,350710,350710,350710,fan,,,,,,,
311,21,11,422186,422186,422186,fan,,,,,,,
311,22,11,460112,460112,460112,fan,,,,,,,
311,23,12,545278,545278,545278,fan,,,,,,,
311,24,12,590272,590272,590272,fan,,,,,,,
311,25,13,689969,689969,689969,fan,,,,,,,
311,26,13,742294,742294,742294,fan,,,,,,,
311,27,13,1056844,1056844,1056844,baseline,,,,,,,
311,28,14,918414,918414,918414,fan,,,,,,,
311,29,14,1254900,1254900,1254900,baseline,,,,,,,
311,30,15,1119712,1119712,1119712,fan,,,,,,,
311,31,15,1478155,1478155,1478155,baseline,,,,,,,
311,32,16,1348384,1348384,1348384,fan,,,,,,,
311,33,16,1728250,1728249,1728249,guided,0,3,110,1,2097362285,8036,730
311,34,17,1605486,1605486,1605486,fan,,,,,,,
311,35,17,2006812,2006805,2006805,guided,0,3,110,1,2506034437,8227,696
311,36,18,1893174,1893174,1893174,fan,,,,,,,
311,37,18,2315461,2315431,2315431,guided,0,3,110,1,2964227362,8224,604
311,38,18,2804610,2804610,2804610,baseline,,,,,,,
311,39,19,2655809,2655720,2655720,guided,0,3,110,1,3474365161,7630,431
311,40,19,3171280,3171280,3171280,baseline,,,,,,,
311,41,20,3029424,3029250,3029250,guided,1,3,110,1,4045250396,6428,419
311,42,20,3571088,3571088,3571088,baseline,,,,,,,
311,43,21,3437888,3437588,3437588,guided,1,3,110,1,4673774098,6490,424
311,44,21,4005634,4005630,4005630,guided,1,3,110,1,3194309249,4431,476
311,45,21,4597202,4597202,4597202,baseline,,,,,,,
311,46,22,4476436,4476410,4476410,guided,1,3,110,1,3656509279,4589,494
311,47,22,5095091,5095091,5095091,baseline,,,,,,,
311,48,23,4985052,4984996,4984996,guided,0,3,110,1,4163493750,4624,510
311,49,23,5630656,5630656,5630656,baseline,,,,,,,
311,50,24,5532966,5532854,5532854,guided,0,3,110,1,4720170375,4718,516
311,51,24,6205409,6205409,6205409,baseline,,,,,,,
311,52,24,6894136,6894136,6894136,baseline,,,,,,,
311,53,25,6820845,6820845,6820845,baseline,,,,,,,
311,54,25,7536980,7536980,7536980,baseline,,,,,,,
311,55,26,7478469,7478442,7478442,guided,1,3,110,1,9121635815,7803,1062
311,56,26,8221894,8221894,8221894,baseline,,,,,,,
311,57,26,8985367,8985367,8985367,baseline,,,,,,,
311,58,27,8950318,8950318,8950318,baseline,,,,,,,
311,59,27,9741538,9741538,9741538,baseline,,,,,,,
311,60,28,9723724,9723724,9723724,baseline,,,,,,,
311,61,28,10542555,10542555,10542555,baseline,,,,,,,
311,62,29,10543548,10543516,10543516,guided,1,3,110,1,8521448401,5552,756
312,1,1,312,312,312,fan,,,,,,,
312,2,1,624,624,624,fan,,,,,,,
312,3,2,2802,2802,2802,fan,,,,,,,
312,4,2,4356,4356,4356,fan,,,,,,,
312,5,3,9324,9324,9324,fan,,,,,,,
312,6,3,12424,12424,12424,fan,,,,,,,
312,7,4,21712,21712,21712,fan,,,,,,,
312,8,4,27272,27272,27272,fan,,,,,,,
312,9,5,41788,41788,41788,fan,,,,,,,
312,10,5,50104,50104,50104,fan,,,,,,,
312,11,6,71354,71354,71354,fan,,,,,,,
312,12,6,83324,83324,83324,fan,,,,,,,
312,13,7,112200,112200,112200,fan,,,,,,,
312,14,7,128112,128112,128112,fan,,,,,,,
312,15,8,166096,166096,166096,fan,,,,,,,
312,16,8,186832,186832,186832,fan,,,,,,,
312,17,9,234800,234800,234800,fan,,,,,,,
312,18,9,260640,260640,260640,fan,,,,,,,
312,19,10,320050,320050,320050,fan,,,,,,,
312,20,10,351860,351860,351860,fan,,,,,,,
312,21,11,423572,423572,423572,fan,,,,,,,
312,22,11,461624,461624,461624,fan,,,,,,,
312,23,12,547072,547072,547072,fan,,,,,,,
312,24,12,592216,592216,592216,fan,,,,,,,
312,25,13,692244,692244,692244,fan,,,,,,,
312,26,13,744744,744744,744744,fan,,,,,,,
312,27,13,1061352,1061352,1061352,baseline,,,,,,,
312,28,14,921452,921452,921452,fan,,,,,,,
312,29,14,1260146,1260146,1260146,baseline,,,,,,,
312,30,15,1123424,1123424,1123424,fan,,,,,,,
312,31,15,1484226,1484226,1484226,baseline,,,,,,,
312,32,16,1352864,1352864,1352864,fan,,,,,,,
312,33,16,1735236,1735236,1735236,baseline,,,,,,,
312,34,17,1610832,1610832,1610832,fan,,,,,,,
312,35,17,2014812,2014806,2014806,guided,0,3,110,1,1676285908,5465,434
312,36,18,1899492,1899492,1899492,fan,,,,,,,
312,37,18,2324574,2324550,2324550,guided,0,1,110,1,1983536018,5463,404
312,38,18,2816840,2816840,2816840,baseline,,,,,,,
312,39,19,2666162,2666068,2666068,guided,0,3,110,1,2324981513,5087,286
312,40,19,3184888,3184888,3184888,baseline,,,,,,,
312,41,20,3041112,3040940,3040940,guided,1,1,110,1,2708410067,4309,284
312,42,20,3586228,3586228,3586228,baseline,,,,,,,
312,43,21,3451024,3450744,3450744,guided,1,3,110,1,3126371050,4332,283
312,44,21,4022392,4022384,4022384,guided,1,3,110,1,3203399210,4436,478
312,45,21,4617690,4617690,4617690,baseline,,,,,,,
312,46,22,4494984,4494948,4494948,guided,1,3,110,1,3668174965,4592,494
312,47,22,5117518,5117518,5117518,baseline,,,,,,,
312,48,23,5005480,5005408,5005408,guided,0,3,110,1,4185549188,4624,492
312,49,23,5655160,5655160,5655160,baseline,,,,,,,
312,50,24,5555456,5555328,5555328,guided,0,3,110,1,4740114834,4733,507
312,51,24,6232128,6232128,6232128,baseline,,,,,,,
312,52,24,6925184,6925184,6925184,baseline,,,,,,,
312,53,25,6849924,6849924,6849924,baseline,,,,,,,
312,54,25,7570564,7570564,7570564,baseline,,,,,,,
312,55,26,7510046,7510034,7510034,guided,1,1,110,1,6098988663,5200,708
312,56,26,8258172,8258172,8258172,baseline,,,,,,,
312,57,26,9026438,9026438,9026438,baseline,,,,,,,
312,58,27,8989444,8989444,8989444,baseline,,,,,,,
312,59,27,9785642,9785642,9785642,baseline,,,,,,,
312,60,28,9765864,9765864,9765864,baseline,,,,,,,
312,61,28,10589856,10589856,10589856,baseline,,,,,,,
312,62,29,10588848,10588836,10588836,guided,1,3,110,1,8538287484,5560,758
313,1,1,313,313,313,fan,,,,,,,
313,2,1,626,626,626,fan,,,,,,,
313,3,2,2811,2811,2811,fan,,,,,,,
313,4,2,4370,4370,4370,fan,,,,,,,
313,5,3,9354,9354,9354,fan,,,,,,,
313,6,3,12464,12464,12464,fan,,,,,,,
313,7,4,21782,21782,21782,fan,,,,,,,
313,8,4,27360,27360,27360,fan,,,,,,,
313,9,5,41923,41923,41923,fan,,,,,,,
313,10,5,50266,50266,50266,fan,,,,,,,
313,11,6,71585,71585,71585,fan,,,,,,,
313,12,6,83594,83594,83594,fan,,,,,,,
313,13,7,112564,112564,112564,fan,,,,,,,
313,14,7,128528,128528,128528,fan,,,,,,,
313,15,8,166636,166636,166636,fan,,,,,,,
313,16,8,187440,187440,187440,fan,,,,,,,
313,17,9,235565,235565,235565,fan,,,,,,,
313,18,9,261490,261490,261490,fan,,,,,,,
313,19,10,321095,321095,321095,fan,,,,,,,
313,20,10,353010,353010,353010,fan,,,,,,,
313,21,11,424958,424958,424958,fan,,,,,,,
313,22,11,463136,463136,463136,fan,,,,,,,
313,23,12,548866,548866,548866,fan,,,,,,,
313,24,12,594160,594160,594160,fan,,,,,,,
313,25,13,694519,694519,694519,fan,,,,,,,
313,26,13,747194,747194,747194,fan,,,,,,,
313,27,13,1065873,1065873,1065873,baseline,,,,,,,
313,28,14,924490,924490,924490,fan,,,,,,,
313,29,14,1265407,1265407,1265407,baseline,,,,,,,
313,30,15,1127136,1127136,1127136,fan,,,,,,,
313,31,15,1490312,1490312,1490312,baseline,,,,,,,
313,32,16,1357344,1357344,1357344,fan,,,,,,,
313,33,16,1742239,1742239,1742239,baseline,,,,,,,
313,34,17,1616178,1616178,1616178,fan,,,,,,,
313,35,17,2022829,2022824,2022824,guided,0,1,110,1,2521250015,8219,606
313,36,18,1905810,1905810,1905810,fan,,,,,,,
313,37,18,2333715,2333688,2333688,guided,0,1,110,1,2982471551,8247,639
313,38,18,2829074,2829074,2829074,baseline,,,,,,,
313,39,19,2676534,2676435,2676435,guided,0,1,110,1,3496067144,7744,435
313,40,19,3198538,3198538,3198538,baseline,,,,,,,
313,41,20,3052831,3052652,3052652,guided,1,1,110,1,4069447203,6473,427
313,42,20,3601372,3601372,3601372,baseline,,,,,,,
313,43,21,3464181,3463921,3463921,guided,1,1,110,1,4699255263,6506,425
313,44,21,4039188,4039184,4039184,guided,1,3,110,1,3211726451,4442,479
313,45,21,4638214,4638214,4638214,baseline,,,,,,,
313,46,22,4513518,4513490,4513490,guided,1,3,110,1,3684372457,4598,496
313,47,22,5139986,5139986,5139986,baseline,,,,,,,
313,48,23,5025934,5025870,5025870,guided,0,3,110,1,4193995350,4633,501
313,49,23,5679702,5679702,5679702,baseline,,,,,,,
313,50,24,5577924,5577804,5577804,guided,0,3,110,1,4751261397,4729,515
313,51,24,6258887,6258887,6258887,baseline,,,,,,,
313,52,24,6956280,6956280,6956280,baseline,,,,,,,
313,53,25,6879047,6879047,6879047,baseline,,,,,,,
313,54,25,7604204,7604204,7604204,baseline,,,,,,,
313,55,26,7541686,7541671,7541671,guided,1,1,110,1,9175686195,7831,1070
313,56,26,8294502,8294502,8294502,baseline,,,,,,,
313,57,27,8248301,8248241,8248241,deep,0,1,110,1,40856102023,20181,1908
313,58,27,9028626,9028626,9028626,baseline,,,,,,,
313,59,27,9829820,9829820,9829820,baseline,,,,,,,
313,60,28,9808060,9808060,9808060,baseline,,,,,,,
313,61,28,10637231,10637231,10637231,baseline,,,,,,,
313,62,29,10634236,10634220,10634220,guided,1,3,110,1,8557607883,5586,764
314,1,1,314,314,314,fan,,,,,,,
314,2,1,628,628,628,fan,,,,,,,
314,3,2,2820,2820,2820,fan,,,,,,,
314,4,2,4384,4384,4384,fan,,,,,,,
314,5,3,9384,9384,9384,fan,,,,,,,
314,6,3,12504,12504,12504,fan,,,,,,,
314,7,4,21852,21852,21852,fan,,,,,,,
314,8,4,27448,27448,27448,fan,,,,,,,
314,9,5,42058,42058,42058,fan,,,,,,,
314,10,5,50428,50428,50428,fan,,,,,,,
314,11,6,71816,71816,71816,fan,,,,,,,
314,12,6,83864,83864,83864,fan,,,,,,,
314,13,7,112928,112928,112928,fan,,,,,,,
314,14,7,128944,128944,128944,fan,,,,,,,
314,15,8,167176,167176,167176,fan,,,,,,,
314,16,8,188048,188048,188048,fan,,,,,,,
314,17,9,236330,236330,236330,fan,,,,,,,
314,18,9,262340,262340,262340,fan,,,,,,,
314,19,10,322140,322140,322140,fan,,,,,,,
314,20,10,354160,354160,354160,fan,,,,,,,
314,21,11,426344,426344,426344,fan,,,,,,,
314,22,11,464648,464648,464648,fan,,,,,,,
314,23,12,550660,550660,550660,fan,,,,,,,
314,24,12,596104,596104,596104,fan,,,,,,,
314,25,13,696794,696794,696794,fan,,,,,,,
314,26,13,749644,749644,749644,fan,,,,,,,
314,27,13,1070394,1070394,1070394,baseline,,,,,,,
314,28,14,927528,927528,927528,fan,,,,,,,
314,29,14,1270668,1270668,1270668,baseline,,,,,,,
314,30,15,1130848,1130848,1130848,fan,,,,,,,
314,31,15,1496398,1496398,1496398,baseline,,,,,,,
314,32,16,1361824,1361824,1361824,fan,,,,,,,
314,33,16,1749242,1749242,1749242,baseline,,,,,,,
314,34,17,1621524,1621524,1621524,fan,,,,,,,
314,35,17,2030846,2030842,2030842,guided,0,3,110,1,1688875027,5433,344
314,36,18,1912128,1912128,1912128,fan,,,,,,,
314,37,18,2342856,2342826,2342826,guided,0,3,110,1,1996351694,5502,437
314,38,18,2841344,2841344,2841344,baseline,,,,,,,
314,39,19,2686906,2686802,2686802,guided,0,3,110,1,2340340308,5124,282
314,40,19,3212188,3212188,3212188,baseline,,,,,,,
314,41,20,3064550,3064364,3064364,guided,1,3,110,1,2724174738,4320,285
314,42,20,3616556,3616556,3616556,baseline,,,,,,,
314,43,21,3477338,3477098,3477098,guided,1,3,110,1,3143243680,4342,284
314,44,21,4055984,4055984,4055984,baseline,,,,,,,
314,45,21,4658766,4658766,4658766,baseline,,,,,,,
314,46,22,4532096,4532076,4532076,guided,1,3,110,1,3696059117,4604,498
314,47,22,5162482,5162482,5162482,baseline,,,,,,,
314,48,23,5046388,5046332,5046332,guided,0,3,110,1,4202344408,4642,510
314,49,23,5704278,5704278,5704278,baseline,,,,,,,
314,50,24,5600440,5600328,5600328,guided,0,3,110,1,4764631024,4731,529
314,51,24,6285680,6285680,6285680,baseline,,,,,,,
314,52,24,6987428,6987428,6987428,baseline,,,,,,,
314,53,25,6908202,6908202,6908202,baseline,,,,,,,
314,54,25,7637892,7637892,7637892,baseline,,,,,,,
314,55,26,7573354,7573344,7573344,guided,1,3,110,1,6138963453,5226,715
314,56,26,8330888,8330888,8330888,baseline,,,,,,,
314,57,27,8282654,8282582,8282582,deep,0,3,110,1,27330431440,13381,1234
314,58,27,9067864,9067864,9067864,baseline,,,,,,,
314,59,27,9874066,9874066,9874066,baseline,,,,,,,
314,60,28,9850316,9850316,9850316,baseline,,,,,,,
314,61,28,10684678,10684678,10684678,baseline,,,,,,,
314,62,29,10679664,10679660,10679660,guided,1,3,110,1,8588103200,5614,772
315,1,1,315,315,315,fan,,,,,,,
315,2,1,630,630,630,fan,,,,,,,
315,3,2,2829,2829,2829,fan,,,,,,,
315,4,2,4398,4398,4398,fan,,,,,,,
315,5,3,9414,9414,9414,fan,,,,,,,
315,6,3,12544,12544,12544,fan,,,,,,,
315,7,4,21922,21922,21922,fan,,,,,,,
315,8,4,27536,27536,27536,fan,,,,,,,
315,9,5,42193,42193,42193,fan,,,,,,,
315,10,5,50590,50590,50590,fan,,,,,,,
315,11,6,72047,72047,72047,fan,,,,,,,
315,12,6,84134,84134,84134,fan,,,,,,,
315,13,7,113292,113292,113292,fan,,,,,,,
315,14,7,129360,129360,129360,fan,,,,,,,
315,15,8,167716,167716,167716,fan,,,,,,,
315,16,8,188656,188656,188656,fan,,,,,,,
315,17,9,237095,237095,237095,fan,,,,,,,
315,18,9,263190,263190,263190,fan,,,,,,,
315,19,10,323185,323185,323185,fan,,,,,,,
315,20,10,355310,355310,355310,fan,,,,,,,
315,21,11,427730,427730,427730,fan,,,,,,,
315,22,11,466160,466160,466160,fan,,,,,,,
315,23,12,552454,552454,552454,fan,,,,,,,
315,24,12,598048,598048,598048,fan,,,,,,,
315,25,13,699069,699069,699069,fan,,,,,,,
315,26,13,752094,752094,752094,fan,,,,,,,
315,27,13,1074929,1074929,1074929,baseline,,,,,,,
315,28,14,930566,930566,930566,fan,,,,,,,
315,29,14,1275943,1275943,1275943,baseline,,,,,,,
315,30,15,1134560,1134560,1134560,fan,,,,,,,
315,31,15,1502499,1502499,1502499,baseline,,,,,,,
315,32,16,1366304,1366304,1366304,fan,,,,,,,
315,33,16,1756261,1756261,1756261,baseline,,,,,,,
315,34,17,1626870,1626870,1626870,fan,,,,,,,
315,35,17,2038883,2038878,2038878,guided,0,3,110,1,2538031721,8219,609
315,36,18,1918446,1918446,1918446,fan,,,,,,,
315,37,18,2352015,2351982,2351982,guided,0,3,110,1,3001286824,8337,681
315,38,18,2853616,2853616,2853616,baseline,,,,,,,
315,39,19,2697289,2697188,2697188,guided,0,3,110,1,3518686607,7749,428
315,40,19,3225878,3225878,3225878,baseline,,,,,,,
315,41,20,3076289,3076096,3076096,guided,1,3,110,1,4097659822,6496,428
315,42,20,3631742,3631742,3631742,baseline,,,,,,,
315,43,21,3490547,3490297,3490297,guided,1,3,110,1,4728368465,6533,429
315,44,21,4072828,4072828,4072828,baseline,,,,,,,
315,45,21,4679356,4679356,4679356,baseline,,,,,,,
315,46,22,4550678,4550664,4550664,guided,1,3,110,1,3706878725,4614,497
315,47,22,5185017,5185017,5185017,baseline,,,,,,,
315,48,23,5066914,5066842,5066842,guided,0,3,110,1,4216202280,4632,497
315,49,23,5728891,5728891,5728891,baseline,,,,,,,
315,50,24,5622988,5622854,5622854,guided,0,3,110,1,4778461612,4739,531
315,51,24,6312514,6312514,6312514,baseline,,,,,,,
315,52,24,7018624,7018624,7018624,baseline,,,,,,,
315,53,25,6937403,6937403,6937403,baseline,,,,,,,
315,54,25,7671636,7671636,7671636,baseline,,,,,,,
315,55,26,7605065,7605060,7605060,guided,1,3,110,1,9230394632,7850,1077
315,56,26,8367326,8367326,8367326,baseline,,,,,,,
315,57,27,8317022,8316974,8316974,deep,0,3,110,1,41115494469,20280,1881
315,58,27,9107158,9107158,9107158,baseline,,,,,,,
315,59,27,9918385,9918385,9918385,baseline,,,,,,,
315,60,28,9892628,9892628,9892628,baseline,,,,,,,
315,61,28,10732200,10732200,10732200,baseline,,,,,,,
315,62,29,10725164,10725164,10725164,baseline,,,,,,,
315,63,29,11592973,11592973,11592973,baseline,,,,,,,
316,1,1,316,316,316,fan,,,,,,,
316,2,1,632,632,632,fan,,,,,,,
316,3,2,2838,2838,2838,fan,,,,,,,
316,4,2,4412,4412,4412,fan,,,,,,,
316,5,3,9444,9444,9444,fan,,,,,,,
316,6,3,12584,12584,12584,fan,,,,,,,
316,7,4,21992,21992,21992,fan,,,,,,,
316,8,4,27624,27624,27624,fan,,,,,,,
316,9,5,42328,42328,42328,fan,,,,,,,
316,10,5,50752,50752,50752,fan,,,,,,,
316,11,6,72278,72278,72278,fan,,,,,,,
316,12,6,84404,84404,84404,fan,,,,,,,
316,13,7,113656,113656,113656,fan,,,,,,,
316,14,7,129776,129776,129776,fan,,,,,,,
316,15,8,168256,168256,168256,fan,,,,,,,
316,16,8,189264,189264,189264,fan,,,,,,,
316,17,9,237860,237860,237860,fan,,,,,,,
316,18,9,264040,264040,264040,fan,,,,,,,
316,19,10,324230,324230,324230,fan,,,,,,,
316,20,10,356460,356460,356460,fan,,,,,,,
316,21,11,429116,429116,429116,fan,,,,,,,
316,22,11,467672,467672,467672,fan,,,,,,,
316,23,12,554248,554248,554248,fan,,,,,,,
316,24,12,599992,599992,599992,fan,,,,,,,
316,25,13,701344,701344,701344,fan,,,,,,,
316,26,13,754544,754544,754544,fan,,,,,,,
316,27,13,1079464,1079464,1079464,baseline,,,,,,,
316,28,14,933604,933604,933604,fan,,,,,,,
316,29,14,1281218,1281218,1281218,baseline,,,,,,,
316,30,15,1138272,1138272,1138272,fan,,,,,,,
316,31,15,1508600,1508600,1508600,baseline,,,,,,,
316,32,16,1370784,1370784,1370784,fan,,,,,,,
316,33,16,1763280,1763280,1763280,baseline,,,,,,,
316,34,17,1632216,1632216,1632216,fan,,,,,,,
316,35,17,2046920,2046914,2046914,guided,0,3,110,1,1697710035,5492,437
316,36,18,1924764,1924764,1924764,fan,,,,,,,
316,37,18,2361174,2361138,2361138,guided,0,1,110,1,2007932472,5549,475
316,38,18,2865924,2865924,2865924,baseline,,,,,,,
316,39,19,2707672,2707574,2707574,guided,0,3,110,1,2355476031,5163,284
316,40,19,3239568,3239568,3239568,baseline,,,,,,,
316,41,20,3088028,3087828,3087828,guided,0,1,110,1,2742727202,4221,228
316,42,20,3646968,3646968,3646968,baseline,,,,,,,
316,43,21,3503756,3503496,3503496,guided,1,3,110,1,3169249093,4368,287
316,44,21,4089672,4089672,4089672,baseline,,,,,,,
316,45,21,4699974,4699974,4699974,baseline,,,,,,,
316,46,22,4569304,4569296,4569296,guided,1,3,110,1,3717069424,4621,496
316,47,22,5207582,5207582,5207582,baseline,,,,,,,
316,48,23,5087440,5087352,5087352,guided,0,3,110,1,4230144002,4622,484
316,49,23,5753538,5753538,5753538,baseline,,,,,,,
316,50,24,5645584,5645428,5645428,guided,0,3,110,1,4797005999,4754,516
316,51,24,6339380,6339380,6339380,baseline,,,,,,,
316,52,24,7049872,7049872,7049872,baseline,,,,,,,
316,53,25,6966636,6966636,6966636,baseline,,,,,,,
316,54,25,7705428,7705428,7705428,baseline,,,,,,,
316,55,26,7636822,7636814,7636814,guided,1,1,110,1,6183492619,5256,724
316,56,26,8403820,8403820,8403820,baseline,,,,,,,
316,57,27,8351432,8351404,8351404,guided,3,3,110,1,6897653495,5378,745
316,58,27,9146508,9146508,9146508,baseline,,,,,,,
316,59,27,9962772,9962772,9962772,baseline,,,,,,,
316,60,28,9935000,9935000,9935000,baseline,,,,,,,
316,61,28,10779792,10779792,10779792,baseline,,,,,,,
316,62,29,10770728,10770724,10770724,guided,1,3,110,1,8653056790,5616,774
316,63,29,11643942,11643942,11643942,baseline,,,,,,,
317,1,1,317,317,317,fan,,,,,,,
317,2,1,634,634,634,fan,,,,,,,
317,3,2,2847,2847,2847,fan,,,,,,,
317,4,2,4426,4426,4426,fan,,,,,,,
317,5,3,9474,9474,9474,fan,,,,,,,
317,6,3,12624,12624,12624,fan,,,,,,,
317,7,4,22062,22062,22062,fan,,,,,,,
317,8,4,27712,27712,27712,fan,,,,,,,
317,9,5,42463,42463,42463,fan,,,,,,,
317,10,5,50914,50914,50914,fan,,,,,,,
317,11,6,72509,72509,72509,fan,,,,,,,
317,12,6,84674,84674,84674,fan,,,,,,,
317,13,7,114020,114020,114020,fan,,,,,,,
317,14,7,130192,130192,130192,fan,,,,,,,
317,15,8,168796,168796,168796,fan,,,,,,,
317,16,8,189872,189872,189872,fan,,,,,,,
317,17,9,238625,238625,238625,fan,,,,,,,
317,18,9,264890,264890,264890,fan,,,,,,,
317,19,10,325275,325275,325275,fan,,,,,,,
317,20,10,357610,357610,357610,fan,,,,,,,
317,21,11,430502,430502,430502,fan,,,,,,,
317,22,11,469184,469184,469184,fan,,,,,,,
317,23,12,556042,556042,556042,fan,,,,,,,
317,24,12,601936,601936,601936,fan,,,,,,,
317,25,13,703619,703619,703619,fan,,,,,,,
317,26,13,756994,756994,756994,fan,,,,,,,
317,27,13,1084012,1084012,1084012,baseline,,,,,,,
317,28,14,936642,936642,936642,fan,,,,,,,
317,29,14,1286507,1286507,1286507,baseline,,,,,,,
317,30,15,1141984,1141984,1141984,fan,,,,,,,
317,31,15,1514716,1514716,1514716,baseline,,,,,,,
317,32,16,1375264,1375264,1375264,fan,,,,,,,
317,33,16,1770316,1770316,1770316,baseline,,,,,,,
317,34,17,1637562,1637562,1637562,fan,,,,,,,
317,35,17,2054974,2054967,2054967,guided,0,1,110,1,2553147631,8305,702
317,36,18,1931082,1931082,1931082,fan,,,,,,,
317,37,18,2370344,2370312,2370312,guided,0,1,110,1,3020934979,8363,725
317,38,18,2878232,2878232,2878232,baseline,,,,,,,
317,39,19,2718074,2717979,2717979,guided,0,1,110,1,3541763720,7854,433
317,40,19,3253300,3253300,3253300,baseline,,,,,,,
317,41,20,3099767,3099581,3099581,guided,0,1,110,1,4121613122,6345,343
317,42,20,3662198,3662198,3662198,baseline,,,,,,,
317,43,21,3516986,3516716,3516716,guided,1,1,110,1,4763265733,6565,432
317,44,21,4106562,4106562,4106562,baseline,,,,,,,
317,45,21,4720628,4720628,4720628,baseline,,,,,,,
317,46,22,4587946,4587932,4587932,guided,1,3,110,1,3725606441,4634,499
317,47,22,5230185,5230185,5230185,baseline,,,,,,,
317,48,23,5107988,5107912,5107912,deep,0,3,110,1,16920423581,14581,905
317,49,23,5778223,5778223,5778223,baseline,,,,,,,
317,50,24,5668150,5668006,5668006,guided,0,3,110,1,4816479675,4778,528
317,51,24,6366289,6366289,6366289,baseline,,,,,,,
317,52,24,7081168,7081168,7081168,baseline,,,,,,,
317,53,25,6995913,6995913,6995913,baseline,,,,,,,
317,54,25,7739276,7739276,7739276,baseline,,,,,,,
317,55,26,7668615,7668610,7668610,guided,1,1,110,1,9285584015,7881,1086
317,56,26,8440366,8440366,8440366,baseline,,,,,,,
317,57,27,8385898,8385880,8385880,deep,0,1,110,1,41374827005,20166,1638
317,58,27,9185914,9185914,9185914,baseline,,,,,,,
317,59,27,10007233,10007233,10007233,baseline,,,,,,,
317,60,28,9977428,9977428,9977428,baseline,,,,,,,
317,61,28,10827461,10827461,10827461,baseline,,,,,,,
317,62,29,10816348,10816348,10816348,baseline,,,,,,,
317,63,29,11694987,11694987,11694987,baseline,,,,,,,
318,1,1,318,318,318,fan,,,,,,,
318,2,1,636,636,636,fan,,,,,,,
318,3,2,2856,2856,2856,fan,,,,,,,
318,4,2,4440,4440,4440,fan,,,,,,,
318,5,3,9504,9504,9504,fan,,,,,,,
318,6,3,12664,12664,12664,fan,,,,,,,
318,7,4,22132,22132,22132,fan,,,,,,,
318,8,4,27800,27800,27800,fan,,,,,,,
318,9,5,42598,42598,42598,fan,,,,,,,
318,10,5,51076,51076,51076,fan,,,,,,,
318,11,6,72740,72740,72740,fan,,,,,,,
318,12,6,84944,84944,84944,fan,,,,,,,
318,13,7,114384,114384,114384,fan,,,,,,,
318,14,7,130608,130608,130608,fan,,,,,,,
318,15,8,169336,169336,169336,fan,,,,,,,
318,16,8,190480,190480,190480,fan,,,,,,,
318,17,9,239390,239390,239390,fan,,,,,,,
318,18,9,265740,265740,265740,fan,,,,,,,
318,19,10,326320,326320,326320,fan,,,,,,,
318,20,10,358760,358760,358760,fan,,,,,,,
318,21,11,431888,431888,431888,fan,,,,,,,
318,22,11,470696,470696,470696,fan,,,,,,,
318,23,12,557836,557836,557836,fan,,,,,,,
318,24,12,603880,603880,603880,fan,,,,,,,
318,25,13,705894,705894,705894,fan,,,,,,,
318,26,13,759444,759444,759444,fan,,,,,,,
318,27,13,1088560,1088560,1088560,baseline,,,,,,,
318,28,14,939680,939680,939680,fan,,,,,,,
318,29,14,1291796,1291796,1291796,baseline,,,,,,,
318,30,15,1145696,1145696,1145696,fan,,,,,,,
318,31,15,1520832,1520832,1520832,baseline,,,,,,,
318,32,16,1379744,1379744,1379744,fan,,,,,,,
318,33,16,1777352,1777352,1777352,baseline,,,,,,,
318,34,17,1642908,1642908,1642908,fan,,,,,,,
318,35,17,2063028,2063020,2063020,guided,0,3,110,1,1710040624,5557,530
318,36,18,1937400,1937400,1937400,fan,,,,,,,
318,37,18,2379514,2379486,2379486,guided,0,3,110,1,2022137514,5575,489
318,38,18,2890576,2890576,2890576,baseline,,,,,,,
318,39,19,2728476,2728384,2728384,guided,0,3,110,1,2369372118,5196,283
318,40,19,3267032,3267032,3267032,baseline,,,,,,,
318,41,20,3111506,3111334,3111334,guided,0,3,110,1,2759010741,4233,229
318,42,20,3677468,3677468,3677468,baseline,,,,,,,
318,43,21,3530216,3529936,3529936,guided,0,3,110,1,3185106337,4306,260
318,44,21,4123452,4123452,4123452,baseline,,,,,,,
318,45,21,4741312,4741312,4741312,baseline,,,,,,,
318,46,22,4606632,4606612,4606612,guided,1,3,110,1,3739891743,4650,502
318,47,22,5252818,5252818,5252818,baseline,,,,,,,
318,48,23,5128536,5128472,5128472,deep,0,3,110,1,16972973984,14672,996
318,49,23,5802940,5802940,5802940,baseline,,,,,,,
318,50,24,5690756,5690632,5690632,guided,0,3,110,1,4827395789,4796,557
318,51,24,6393230,6393230,6393230,baseline,,,,,,,
318,52,24,7112516,7112516,7112516,baseline,,,,,,,
318,53,25,7025224,7025224,7025224,baseline,,,,,,,
318,54,25,7773172,7773172,7773172,baseline,,,,,,,
318,55,26,7700446,7700444,7700444,guided,0,3,110,1,6222971314,5023,610
318,56,26,8476968,8476968,8476968,baseline,,,,,,,
318,57,27,8420416,8420392,8420392,deep,0,3,110,1,27677628761,13237,864
318,58,27,9225376,9225376,9225376,baseline,,,,,,,
318,59,27,10051760,10051760,10051760,baseline,,,,,,,
318,60,28,10019916,10019916,10019916,baseline,,,,,,,
318,61,28,10875200,10875200,10875200,baseline,,,,,,,
318,62,29,10862032,10862028,10862028,guided,1,3,110,1,8718351018,5616,774
318,63,29,11746108,11746108,11746108,baseline,,,,,,,
319,1,1,319,319,319,fan,,,,,,,
319,2,1,638,638,638,fan,,,,,,,
319,3,2,2865,2865,2865,fan,,,,,,,
319,4,2,4454,4454,4454,fan,,,,,,,
319,5,3,9534,9534,9534,fan,,,,,,,
319,6,3,12704,12704,12704,fan,,,,,,,
319,7,4,22202,22202,22202,fan,,,,,,,
319,8,4,27888,27888,27888,fan,,,,,,,
319,9,5,42733,42733,42733,fan,,,,,,,
319,10,5,51238,51238,51238,fan,,,,,,,
319,11,6,72971,72971,72971,fan,,,,,,,
319,12,6,85214,85214,85214,fan,,,,,,,
319,13,7,114748,114748,114748,fan,,,,,,,
319,14,7,131024,131024,131024,fan,,,,,,,
319,15,8,169876,169876,169876,fan,,,,,,,
319,16,8,191088,191088,191088,fan,,,,,,,
319,17,9,240155,240155,240155,fan,,,,,,,
319,18,9,266590,266590,266590,fan,,,,,,,
319,19,10,327365,327365,327365,fan,,,,,,,
319,20,10,359910,359910,359910,fan,,,,,,,
319,21,11,433274,433274,433274,fan,,,,,,,
319,22,11,472208,472208,472208,fan,,,,,,,
319,23,12,559630,559630,559630,fan,,,,,,,
319,24,12,605824,605824,605824,fan,,,,,,,
319,25,13,708169,708169,708169,fan,,,,,,,
319,26,13,761894,761894,761894,fan,,,,,,,
319,27,13,1093122,1093122,1093122,baseline,,,,,,,
319,28,14,942718,942718,942718,fan,,,,,,,
319,29,14,1297099,1297099,1297099,baseline,,,,,,,
319,30,15,1149408,1149408,1149408,fan,,,,,,,
319,31,15,1526964,1526964,1526964,baseline,,,,,,,
319,32,16,1384224,1384224,1384224,fan,,,,,,,
319,33,16,1784404,1784404,1784404,baseline,,,,,,,
319,34,17,1648254,1648254,1648254,fan,,,,,,,
319,35,17,2071097,2071090,2071090,guided,0,3,110,1,2569232705,8335,750
319,36,18,1943718,1943718,1943718,fan,,,,,,,
319,37,18,2388702,2388678,2388678,guided,0,3,110,1,3039063976,8429,746
319,38,18,2902922,2902922,2902922,baseline,,,,,,,
319,39,19,2738902,2738809,2738809,guided,0,3,110,1,3563033010,7848,460
319,40,19,3280804,3280804,3280804,baseline,,,,,,,
319,41,20,3123265,3123107,3123107,guided,0,3,110,1,4148212280,6384,344
319,42,20,3692740,3692740,3692740,baseline,,,,,,,
319,43,21,3543470,3543179,3543179,guided,0,3,110,1,4789513464,6469,372
319,44,21,4140386,4140386,4140386,baseline,,,,,,,
319,45,21,4762031,4762031,4762031,baseline,,,,,,,
319,46,22,4625308,4625294,4625294,guided,1,3,110,1,3750892410,4648,502
319,47,22,5275490,5275490,5275490,baseline,,,,,,,
319,48,23,5149132,5149080,5149080,deep,0,3,110,1,17026969363,14763,1159
319,49,23,5827697,5827697,5827697,baseline,,,,,,,
319,50,24,5713368,5713260,5713260,guided,0,3,110,1,4842363459,4806,560
319,51,24,6420212,6420212,6420212,baseline,,,,,,,
319,52,24,7143912,7143912,7143912,baseline,,,,,,,
319,53,25,7054578,7054578,7054578,baseline,,,,,,,
319,54,25,7807124,7807124,7807124,baseline,,,,,,,
319,55,26,7732322,7732321,7732321,deep,0,3,110,1,37283327078,20192,1842
319,56,26,8513622,8513622,8513622,baseline,,,,,,,
319,57,27,8454964,8454952,8454952,deep,0,3,110,1,41634033539,20002,1270
319,58,27,9264894,9264894,9264894,baseline,,,,,,,
319,59,27,10096363,10096363,10096363,baseline,,,,,,,
319,60,28,10062460,10062460,10062460,baseline,,,,,,,
319,61,28,10923014,10923014,10923014,baseline,,,,,,,
319,62,29,10907772,10907772,10907772,baseline,,,,,,,
319,63,29,11797304,11797304,11797304,baseline,,,,,,,
320,1,1,320,320,320,fan,,,,,,,
320,2,1,640,640,640,fan,,,,,,,
320,3,2,2874,2874,2874,fan,,,,,,,
320,4,2,4468,4468,4468,fan,,,,,,,
320,5,3,9564,9564,9564,fan,,,,,,,
320,6,3,12744,12744,12744,fan,,,,,,,
320,7,4,22272,22272,22272,fan,,,,,,,
320,8,4,27976,27976,27976,fan,,,,,,,
320,9,5,42868,42868,42868,fan,,,,,,,
320,10,5,51400,51400,51400,fan,,,,,,,
320,11,6,73202,73202,73202,fan,,,,,,,
320,12,6,85484,85484,85484,fan,,,,,,,
320,13,7,115112,115112,115112,fan,,,,,,,
320,14,7,131440,131440,131440,fan,,,,,,,
320,15,8,170416,170416,170416,fan,,,,,,,
320,16,8,191696,191696,191696,fan,,,,,,,
320,17,9,240920,240920,240920,fan,,,,,,,
320,18,9,267440,267440,267440,fan,,,,,,,
320,19,10,328410,328410,328410,fan,,,,,,,
320,20,10,361060,361060,361060,fan,,,,,,,
320,21,11,434660,434660,434660,fan,,,,,,,
320,22,11,473720,473720,473720,fan,,,,,,,
320,23,12,561424,561424,561424,fan,,,,,,,
320,24,12,607768,607768,607768,fan,,,,,,,
320,25,13,710444,710444,710444,fan,,,,,,,
320,26,13,764344,764344,764344,fan,,,,,,,
320,27,13,1097684,1097684,1097684,baseline,,,,,,,
320,28,14,945756,945756,945756,fan,,,,,,,
320,29,14,1302402,1302402,1302402,baseline,,,,,,,
320,30,15,1153120,1153120,1153120,fan,,,,,,,
320,31,15,1533096,1533096,1533096,baseline,,,,,,,
320,32,16,1388704,1388704,1388704,fan,,,,,,,
320,33,16,1791456,1791456,1791456,baseline,,,,,,,
320,34,17,1653600,1653600,1653600,fan,,,,,,,
320,35,17,2079166,2079160,2079160,guided,0,3,110,1,1719980026,5549,485
320,36,18,1950036,1950036,1950036,fan,,,,,,,
320,37,18,2397890,2397870,2397870,guided,0,1,110,1,2033356120,5595,503
320,38,18,2915304,2915304,2915304,baseline,,,,,,,
320,39,19,2749328,2749234,2749234,guided,0,3,110,1,2384933112,5229,320
320,40,19,3294576,3294576,3294576,baseline,,,,,,,
320,41,20,3135024,3134880,3134880,guided,0,1,110,1,2779519181,4248,230
320,42,20,3708052,3708052,3708052,baseline,,,,,,,
320,43,21,3556724,3556422,3556422,guided,0,3,110,1,3205093294,4319,242
320,44,21,4157320,4157320,4157320,baseline,,,,,,,
320,45,21,4782780,4782780,4782780,baseline,,,,,,,
320,46,22,4644028,4644020,4644020,guided,1,3,110,1,3761780434,4649,502
320,47,22,5298190,5298190,5298190,baseline,,,,,,,
320,48,23,5169728,5169688,5169688,guided,0,3,110,1,4287004382,4690,546
320,49,23,5852486,5852486,5852486,baseline,,,,,,,
320,50,24,5736032,5735936,5735936,guided,0,3,110,1,4856071893,4815,563
320,51,24,6447228,6447228,6447228,baseline,,,,,,,
320,52,24,7175360,7175360,7175360,baseline,,,,,,,
320,53,25,7083966,7083966,7083966,baseline,,,,,,,
320,54,25,7841124,7841124,7841124,baseline,,,,,,,
320,55,26,7764238,7764234,7764234,deep,0,1,110,1,24932554226,13474,1292
320,56,26,8550332,8550332,8550332,baseline,,,,,,,
320,57,27,8489560,8489548,8489548,deep,0,1,110,1,27848720820,13315,902
320,58,27,9304468,9304468,9304468,baseline,,,,,,,
320,59,27,10141032,10141032,10141032,baseline,,,,,,,
320,60,28,10105064,10105064,10105064,baseline,,,,,,,
320,61,28,10970900,10970900,10970900,baseline,,,,,,,
320,62,29,10953576,10953572,10953572,guided,1,3,110,1,8760192372,5616,774
320,63,29,11848576,11848576,11848576,baseline,,,,,,,
320,64,29,12758472,12758472,12758472,baseline,,,,,,,
321,1,1,321,321,321,fan,,,,,,,
321,2,1,642,642,642,fan,,,,,,,
321,3,2,2883,2883,2883,fan,,,,,,,
321,4,2,4482,4482,4482,fan,,,,,,,
321,5,3,9594,9594,9594,fan,,,,,,,
321,6,3,12784,12784,12784,fan,,,,,,,
321,7,4,22342,22342,22342,fan,,,,,,,
321,8,4,28064,28064,28064,fan,,,,,,,
321,9,5,43003,43003,43003,fan,,,,,,,
321,10,5,51562,51562,51562,fan,,,,,,,
321,11,6,73433,73433,73433,fan,,,,,,,
321,12,6,85754,85754,85754,fan,,,,,,,
321,13,7,115476,115476,115476,fan,,,,,,,
321,14,7,131856,131856,131856,fan,,,,,,,
321,15,8,170956,170956,170956,fan,,,,,,,
321,16,8,192304,192304,192304,fan,,,,,,,
321,17,9,241685,241685,241685,fan,,,,,,,
321,18,9,268290,268290,268290,fan,,,,,,,
321,19,10,329455,329455,329455,fan,,,,,,,
321,20,10,362210,362210,362210,fan,,,,,,,
321,21,11,436046,436046,436046,fan,,,,,,,
321,22,11,475232,475232,475232,fan,,,,,,,
321,23,12,563218,563218,563218,fan,,,,,,,
321,24,12,609712,609712,609712,fan,,,,,,,
321,25,13,712719,712719,712719,fan,,,,,,,
321,26,13,766794,766794,766794,fan,,,,,,,
321,27,13,1102259,1102259,1102259,baseline,,,,,,,
321,28,14,948794,948794,948794,fan,,,,,,,
321,29,14,1307721,1307721,1307721,baseline,,,,,,,
321,30,15,1156832,1156832,1156832,fan,,,,,,,
321,31,15,1539243,1539243,1539243,baseline,,,,,,,
321,32,16,1393184,1393184,1393184,fan,,,,,,,
321,33,16,1798524,1798524,1798524,baseline,,,,,,,
321,34,17,1658946,1658946,1658946,fan,,,,,,,
321,35,17,2087252,2087247,2087247,guided,0,1,110,1,2585162650,8354,705
321,36,18,1956354,1956354,1956354,fan,,,,,,,
321,37,18,2407106,2407081,2407081,guided,0,1,110,1,3059819623,8430,738
321,38,18,2927686,2927686,2927686,baseline,,,,,,,
321,39,19,2759773,2759678,2759678,guided,0,1,110,1,3586241152,7963,501
321,40,19,3308386,3308386,3308386,baseline,,,,,,,
321,41,20,3146826,3146673,3146673,guided,0,1,110,1,4174968618,6386,345
321,42,20,3723368,3723368,3723368,baseline,,,,,,,
321,43,21,3569990,3569686,3569686,guided,0,1,110,1,4818442838,6488,354
321,44,21,4174300,4174300,4174300,baseline,,,,,,,
321,45,21,4803565,4803565,4803565,baseline,,,,,,,
321,46,22,4662764,4662750,4662750,guided,1,3,110,1,3777681834,4666,506
321,47,22,5320931,5320931,5320931,baseline,,,,,,,
321,48,23,5190398,5190346,5190346,deep,0,3,110,1,17133148804,14850,1144
321,49,23,5877313,5877313,5877313,baseline,,,,,,,
321,50,24,5758730,5758616,5758616,deep,0,3,110,1,19415741492,13034,914
321,51,24,6474284,6474284,6474284,baseline,,,,,,,
321,52,24,7206856,7206856,7206856,baseline,,,,,,,
321,53,25,7113398,7113398,7113398,baseline,,,,,,,
321,54,25,7875180,7875180,7875180,baseline,,,,,,,
321,55,26,7796193,7796192,7796192,deep,0,1,110,1,37523237864,20428,2092
321,56,26,8587094,8587094,8587094,baseline,,,,,,,
321,57,27,8524204,8524190,8524190,deep,0,1,110,1,41890248922,20256,1567
321,58,27,9344098,9344098,9344098,baseline,,,,,,,
321,59,27,10185775,10185775,10185775,baseline,,,,,,,
321,60,28,10147724,10147724,10147724,baseline,,,,,,,
321,61,28,11018860,11018860,11018860,baseline,,,,,,,
321,62,29,10999436,10999436,10999436,baseline,,,,,,,
321,63,29,11899924,11899924,11899924,baseline,,,,,,,
321,64,29,12815398,12815398,12815398,baseline,,,,,,,
322,1,1,322,322,322,fan,,,,,,,
322,2,1,644,644,644,fan,,,,,,,
322,3,2,2892,2892,2892,fan,,,,,,,
322,4,2,4496,4496,4496,fan,,,,,,,
322,5,3,9624,9624,9624,fan,,,,,,,
322,6,3,12824,12824,12824,fan,,,,,,,
322,7,4,22412,22412,22412,fan,,,,,,,
322,8,4,28152,28152,28152,fan,,,,,,,
322,9,5,43138,43138,43138,fan,,,,,,,
322,10,5,51724,51724,51724,fan,,,,,,,
322,11,6,73664,73664,73664,fan,,,,,,,
322,12,6,86024,86024,86024,fan,,,,,,,
322,13,7,115840,115840,115840,fan,,,,,,,
322,14,7,132272,132272,132272,fan,,,,,,,
322,15,8,171496,171496,171496,fan,,,,,,,
322,16,8,192912,192912,192912,fan,,,,,,,
322,17,9,242450,242450,242450,fan,,,,,,,
322,18,9,269140,269140,269140,fan,,,,,,,
322,19,10,330500,330500,330500,fan,,,,,,,
322,20,10,363360,363360,363360,fan,,,,,,,
322,21,11,437432,437432,437432,fan,,,,,,,
322,22,11,476744,476744,476744,fan,,,,,,,
322,23,12,565012,565012,565012,fan,,,,,,,
322,24,12,611656,611656,611656,fan,,,,,,,
322,25,13,714994,714994,714994,fan,,,,,,,
322,26,13,769244,769244,769244,fan,,,,,,,
322,27,13,1106834,1106834,1106834,baseline,,,,,,,
322,28,14,951832,951832,951832,fan,,,,,,,
322,29,14,1313040,1313040,1313040,baseline,,,,,,,
322,30,15,1160544,1160544,1160544,fan,,,,,,,
322,31,15,1545390,1545390,1545390,baseline,,,,,,,
322,32,16,1397664,1397664,1397664,fan,,,,,,,
322,33,16,1805592,1805592,1805592,baseline,,,,,,,
322,34,17,1664292,1664292,1664292,fan,,,,,,,
322,35,17,2095338,2095334,2095334,guided,0,3,110,1,1729972198,5541,440
322,36,18,1962672,1962672,1962672,fan,,,,,,,
322,37,18,2416322,2416292,2416292,guided,0,3,110,1,2047311394,5616,485
322,38,18,2940104,2940104,2940104,baseline,,,,,,,
322,39,19,2770218,2770122,2770122,guided,0,3,110,1,2399516328,5277,360
322,40,19,3322196,3322196,3322196,baseline,,,,,,,
322,41,20,3158628,3158466,3158466,guided,0,3,110,1,2794261178,4259,230
322,42,20,3738724,3738724,3738724,baseline,,,,,,,
322,43,21,3583274,3582950,3582950,guided,0,3,110,1,3224743678,4332,224
322,44,21,4191280,4191280,4191280,baseline,,,,,,,
322,45,21,4824378,4824378,4824378,baseline,,,,,,,
322,46,22,4681544,4681524,4681524,guided,0,3,110,1,3786935345,4547,530
322,47,22,5343700,5343700,5343700,baseline,,,,,,,
322,48,23,5211068,5211004,5211004,deep,0,3,110,1,17181477358,14826,952
322,49,23,5902174,5902174,5902174,baseline,,,,,,,
322,50,24,5781476,5781344,5781344,deep,0,3,110,1,19484463749,12963,798
322,51,24,6501374,6501374,6501374,baseline,,,,,,,
322,52,24,7238408,7238408,7238408,baseline,,,,,,,
322,53,25,7142862,7142862,7142862,baseline,,,,,,,
322,54,25,7909284,7909284,7909284,baseline,,,,,,,
322,55,26,7828188,7828186,7828186,deep,0,3,110,1,25088814368,13539,1401
322,56,26,8623912,8623912,8623912,baseline,,,,,,,
322,57,27,8558878,8558870,8558870,deep,0,3,110,1,28021678831,13555,1182
322,58,27,9383784,9383784,9383784,baseline,,,,,,,
322,59,27,10230586,10230586,10230586,baseline,,,,,,,
322,60,28,10190444,10190444,10190444,baseline,,,,,,,
322,61,28,11066892,11066892,11066892,baseline,,,,,,,
322,62,29,11045360,11045356,11045356,guided,0,3,110,1,8815263270,5354,600
322,63,29,11951346,11951346,11951346,baseline,,,,,,,
322,64,29,12872408,12872408,12872408,baseline,,,,,,,
323,1,1,323,323,323,fan,,,,,,,
323,2,1,646,646,646,fan,,,,,,,
323,3,2,2901,2901,2901,fan,,,,,,,
323,4,2,4510,4510,4510,fan,,,,,,,
323,5,3,9654,9654,9654,fan,,,,,,,
323,6,3,12864,12864,12864,fan,,,,,,,
323,7,4,22482,22482,22482,fan,,,,,,,
323,8,4,28240,28240,28240,fan,,,,,,,
323,9,5,43273,43273,43273,fan,,,,,,,
323,10,5,51886,51886,51886,fan,,,,,,,
323,11,6,73895,73895,73895,fan,,,,,,,
323,12,6,86294,86294,86294,fan,,,,,,,
323,13,7,116204,116204,116204,fan,,,,,,,
323,14,7,132688,132688,132688,fan,,,,,,,
323,15,8,172036,172036,172036,fan,,,,,,,
323,16,8,193520,193520,193520,fan,,,,,,,
323,17,9,243215,243215,243215,fan,,,,,,,
323,18,9,269990,269990,269990,fan,,,,,,,
323,19,10,331545,331545,331545,fan,,,,,,,
323,20,10,364510,364510,364510,fan,,,,,,,
323,21,11,438818,438818,438818,fan,,,,,,,
323,22,11,478256,478256,478256,fan,,,,,,,
323,23,12,566806,566806,566806,fan,,,,,,,
323,24,12,613600,613600,613600,fan,,,,,,,
323,25,13,717269,717269,717269,fan,,,,,,,
323,26,13,771694,771694,771694,fan,,,,,,,
323,27,13,1111424,1111424,1111424,baseline,,,,,,,
323,28,14,954870,954870,954870,fan,,,,,,,
323,29,14,1318373,1318373,1318373,baseline,,,,,,,
323,30,15,1164256,1164256,1164256,fan,,,,,,,
323,31,15,1551553,1551553,1551553,baseline,,,,,,,
323,32,16,1402144,1402144,1402144,fan,,,,,,,
323,33,16,1812676,1812676,1812676,baseline,,,,,,,
323,34,17,1669638,1669638,1669638,fan,,,,,,,
323,35,17,2103446,2103439,2103439,guided,0,3,110,1,2602885634,8351,677
323,36,18,1968990,1968990,1968990,fan,,,,,,,
323,37,18,2425556,2425521,2425521,guided,0,3,110,1,3076657636,8484,729
323,38,18,2952524,2952524,2952524,baseline,,,,,,,
323,39,19,2780674,2780585,2780585,guided,0,3,110,1,3608353437,7988,574
323,40,19,3336046,3336046,3336046,baseline,,,,,,,
323,41,20,3170450,3170279,3170279,guided,0,3,110,1,4196675164,6528,345
323,42,20,3754082,3754082,3754082,baseline,,,,,,,
323,43,21,3596541,3596236,3596236,guided,0,3,110,1,4850376321,6503,338
323,44,21,4208304,4208304,4208304,baseline,,,,,,,
323,45,22,4060492,4060074,4060074,guided,3,3,110,1,5570472261,7149,1019
323,46,22,4700314,4700300,4700300,guided,1,3,110,1,3801917934,4691,512
323,47,22,5366508,5366508,5366508,baseline,,,,,,,
323,48,23,5231762,5231710,5231710,deep,0,3,110,1,17237389950,14961,1084
323,49,23,5927072,5927072,5927072,baseline,,,,,,,
323,50,24,5804190,5804074,5804074,deep,0,3,110,1,19536653715,13090,940
323,51,24,6528505,6528505,6528505,baseline,,,,,,,
323,52,24,7270012,7270012,7270012,baseline,,,,,,,
323,53,25,7172372,7172372,7172372,baseline,,,,,,,
323,54,25,7943444,7943444,7943444,baseline,,,,,,,
323,55,26,7860226,7860223,7860223,guided,0,3,110,1,9461907558,7597,970
323,56,26,8660782,8660782,8660782,baseline,,,,,,,
323,57,27,8593609,8593595,8593595,deep,0,3,110,1,42148592272,20479,1843
323,58,27,9423526,9423526,9423526,baseline,,,,,,,
323,59,27,10275470,10275470,10275470,baseline,,,,,,,
323,60,28,10233220,10233220,10233220,baseline,,,,,,,
323,61,28,11114999,11114999,11114999,baseline,,,,,,,
323,62,29,11091340,11091340,11091340,baseline,,,,,,,
323,63,29,12002846,12002846,12002846,baseline,,,,,,,
323,64,29,12929518,12929518,12929518,baseline,,,,,,,
324,1,1,324,324,324,fan,,,,,,,
324,2,1,648,648,648,fan,,,,,,,
324,3,2,2910,2910,2910,fan,,,,,,,
324,4,2,4524,4524,4524,fan,,,,,,,
324,5,3,9684,9684,9684,fan,,,,,,,
324,6,3,12904,12904,12904,fan,,,,,,,
324,7,4,22552,22552,22552,fan,,,,,,,
324,8,4,28328,28328,28328,fan,,,,,,,
324,9,5,43408,43408,43408,fan,,,,,,,
324,10,5,52048,52048,52048,fan,,,,,,,
324,11,6,74126,74126,74126,fan,,,,,,,
324,12,6,86564,86564,86564,fan,,,,,,,
324,13,7,116568,116568,116568,fan,,,,,,,
324,14,7,133104,133104,133104,fan,,,,,,,
324,15,8,172576,172576,172576,fan,,,,,,,
324,16,8,194128,194128,194128,fan,,,,,,,
324,17,9,243980,243980,243980,fan,,,,,,,
324,18,9,270840,270840,270840,fan,,,,,,,
324,19,10,332590,332590,332590,fan,,,,,,,
324,20,10,365660,365660,365660,fan,,,,,,,
324,21,11,440204,440204,440204,fan,,,,,,,
324,22,11,479768,479768,479768,fan,,,,,,,
324,23,12,568600,568600,568600,fan,,,,,,,
324,24,12,615544,615544,615544,fan,,,,,,,
324,25,13,719544,719544,719544,fan,,,,,,,
324,26,13,774144,774144,774144,fan,,,,,,,
324,27,13,1116014,1116014,1116014,baseline,,,,,,,
324,28,14,957908,957908,957908,fan,,,,,,,
324,29,14,1323706,1323706,1323706,baseline,,,,,,,
324,30,15,1167968,1167968,1167968,fan,,,,,,,
324,31,15,1557716,1557716,1557716,baseline,,,,,,,
324,32,16,1406624,1406624,1406624,fan,,,,,,,
324,33,16,1819760,1819760,1819760,baseline,,,,,,,
324,34,17,1674984,1674984,1674984,fan,,,,,,,
324,35,17,2111554,2111544,2111544,guided,0,3,110,1,1740324172,5567,457
324,36,18,1975308,1975308,1975308,fan,,,,,,,
324,37,18,2434790,2434750,2434750,guided,0,1,110,1,2060133708,5633,472
324,38,18,2964980,2964980,2964980,baseline,,,,,,,
324,39,19,2791130,2791048,2791048,guided,0,3,110,1,2415041623,5327,391
324,40,19,3349896,3349896,3349896,baseline,,,,,,,
324,41,20,3182272,3182092,3182092,guided,0,1,110,1,2812119347,4273,230
324,42,20,3769480,3769480,3769480,baseline,,,,,,,
324,43,21,3609808,3609522,3609522,guided,0,3,110,1,3245777407,4340,226
324,44,21,4225328,4225328,4225328,baseline,,,,,,,
324,45,22,4075390,4074958,4074958,guided,3,2,110,1,3727211044,4722,590
324,46,22,4719128,4719120,4719120,guided,1,3,110,1,3813208072,4702,514
324,47,22,5389346,5389346,5389346,baseline,,,,,,,
324,48,23,5252456,5252416,5252416,guided,0,3,110,1,4343707192,4726,552
324,49,23,5952004,5952004,5952004,baseline,,,,,,,
324,50,24,5826952,5826852,5826852,deep,0,3,110,1,19593273624,13204,1072
324,51,24,6555668,6555668,6555668,baseline,,,,,,,
324,52,24,7301672,7301672,7301672,baseline,,,,,,,
324,53,25,7201914,7201914,7201914,baseline,,,,,,,
324,54,25,7977656,7977656,7977656,baseline,,,,,,,
324,55,26,7892298,7892298,7892298,baseline,,,,,,,
324,56,26,8697708,8697708,8697708,baseline,,,,,,,
324,57,27,8628370,8628358,8628358,deep,0,1,110,1,28191247938,13579,1283
324,58,27,9463324,9463324,9463324,baseline,,,,,,,
324,59,27,10320422,10320422,10320422,baseline,,,,,,,
324,60,28,10276056,10276056,10276056,baseline,,,,,,,
324,61,28,11163176,11163176,11163176,baseline,,,,,,,
324,62,29,11137384,11137380,11137380,guided,0,3,110,1,8872685906,5350,590
324,63,29,12054420,12054420,12054420,baseline,,,,,,,
324,64,29,12986712,12986712,12986712,baseline,,,,,,,
325,1,1,325,325,325,fan,,,,,,,
325,2,1,650,650,650,fan,,,,,,,
325,3,2,2919,2919,2919,fan,,,,,,,
325,4,2,4538,4538,4538,fan,,,,,,,
325,5,3,9714,9714,9714,fan,,,,,,,
325,6,3,12944,12944,12944,fan,,,,,,,
325,7,4,22622,22622,22622,fan,,,,,,,
325,8,4,28416,28416,28416,fan,,,,,,,
325,9,5,43543,43543,43543,fan,,,,,,,
325,10,5,52210,52210,52210,fan,,,,,,,
325,11,6,74357,74357,74357,fan,,,,,,,
325,12,6,86834,86834,86834,fan,,,,,,,
325,13,7,116932,116932,116932,fan,,,,,,,
325,14,7,133520,133520,133520,fan,,,,,,,
325,15,8,173116,173116,173116,fan,,,,,,,
325,16,8,194736,194736,194736,fan,,,,,,,
325,17,9,244745,244745,244745,fan,,,,,,,
325,18,9,271690,271690,271690,fan,,,,,,,
325,19,10,333635,333635,333635,fan,,,,,,,
325,20,10,366810,366810,366810,fan,,,,,,,
325,21,11,441590,441590,441590,fan,,,,,,,
325,22,11,481280,481280,481280,fan,,,,,,,
325,23,12,570394,570394,570394,fan,,,,,,,
325,24,12,617488,617488,617488,fan,,,,,,,
325,25,13,721819,721819,721819,fan,,,,,,,
325,26,13,776594,776594,776594,fan,,,,,,,
325,27,13,1120617,1120617,1120617,baseline,,,,,,,
325,28,14,960946,960946,960946,fan,,,,,,,
325,29,14,1329054,1329054,1329054,baseline,,,,,,,
325,30,15,1171680,1171680,1171680,fan,,,,,,,
325,31,15,1563894,1563894,1563894,baseline,,,,,,,
325,32,16,1411104,1411104,1411104,fan,,,,,,,
325,33,16,1826862,1826862,1826862,baseline,,,,,,,
325,34,17,1680330,1680330,1680330,fan,,,,,,,
325,35,17,2119679,2119666,2119666,guided,0,1,110,1,2619269027,8419,694
325,36,18,1981626,1981626,1981626,fan,,,,,,,
325,37,18,2444035,2443997,2443997,guided,0,1,110,1,3096181633,8465,677
325,38,18,2977436,2977436,2977436,baseline,,,,,,,
325,39,19,2801605,2801530,2801530,guided,0,1,110,1,3628934071,8094,607
325,40,19,3363784,3363784,3363784,baseline,,,,,,,
325,41,20,3194094,3193926,3193926,guided,0,1,110,1,4229280190,6446,361
325,42,20,3784878,3784878,3784878,baseline,,,,,,,
325,43,21,3623096,3622829,3622829,guided,0,1,110,1,4879778107,6517,340
325,44,21,4242398,4242398,4242398,baseline,,,,,,,
325,45,22,4090313,4089866,4089866,guided,3,2,110,1,5603048645,7132,950
325,46,22,4737948,4737944,4737944,guided,1,3,110,1,3820998572,4703,516
325,47,22,5412222,5412222,5412222,baseline,,,,,,,
325,48,23,5273224,5273172,5273172,deep,0,3,110,1,17344622728,15077,1087
325,49,23,5976974,5976974,5976974,baseline,,,,,,,
325,50,24,5849752,5849634,5849634,guided,0,3,110,1,4930502219,4868,568
325,51,24,6582874,6582874,6582874,baseline,,,,,,,
325,52,25,6469158,6468954,6468954,guided,0,3,110,1,5568514407,4928,534
325,53,25,7231500,7231500,7231500,baseline,,,,,,,
325,54,25,8011928,8011928,8011928,baseline,,,,,,,
325,55,26,7924418,7924415,7924415,deep,0,1,110,1,37970601532,20417,1997
325,56,26,8734686,8734686,8734686,baseline,,,,,,,
325,57,27,8663177,8663167,8663167,deep,0,1,110,1,42410545915,20526,1926
325,58,27,9503178,9503178,9503178,baseline,,,,,,,
325,59,27,10365448,10365448,10365448,baseline,,,,,,,
325,60,28,10318948,10318948,10318948,baseline,,,,,,,
325,61,28,11211430,11211430,11211430,baseline,,,,,,,
325,62,29,11183484,11183484,11183484,baseline,,,,,,,
325,63,29,12106070,12106070,12106070,baseline,,,,,,,
325,64,29,13044004,13044004,13044004,baseline,,,,,,,
325,65,30,13050867,13050867,13050867,baseline,,,,,,,
326,1,1,326,326,326,fan,,,,,,,
326,2,1,652,652,652,fan,,,,,,,
326,3,2,2928,2928,2928,fan,,,,,,,
326,4,2,4552,4552,4552,fan,,,,,,,
326,5,3,9744,9744,9744,fan,,,,,,,
326,6,3,12984,12984,12984,fan,,,,,,,
326,7,4,22692,22692,22692,fan,,,,,,,
326,8,4,28504,28504,28504,fan,,,,,,,
326,9,5,43678,43678,43678,fan,,,,,,,
326,10,5,52372,52372,52372,fan,,,,,,,
326,11,6,74588,74588,74588,fan,,,,,,,
326,12,6,87104,87104,87104,fan,,,,,,,
326,13,7,117296,117296,117296,fan,,,,,,,
326,14,7,133936,133936,133936,fan,,,,,,,
326,15,8,173656,173656,173656,fan,,,,,,,
326,16,8,195344,195344,195344,fan,,,,,,,
326,17,9,245510,245510,245510,fan,,,,,,,
326,18,9,272540,272540,272540,fan,,,,,,,
326,19,10,334680,334680,334680,fan,,,,,,,
326,20,10,367960,367960,367960,fan,,,,,,,
326,21,11,442976,442976,442976,fan,,,,,,,
326,22,11,482792,482792,482792,fan,,,,,,,
326,23,12,572188,572188,572188,fan,,,,,,,
326,24,12,619432,619432,619432,fan,,,,,,,
326,25,13,724094,724094,724094,fan,,,,,,,
326,26,13,779044,779044,779044,fan,,,,,,,
326,27,13,1125220,1125220,1125220,baseline,,,,,,,
326,28,14,963984,963984,963984,fan,,,,,,,
326,29,14,1334402,1334402,1334402,baseline,,,,,,,
326,30,15,1175392,1175392,1175392,fan,,,,,,,
326,31,15,1570072,1570072,1570072,baseline,,,,,,,
326,32,16,1415584,1415584,1415584,fan,,,,,,,
326,33,16,1833964,1833964,1833964,baseline,,,,,,,
326,34,17,1685676,1685676,1685676,fan,,,,,,,
326,35,17,2127804,2127788,2127788,guided,0,3,110,1,1752330407,5605,474
326,36,18,1987944,1987944,1987944,fan,,,,,,,
326,37,18,2453280,2453244,2453244,guided,0,3,110,1,2072494843,5637,440
326,38,18,2989928,2989928,2989928,baseline,,,,,,,
326,39,19,2812080,2812012,2812012,guided,0,3,110,1,2429713776,5365,416
326,40,19,3377672,3377672,3377672,baseline,,,,,,,
326,41,20,3205916,3205760,3205760,guided,0,3,110,1,2831570271,4302,246
326,42,20,3800316,3800316,3800316,baseline,,,,,,,
326,43,21,3636384,3636136,3636136,guided,0,3,110,1,3266108797,4348,228
326,44,21,4259468,4259468,4259468,baseline,,,,,,,
326,45,22,4105236,4104774,4104774,guided,3,3,110,1,3749284883,4775,656
326,46,22,4756812,4756812,4756812,baseline,,,,,,,
326,47,22,5435130,5435130,5435130,baseline,,,,,,,
326,48,23,5293992,5293928,5293928,guided,1,3,110,1,4364290774,4842,528
326,49,23,6001976,6001976,6001976,baseline,,,,,,,
326,50,24,5872600,5872464,5872464,deep,0,3,110,1,19714029587,13623,1024
326,51,24,6610112,6610112,6610112,baseline,,,,,,,
326,52,25,6494172,6493956,6493956,guided,0,3,110,1,5584245844,4924,514
326,53,25,7261120,7261120,7261120,baseline,,,,,,,
326,54,25,8046252,8046252,8046252,baseline,,,,,,,
326,55,26,7956572,7956570,7956570,deep,0,3,110,1,25397263890,13557,1325
326,56,26,8771724,8771724,8771724,baseline,,,,,,,
326,57,27,8698028,8698012,8698012,deep,0,3,110,1,28370385493,13606,1198
326,58,27,9543088,9543088,9543088,baseline,,,,,,,
326,59,27,10410540,10410540,10410540,baseline,,,,,,,
326,60,28,10361900,10361900,10361900,baseline,,,,,,,
326,61,28,11259754,11259754,11259754,baseline,,,,,,,
326,62,29,11229648,11229644,11229644,guided,1,3,110,1,8931428188,5630,776
326,63,29,12157796,12157796,12157796,baseline,,,,,,,
326,64,29,13101380,13101380,13101380,baseline,,,,,,,
326,65,30,13106168,13106168,13106168,baseline,,,,,,,
327,1,1,327,327,327,fan,,,,,,,
327,2,1,654,654,654,fan,,,,,,,
327,3,2,2937,2937,2937,fan,,,,,,,
327,4,2,4566,4566,4566,fan,,,,,,,
327,5,3,9774,9774,9774,fan,,,,,,,
327,6,3,13024,13024,13024,fan,,,,,,,
327,7,4,22762,22762,22762,fan,,,,,,,
327,8,4,28592,28592,28592,fan,,,,,,,
327,9,5,43813,43813,43813,fan,,,,,,,
327,10,5,52534,52534,52534,fan,,,,,,,
327,11,6,74819,74819,74819,fan,,,,,,,
327,12,6,87374,87374,87374,fan,,,,,,,
327,13,7,117660,117660,117660,fan,,,,,,,
327,14,7,134352,134352,134352,fan,,,,,,,
327,15,8,174196,174196,174196,fan,,,,,,,
327,16,8,195952,195952,195952,fan,,,,,,,
327,17,9,246275,246275,246275,fan,,,,,,,
327,18,9,273390,273390,273390,fan,,,,,,,
327,19,10,335725,335725,335725,fan,,,,,,,
327,20,10,369110,369110,369110,fan,,,,,,,
327,21,11,444362,444362,444362,fan,,,,,,,
327,22,11,484304,484304,484304,fan,,,,,,,
327,23,12,573982,573982,573982,fan,,,,,,,
327,24,12,621376,621376,621376,fan,,,,,,,
327,25,13,726369,726369,726369,fan,,,,,,,
327,26,13,781494,781494,781494,fan,,,,,,,
327,27,13,1129837,1129837,1129837,baseline,,,,,,,
327,28,14,967022,967022,967022,fan,,,,,,,
327,29,14,1339764,1339764,1339764,baseline,,,,,,,
327,30,15,1179104,1179104,1179104,fan,,,,,,,
327,31,15,1576267,1576267,1576267,baseline,,,,,,,
327,32,16,1420064,1420064,1420064,fan,,,,,,,
327,33,16,1841082,1841082,1841082,baseline,,,,,,,
327,34,17,1691022,1691022,1691022,fan,,,,,,,
327,35,17,2135942,2135928,2135928,guided,0,3,110,1,2634996085,8421,682
327,36,18,1994262,1994262,1994262,fan,,,,,,,
327,37,18,2462543,2462509,2462509,guided,0,3,110,1,3115415072,8505,648
327,38,18,3002422,3002422,3002422,baseline,,,,,,,
327,39,19,2822579,2822514,2822514,guided,0,3,110,1,3651434763,8094,605
327,40,19,3391600,3391600,3391600,baseline,,,,,,,
327,41,20,3217758,3217614,3217614,guided,0,3,110,1,4252507303,6737,390
327,42,20,3815756,3815756,3815756,baseline,,,,,,,
327,43,21,3649725,3649464,3649464,guided,0,3,110,1,4908138872,6529,348
327,44,21,4276582,4276582,4276582,baseline,,,,,,,
327,45,22,4120181,4119704,4119704,guided,3,3,110,1,5636740661,7193,1018
327,46,22,4775686,4775682,4775682,guided,1,3,110,1,3840811032,4709,519
327,47,22,5458079,5458079,5458079,baseline,,,,,,,
327,48,23,5314784,5314732,5314732,guided,3,3,110,1,4381813392,4956,758
327,49,23,6027018,6027018,6027018,baseline,,,,,,,
327,50,24,5895414,5895296,5895296,deep,0,3,110,1,19781926803,13671,961
327,51,24,6637391,6637391,6637391,baseline,,,,,,,
327,52,25,6519218,6519010,6519010,guided,0,3,110,1,5597771905,4938,523
327,53,25,7290783,7290783,7290783,baseline,,,,,,,
327,54,25,8080636,8080636,8080636,baseline,,,,,,,
327,55,26,7988769,7988768,7988768,deep,0,3,110,1,38220643329,20477,2051
327,56,26,8808818,8808818,8808818,baseline,,,,,,,
327,57,27,8732915,8732905,8732905,deep,0,3,110,1,42675295703,20628,1908
327,58,27,9583054,9583054,9583054,baseline,,,,,,,
327,59,27,10455708,10455708,10455708,baseline,,,,,,,
327,60,28,10404908,10404908,10404908,baseline,,,,,,,
327,61,28,11308153,11308153,11308153,baseline,,,,,,,
327,62,29,11275868,11275868,11275868,baseline,,,,,,,
327,63,29,12209597,12209597,12209597,baseline,,,,,,,
327,64,29,13158856,13158856,13158856,baseline,,,,,,,
327,65,30,13161550,13161550,13161550,baseline,,,,,,,
328,1,1,328,328,328,fan,,,,,,,
328,2,1,656,656,656,fan,,,,,,,
328,3,2,2946,2946,2946,fan,,,,,,,
328,4,2,4580,4580,4580,fan,,,,,,,
328,5,3,9804,9804,9804,fan,,,,,,,
328,6,3,13064,13064,13064,fan,,,,,,,
328,7,4,22832,22832,22832,fan,,,,,,,
328,8,4,28680,28680,28680,fan,,,,,,,
328,9,5,43948,43948,43948,fan,,,,,,,
328,10,5,52696,52696,52696,fan,,,,,,,
328,11,6,75050,75050,75050,fan,,,,,,,
328,12,6,87644,87644,87644,fan,,,,,,,
328,13,7,118024,118024,118024,fan,,,,,,,
328,14,7,134768,134768,134768,fan,,,,,,,
328,15,8,174736,174736,174736,fan,,,,,,,
328,16,8,196560,196560,196560,fan,,,,,,,
328,17,9,247040,247040,247040,fan,,,,,,,
328,18,9,274240,274240,274240,fan,,,,,,,
328,19,10,336770,336770,336770,fan,,,,,,,
328,20,10,370260,370260,370260,fan,,,,,,,
328,21,11,445748,445748,445748,fan,,,,,,,
328,22,11,485816,485816,485816,fan,,,,,,,
328,23,12,575776,575776,575776,fan,,,,,,,
328,24,12,623320,623320,623320,fan,,,,,,,
328,25,13,728644,728644,728644,fan,,,,,,,
328,26,13,783944,783944,783944,fan,,,,,,,
328,27,13,1134454,1134454,1134454,baseline,,,,,,,
328,28,14,970060,970060,970060,fan,,,,,,,
328,29,14,1345126,1345126,1345126,baseline,,,,,,,
328,30,15,1182816,1182816,1182816,fan,,,,,,,
328,31,15,1582462,1582462,1582462,baseline,,,,,,,
328,32,16,1424544,1424544,1424544,fan,,,,,,,
328,33,16,1848200,1848200,1848200,baseline,,,,,,,
328,34,17,1696368,1696368,1696368,fan,,,,,,,
328,35,17,2144080,2144068,2144068,guided,0,3,110,1,1762664485,5605,445
328,36,18,2000580,2000580,2000580,fan,,,,,,,
328,37,18,2471806,2471774,2471774,guided,0,1,110,1,2085498729,5639,406
328,38,18,3014952,3014952,3014952,baseline,,,,,,,
328,39,19,2833078,2833016,2833016,guided,0,3,110,1,2444666782,5392,391
328,40,19,3405528,3405528,3405528,baseline,,,,,,,
328,41,20,3229600,3229468,3229468,guided,0,1,110,1,2846904847,4328,262
328,42,20,3831236,3831236,3831236,baseline,,,,,,,
328,43,21,3663066,3662792,3662792,guided,0,3,110,1,3282709220,4358,234
328,44,21,4293696,4293696,4293696,baseline,,,,,,,
328,45,22,4135094,4134634,4134634,guided,3,2,110,1,3770914966,4828,722
328,46,22,4794604,4794596,4794596,guided,1,3,110,1,3853652872,4723,520
328,47,22,5481058,5481058,5481058,baseline,,,,,,,
328,48,23,5335576,5335536,5335536,guided,3,3,110,1,4401653902,4986,806
328,49,23,6052094,6052094,6052094,baseline,,,,,,,
328,50,24,5918276,5918176,5918176,guided,0,3,110,1,4980954540,4904,571
328,51,24,6664704,6664704,6664704,baseline,,,,,,,
328,52,25,6544264,6544064,6544064,guided,0,3,110,1,5611229262,4952,532
328,53,25,7320480,7320480,7320480,baseline,,,,,,,
328,54,25,8115072,8115072,8115072,baseline,,,,,,,
328,55,26,8021006,8021002,8021002,deep,0,1,110,1,25560644774,13607,1357
328,56,26,8845972,8845972,8845972,baseline,,,,,,,
328,57,27,8767846,8767834,8767834,deep,0,1,110,1,28547133581,13749,1341
328,58,27,9623080,9623080,9623080,baseline,,,,,,,
328,59,27,10500942,10500942,10500942,baseline,,,,,,,
328,60,28,10447976,10447976,10447976,baseline,,,,,,,
328,61,28,11356624,11356624,11356624,baseline,,,,,,,
328,62,29,11322152,11322148,11322148,guided,0,3,110,1,8976336464,5450,714
328,63,29,12261474,12261474,12261474,baseline,,,,,,,
328,64,29,13216416,13216416,13216416,baseline,,,,,,,
328,65,30,13217006,13217006,13217006,baseline,,,,,,,
329,1,1,329,329,329,fan,,,,,,,
329,2,1,658,658,658,fan,,,,,,,
329,3,2,2955,2955,2955,fan,,,,,,,
329,4,2,4594,4594,4594,fan,,,,,,,
329,5,3,9834,9834,9834,fan,,,,,,,
329,6,3,13104,13104,13104,fan,,,,,,,
329,7,4,22902,22902,22902,fan,,,,,,,
329,8,4,28768,28768,28768,fan,,,,,,,
329,9,5,44083,44083,44083,fan,,,,,,,
329,10,5,52858,52858,52858,fan,,,,,,,
329,11,6,75281,75281,75281,fan,,,,,,,
329,12,6,87914,87914,87914,fan,,,,,,,
329,13,7,118388,118388,118388,fan,,,,,,,
329,14,7,135184,135184,135184,fan,,,,,,,
329,15,8,175276,175276,175276,fan,,,,,,,
329,16,8,197168,197168,197168,fan,,,,,,,
329,17,9,247805,247805,247805,fan,,,,,,,
329,18,9,275090,275090,275090,fan,,,,,,,
329,19,10,337815,337815,337815,fan,,,,,,,
329,20,10,371410,371410,371410,fan,,,,,,,
329,21,11,447134,447134,447134,fan,,,,,,,
329,22,11,487328,487328,487328,fan,,,,,,,
329,23,12,577570,577570,577570,fan,,,,,,,
329,24,12,625264,625264,625264,fan,,,,,,,
329,25,13,730919,730919,730919,fan,,,,,,,
329,26,13,786394,786394,786394,fan,,,,,,,
329,27,13,1139084,1139084,1139084,baseline,,,,,,,
329,28,14,973098,973098,973098,fan,,,,,,,
329,29,14,1350504,1350504,1350504,baseline,,,,,,,
329,30,15,1186528,1186528,1186528,fan,,,,,,,
329,31,15,1588672,1588672,1588672,baseline,,,,,,,
329,32,16,1429024,1429024,1429024,fan,,,,,,,
329,33,16,1855335,1855335,1855335,baseline,,,,,,,
329,34,17,1701714,1701714,1701714,fan,,,,,,,
329,35,17,2152235,2152225,2152225,guided,0,1,110,1,2650023099,8442,653
329,36,18,2006898,2006898,2006898,fan,,,,,,,
329,37,18,2481097,2481059,2481059,guided,0,1,110,1,3135501419,8500,601
329,38,18,3027482,3027482,3027482,baseline,,,,,,,
329,39,19,2843596,2843537,2843537,guided,0,1,110,1,3675672673,8220,577
329,40,19,3419494,3419494,3419494,baseline,,,,,,,
329,41,20,3241465,3241342,3241342,guided,0,1,110,1,4277876749,6513,389
329,42,20,3846716,3846716,3846716,baseline,,,,,,,
329,43,21,3676421,3676141,3676141,guided,0,1,110,1,4943064319,6551,354
329,44,21,4310852,4310852,4310852,baseline,,,,,,,
329,45,22,4150039,4149587,4149587,guided,3,2,110,1,5667038914,7305,1167
329,46,22,4813518,4813514,4813514,guided,1,3,110,1,3864322652,4728,520
329,47,22,5504081,5504081,5504081,baseline,,,,,,,
329,48,23,5356438,5356390,5356390,guided,3,3,110,1,4406974132,4936,693
329,49,23,6077210,6077210,6077210,baseline,,,,,,,
329,50,24,5941174,5941060,5941060,guided,0,3,110,1,4992126325,4910,574
329,51,24,6692057,6692057,6692057,baseline,,,,,,,
329,52,25,6569378,6569172,6569172,guided,0,3,110,1,5627187728,4950,514
329,53,25,7350221,7350221,7350221,baseline,,,,,,,
329,54,25,8149568,8149568,8149568,baseline,,,,,,,
329,55,26,8053282,8053281,8053281,deep,0,1,110,1,38443638584,20483,1928
329,56,26,8883182,8883182,8883182,baseline,,,,,,,
329,57,27,8802823,8802809,8802809,deep,0,1,110,1,42933050251,20745,1989
329,58,27,9663166,9663166,9663166,baseline,,,,,,,
329,59,27,10546253,10546253,10546253,baseline,,,,,,,
329,60,28,10491100,10491100,10491100,baseline,,,,,,,
329,61,28,11405169,11405169,11405169,baseline,,,,,,,
329,62,29,11368492,11368492,11368492,baseline,,,,,,,
329,63,29,12313427,12313427,12313427,baseline,,,,,,,
329,64,30,12296882,12296878,12296878,guided,1,3,110,1,9936423475,5770,788
329,65,30,13272545,13272545,13272545,baseline,,,,,,,
330,1,1,330,330,330,fan,,,,,,,
330,2,1,660,660,660,fan,,,,,,,
330,3,2,2964,2964,2964,fan,,,,,,,
330,4,2,4608,4608,4608,fan,,,,,,,
330,5,3,9864,9864,9864,fan,,,,,,,
330,6,3,13144,13144,13144,fan,,,,,,,
330,7,4,22972,22972,22972,fan,,,,,,,
330,8,4,28856,28856,28856,fan,,,,,,,
330,9,5,44218,44218,44218,fan,,,,,,,
330,10,5,53020,53020,53020,fan,,,,,,,
330,11,6,75512,75512,75512,fan,,,,,,,
330,12,6,88184,88184,88184,fan,,,,,,,
330,13,7,118752,118752,118752,fan,,,,,,,
330,14,7,135600,135600,135600,fan,,,,,,,
330,15,8,175816,175816,175816,fan,,,,,,,
330,16,8,197776,197776,197776,fan,,,,,,,
330,17,9,248570,248570,248570,fan,,,,,,,
330,18,9,275940,275940,275940,fan,,,,,,,
330,19,10,338860,338860,338860,fan,,,,,,,
330,20,10,372560,372560,372560,fan,,,,,,,
330,21,11,448520,448520,448520,fan,,,,,,,
330,22,11,488840,488840,488840,fan,,,,,,,
330,23,12,579364,579364,579364,fan,,,,,,,
330,24,12,627208,627208,627208,fan,,,,,,,
330,25,13,733194,733194,733194,fan,,,,,,,
330,26,13,788844,788844,788844,fan,,,,,,,
330,27,13,1143714,1143714,1143714,baseline,,,,,,,
330,28,14,976136,976136,976136,fan,,,,,,,
330,29,14,1355882,1355882,1355882,baseline,,,,,,,
330,30,15,1190240,1190240,1190240,fan,,,,,,,
330,31,15,1594882,1594882,1594882,baseline,,,,,,,
330,32,16,1433504,1433504,1433504,fan,,,,,,,
330,33,16,1862470,1862470,1862470,baseline,,,,,,,
330,34,17,1707060,1707060,1707060,fan,,,,,,,
330,35,17,2160390,2160382,2160382,guided,0,3,110,1,1773209007,5599,416
330,36,18,2013216,2013216,2013216,fan,,,,,,,
330,37,18,2490388,2490344,2490344,guided,0,3,110,1,2098699020,5668,396
330,38,18,3040048,3040048,3040048,baseline,,,,,,,
330,39,19,2854114,2854058,2854058,guided,0,3,110,1,2459580322,5439,356
330,40,19,3433460,3433460,3433460,baseline,,,,,,,
330,41,20,3253330,3253216,3253216,guided,0,3,110,1,2863277853,4340,258
330,42,20,3862236,3862236,3862236,baseline,,,,,,,
330,43,21,3689790,3689490,3689490,guided,0,3,110,1,3309433181,4374,240
330,44,21,4328008,4328008,4328008,baseline,,,,,,,
330,45,22,4164984,4164540,4164540,guided,3,3,110,1,3796994390,4899,808
330,46,22,4832476,4832476,4832476,baseline,,,,,,,
330,47,22,5527134,5527134,5527134,baseline,,,,,,,
330,48,23,5377300,5377244,5377244,guided,1,3,110,1,4420948662,4870,532
330,49,23,6102362,6102362,6102362,baseline,,,,,,,
330,50,24,5964120,5963992,5963992,guided,0,3,110,1,5008718260,4911,576
330,51,24,6719446,6719446,6719446,baseline,,,,,,,
330,52,25,6594492,6594280,6594280,guided,0,3,110,1,5643293840,4948,496
330,53,25,7379994,7379994,7379994,baseline,,,,,,,
330,54,25,8184116,8184116,8184116,baseline,,,,,,,
330,55,26,8085598,8085596,8085596,deep,0,3,110,1,25708027011,13621,1311
330,56,26,8920452,8920452,8920452,baseline,,,,,,,
330,57,27,8837830,8837822,8837822,guided,0,3,110,1,7209019558,5226,628
330,58,27,9703312,9703312,9703312,baseline,,,,,,,
330,59,27,10591638,10591638,10591638,baseline,,,,,,,
330,60,28,10534288,10534288,10534288,baseline,,,,,,,
330,61,28,11453786,11453786,11453786,baseline,,,,,,,
330,62,29,11414892,11414892,11414892,baseline,,,,,,,
330,63,29,12365454,12365454,12365454,baseline,,,,,,,
330,64,30,12346684,12346676,12346676,guided,1,3,110,1,9967776973,5782,792
330,65,30,13328158,13328158,13328158,baseline,,,,,,,
330,66,30,14325864,14325864,14325864,baseline,,,,,,,
331,1,1,331,331,331,fan,,,,,,,
331,2,1,662,662,662,fan,,,,,,,
331,3,2,2973,2973,2973,fan,,,,,,,
331,4,2,4622,4622,4622,fan,,,,,,,
331,5,3,9894,9894,9894,fan,,,,,,,
331,6,3,13184,13184,13184,fan,,,,,,,
331,7,4,23042,23042,23042,fan,,,,,,,
331,8,4,28944,28944,28944,fan,,,,,,,
331,9,5,44353,44353,44353,fan,,,,,,,
331,10,5,53182,53182,53182,fan,,,,,,,
331,11,6,75743,75743,75743,fan,,,,,,,
331,12,6,88454,88454,88454,fan,,,,,,,
331,13,7,119116,119116,119116,fan,,,,,,,
331,14,7,136016,136016,136016,fan,,,,,,,
331,15,8,176356,176356,176356,fan,,,,,,,
331,16,8,198384,198384,198384,fan,,,,,,,
331,17,9,249335,249335,249335,fan,,,,,,,
331,18,9,276790,276790,276790,fan,,,,,,,
331,19,10,339905,339905,339905,fan,,,,,,,
331,20,10,373710,373710,373710,fan,,,,,,,
331,21,11,449906,449906,449906,fan,,,,,,,
331,22,11,490352,490352,490352,fan,,,,,,,
331,23,12,581158,581158,581158,fan,,,,,,,
331,24,12,629152,629152,629152,fan,,,,,,,
331,25,13,735469,735469,735469,fan,,,,,,,
331,26,13,791294,791294,791294,fan,,,,,,,
331,27,13,1148359,1148359,1148359,baseline,,,,,,,
331,28,14,979174,979174,979174,fan,,,,,,,
331,29,14,1361274,1361274,1361274,baseline,,,,,,,
331,30,15,1193952,1193952,1193952,fan,,,,,,,
331,31,15,1601108,1601108,1601108,baseline,,,,,,,
331,32,16,1437984,1437984,1437984,fan,,,,,,,
331,33,16,1869621,1869621,1869621,baseline,,,,,,,
331,34,17,1712406,1712406,1712406,fan,,,,,,,
331,35,17,2168569,2168558,2168558,guided,0,3,110,1,2666646457,8443,645
331,36,18,2019534,2019534,2019534,fan,,,,,,,
331,37,18,2499697,2499647,2499647,guided,0,3,110,1,3152975676,8568,597
331,38,18,3052616,3052616,3052616,baseline,,,,,,,
331,39,19,2864661,2864599,2864599,guided,0,3,110,1,3697887809,8250,568
331,40,19,3447466,3447466,3447466,baseline,,,,,,,
331,41,20,3265215,3265110,3265110,guided,0,3,110,1,4302542611,6838,399
331,42,20,3877758,3877758,3877758,baseline,,,,,,,
331,43,21,3703146,3702861,3702861,guided,0,3,110,1,4972866576,6576,363
331,44,21,4345208,4345208,4345208,baseline,,,,,,,
331,45,22,4179935,4179515,4179515,guided,3,3,110,1,5709991971,7388,1256
331,46,22,4851440,4851440,4851440,baseline,,,,,,,
331,47,22,5550228,5550228,5550228,baseline,,,,,,,
331,48,23,5398190,5398146,5398146,guided,3,3,110,1,4434132286,4913,607
331,49,23,6127554,6127554,6127554,baseline,,,,,,,
331,50,24,5987036,5986926,5986926,guided,0,3,110,1,5026060113,4920,576
331,51,24,6746878,6746878,6746878,baseline,,,,,,,
331,52,25,6619642,6619440,6619440,guided,0,3,110,1,5658474997,4978,533
331,53,25,7409813,7409813,7409813,baseline,,,,,,,
331,54,25,8218724,8218724,8218724,baseline,,,,,,,
331,55,26,8117957,8117954,8117954,deep,0,3,110,1,38683292076,20588,2033
331,56,26,8957778,8957778,8957778,baseline,,,,,,,
331,57,27,8872894,8872880,8872880,deep,0,3,110,1,43196097460,20755,1822
331,58,27,9743518,9743518,9743518,baseline,,,,,,,
331,59,27,10637103,10637103,10637103,baseline,,,,,,,
331,60,28,10577536,10577536,10577536,baseline,,,,,,,
331,61,28,11502481,11502481,11502481,baseline,,,,,,,
331,62,29,11461356,11461356,11461356,baseline,,,,,,,
331,63,30,11434131,11433947,11433947,guided,0,3,110,1,14759179547,8406,1058
331,64,30,12396538,12396534,12396534,guided,1,3,110,1,9999245205,5784,792
331,65,30,13383852,13383852,13383852,baseline,,,,,,,
331,66,30,14387482,14387482,14387482,baseline,,,,,,,
332,1,1,332,332,332,fan,,,,,,,
332,2,1,664,664,664,fan,,,,,,,
332,3,2,2982,2982,2982,fan,,,,,,,
332,4,2,4636,4636,4636,fan,,,,,,,
332,5,3,9924,9924,9924,fan,,,,,,,
332,6,3,13224,13224,13224,fan,,,,,,,
332,7,4,23112,23112,23112,fan,,,,,,,
332,8,4,29032,29032,29032,fan,,,,,,,
332,9,5,44488,44488,44488,fan,,,,,,,
332,10,5,53344,53344,53344,fan,,,,,,,
332,11,6,75974,75974,75974,fan,,,,,,,
332,12,6,88724,88724,88724,fan,,,,,,,
332,13,7,119480,119480,119480,fan,,,,,,,
332,14,7,136432,136432,136432,fan,,,,,,,
332,15,8,176896,176896,176896,fan,,,,,,,
332,16,8,198992,198992,198992,fan,,,,,,,
332,17,9,250100,250100,250100,fan,,,,,,,
332,18,9,277640,277640,277640,fan,,,,,,,
332,19,10,340950,340950,340950,fan,,,,,,,
332,20,10,374860,374860,374860,fan,,,,,,,
332,21,11,451292,451292,451292,fan,,,,,,,
332,22,11,491864,491864,491864,fan,,,,,,,
332,23,12,582952,582952,582952,fan,,,,,,,
332,24,12,631096,631096,631096,fan,,,,,,,
332,25,13,737744,737744,737744,fan,,,,,,,
332,26,13,793744,793744,793744,fan,,,,,,,
332,27,13,1153004,1153004,1153004,baseline,,,,,,,
332,28,14,982212,982212,982212,fan,,,,,,,
332,29,14,1366666,1366666,1366666,baseline,,,,,,,
332,30,15,1197664,1197664,1197664,fan,,,,,,,
332,31,15,1607334,1607334,1607334,baseline,,,,,,,
332,32,16,1442464,1442464,1442464,fan,,,,,,,
332,33,16,1876772,1876772,1876772,baseline,,,,,,,
332,34,17,1717752,1717752,1717752,fan,,,,,,,
332,35,17,2176748,2176734,2176734,guided,0,3,110,1,1782761573,5630,437
332,36,18,2025852,2025852,2025852,fan,,,,,,,
332,37,18,2509006,2508950,2508950,guided,0,1,110,1,2110601908,5699,388
332,38,18,3065220,3065220,3065220,baseline,,,,,,,
332,39,19,2875208,2875140,2875140,guided,0,3,110,1,2474667638,5514,390
332,40,19,3461472,3461472,3461472,baseline,,,,,,,
332,41,20,3277100,3277004,3277004,guided,0,1,110,1,2878737357,4459,254
332,42,20,3893320,3893320,3893320,baseline,,,,,,,
332,43,21,3716502,3716232,3716232,guided,0,3,110,1,3326174513,4392,243
332,44,21,4362408,4362408,4362408,baseline,,,,,,,
332,45,22,4194886,4194490,4194490,guided,0,1,110,1,3812238650,4526,286
332,46,22,4870448,4870448,4870448,baseline,,,,,,,
332,47,22,5573354,5573354,5573354,baseline,,,,,,,
332,48,23,5419080,5419048,5419048,guided,3,3,110,1,4443568724,4934,634
332,49,23,6152782,6152782,6152782,baseline,,,,,,,
332,50,24,6010000,6009908,6009908,deep,0,3,110,1,20082788241,13337,1016
332,51,24,6774344,6774344,6774344,baseline,,,,,,,
332,52,25,6644792,6644600,6644600,guided,0,3,110,1,5688751504,5014,570
332,53,25,7439666,7439666,7439666,baseline,,,,,,,
332,54,25,8253384,8253384,8253384,baseline,,,,,,,
332,55,26,8150350,8150350,8150350,baseline,,,,,,,
332,56,26,8995164,8995164,8995164,baseline,,,,,,,
332,57,27,8907988,8907976,8907976,deep,0,1,110,1,28887287655,13751,1226
332,58,27,9783784,9783784,9783784,baseline,,,,,,,
332,59,27,10682642,10682642,10682642,baseline,,,,,,,
332,60,28,10620848,10620848,10620848,baseline,,,,,,,
332,61,28,11551252,11551252,11551252,baseline,,,,,,,
332,62,29,11507880,11507880,11507880,baseline,,,,,,,
332,63,29,12469738,12469738,12469738,baseline,,,,,,,
332,64,30,12446468,12446456,12446456,guided,0,3,110,1,10041880826,5568,648
332,65,30,13439622,13439622,13439622,baseline,,,,,,,
332,66,30,14449204,14449204,14449204,baseline,,,,,,,
333,1,1,333,333,333,fan,,,,,,,
333,2,1,666,666,666,fan,,,,,,,
333,3,2,2991,2991,2991,fan,,,,,,,
333,4,2,4650,4650,4650,fan,,,,,,,
333,5,3,9954,9954,9954,fan,,,,,,,
333,6,3,13264,13264,13264,fan,,,,,,,
333,7,4,23182,23182,23182,fan,,,,,,,
333,8,4,29120,29120,29120,fan,,,,,,,
333,9,5,44623,44623,44623,fan,,,,,,,
333,10,5,53506,53506,53506,fan,,,,,,,
333,11,6,76205,76205,76205,fan,,,,,,,
333,12,6,88994,88994,88994,fan,,,,,,,
333,13,7,119844,119844,119844,fan,,,,,,,
333,14,7,136848,136848,136848,fan,,,,,,,
333,15,8,177436,177436,177436,fan,,,,,,,
333,16,8,199600,199600,199600,fan,,,,,,,
333,17,9,250865,250865,250865,fan,,,,,,,
333,18,9,278490,278490,278490,fan,,,,,,,
333,19,10,341995,341995,341995,fan,,,,,,,
333,20,10,376010,376010,376010,fan,,,,,,,
333,21,11,452678,452678,452678,fan,,,,,,,
333,22,11,493376,493376,493376,fan,,,,,,,
333,23,12,584746,584746,584746,fan,,,,,,,
333,24,12,633040,633040,633040,fan,,,,,,,
333,25,13,740019,740019,740019,fan,,,,,,,
333,26,13,796194,796194,796194,fan,,,,,,,
333,27,13,1157662,1157662,1157662,baseline,,,,,,,
333,28,14,985250,985250,985250,fan,,,,,,,
333,29,14,1372073,1372073,1372073,baseline,,,,,,,
333,30,15,1201376,1201376,1201376,fan,,,,,,,
333,31,15,1613575,1613575,1613575,baseline,,,,,,,
333,32,16,1446944,1446944,1446944,fan,,,,,,,
333,33,16,1883941,1883941,1883941,baseline,,,,,,,
333,34,17,1723098,1723098,1723098,fan,,,,,,,
333,35,17,2184944,2184927,2184927,guided,0,1,110,1,2682446301,8498,666
333,36,18,2032170,2032170,2032170,fan,,,,,,,
333,37,18,2518324,2518272,2518272,guided,0,1,110,1,3174753984,8597,611
333,38,18,3077824,3077824,3077824,baseline,,,,,,,
333,39,19,2885774,2885700,2885700,guided,0,1,110,1,3719688340,8366,616
333,40,19,3475516,3475516,3475516,baseline,,,,,,,
333,41,20,3289025,3288920,3288920,guided,0,1,110,1,4328927193,6916,402
333,42,20,3908882,3908882,3908882,baseline,,,,,,,
333,43,21,3729879,3729624,3729624,guided,0,1,110,1,4998101925,6600,366
333,44,21,4379650,4379650,4379650,baseline,,,,,,,
333,45,22,4209864,4209487,4209487,guided,3,2,110,1,5733548543,7464,1322
333,46,22,4889456,4889456,4889456,baseline,,,,,,,
333,47,22,5596521,5596521,5596521,baseline,,,,,,,
333,48,23,5440036,5440000,5440000,guided,3,3,110,1,4458027428,4917,599
333,49,23,6178050,6178050,6178050,baseline,,,,,,,
333,50,24,6032996,6032894,6032894,deep,0,3,110,1,20145531664,13377,1047
333,51,24,6801856,6801856,6801856,baseline,,,,,,,
333,52,25,6669984,6669814,6669814,guided,0,3,110,1,5702280988,5021,570
333,53,25,7469565,7469565,7469565,baseline,,,,,,,
333,54,25,8288096,8288096,8288096,baseline,,,,,,,
333,55,26,8182788,8182788,8182788,baseline,,,,,,,
333,56,26,9032606,9032606,9032606,baseline,,,,,,,
333,57,27,8943130,8943118,8943118,deep,0,1,110,1,43454769820,20771,1910
333,58,27,9824110,9824110,9824110,baseline,,,,,,,
333,59,27,10728261,10728261,10728261,baseline,,,,,,,
333,60,28,10664220,10664220,10664220,baseline,,,,,,,
333,61,28,11600107,11600107,11600107,baseline,,,,,,,
333,62,29,11554472,11554472,11554472,baseline,,,,,,,
333,63,30,11522562,11522411,11522411,guided,0,1,110,1,14841369382,8408,1034
333,64,30,12496446,12496438,12496438,guided,1,3,110,1,10063899191,5808,792
333,65,30,13495472,13495472,13495472,baseline,,,,,,,
333,66,30,14511010,14511010,14511010,baseline,,,,,,,
334,1,1,334,334,334,fan,,,,,,,
334,2,1,668,668,668,fan,,,,,,,
334,3,2,3000,3000,3000,fan,,,,,,,
334,4,2,4664,4664,4664,fan,,,,,,,
334,5,3,9984,9984,9984,fan,,,,,,,
334,6,3,13304,13304,13304,fan,,,,,,,
334,7,4,23252,23252,23252,fan,,,,,,,
334,8,4,29208,29208,29208,fan,,,,,,,
334,9,5,44758,44758,44758,fan,,,,,,,
334,10,5,53668,53668,53668,fan,,,,,,,
334,11,6,76436,76436,76436,fan,,,,,,,
334,12,6,89264,89264,89264,fan,,,,,,,
334,13,7,120208,120208,120208,fan,,,,,,,
334,14,7,137264,137264,137264,fan,,,,,,,
334,15,8,177976,177976,177976,fan,,,,,,,
334,16,8,200208,200208,200208,fan,,,,,,,
334,17,9,251630,251630,251630,fan,,,,,,,
334,18,9,279340,279340,279340,fan,,,,,,,
334,19,10,343040,343040,343040,fan,,,,,,,
334,20,10,377160,377160,377160,fan,,,,,,,
334,21,11,454064,454064,454064,fan,,,,,,,
334,22,11,494888,494888,494888,fan,,,,,,,
334,23,12,586540,586540,586540,fan,,,,,,,
334,24,12,634984,634984,634984,fan,,,,,,,
334,25,13,742294,742294,742294,fan,,,,,,,
334,26,13,798644,798644,798644,fan,,,,,,,
334,27,13,1162320,1162320,1162320,baseline,,,,,,,
334,28,14,988288,988288,988288,fan,,,,,,,
334,29,14,1377480,1377480,1377480,baseline,,,,,,,
334,30,15,1205088,1205088,1205088,fan,,,,,,,
334,31,15,1619816,1619816,1619816,baseline,,,,,,,
334,32,16,1451424,1451424,1451424,fan,,,,,,,
334,33,16,1891110,1891110,1891110,baseline,,,,,,,
334,34,17,1728444,1728444,1728444,fan,,,,,,,
334,35,17,2193140,2193120,2193120,guided,0,3,110,1,1793297563,5661,458
334,36,18,2038488,2038488,2038488,fan,,,,,,,
334,37,18,2527642,2527594,2527594,guided,0,3,110,1,2124502134,5734,417
334,38,18,3090464,3090464,3090464,baseline,,,,,,,
334,39,19,2896340,2896260,2896260,guided,0,3,110,1,2489476826,5555,420
334,40,19,3489560,3489560,3489560,baseline,,,,,,,
334,41,20,3300950,3300836,3300836,guided,0,3,110,1,2897909019,4553,273
334,42,20,3924484,3924484,3924484,baseline,,,,,,,
334,43,21,3743256,3743016,3743016,guided,0,3,110,1,3346788651,4413,246
334,44,21,4396892,4396892,4396892,baseline,,,,,,,
334,45,22,4224842,4224484,4224484,guided,1,3,110,1,3839915959,4660,316
334,46,22,4908508,4908508,4908508,baseline,,,,,,,
334,47,22,5619720,5619720,5619720,baseline,,,,,,,
334,48,23,5460992,5460952,5460952,guided,1,3,110,1,4472495774,4892,536
334,49,23,6203352,6203352,6203352,baseline,,,,,,,
334,50,24,6056036,6055928,6055928,guided,0,3,110,1,5072151769,4943,581
334,51,24,6829402,6829402,6829402,baseline,,,,,,,
334,52,25,6695176,6695028,6695028,guided,0,3,110,1,5715837412,5028,570
334,53,25,7499500,7499500,7499500,baseline,,,,,,,
334,54,25,8322860,8322860,8322860,baseline,,,,,,,
334,55,26,8215266,8215266,8215266,baseline,,,,,,,
334,56,26,9070108,9070108,9070108,baseline,,,,,,,
334,57,27,8978320,8978296,8978296,deep,0,3,110,1,29058642952,13872,1338
334,58,27,9864496,9864496,9864496,baseline,,,,,,,
334,59,27,10773952,10773952,10773952,baseline,,,,,,,
334,60,28,10707656,10707656,10707656,baseline,,,,,,,
334,61,28,11649038,11649038,11649038,baseline,,,,,,,
334,62,29,11601124,11601124,11601124,baseline,,,,,,,
334,63,29,12574336,12574336,12574336,baseline,,,,,,,
334,64,30,12546508,12546488,12546488,guided,1,3,110,1,10092427759,5810,795
334,65,30,13551398,13551398,13551398,baseline,,,,,,,
334,66,30,14572920,14572920,14572920,baseline,,,,,,,
335,1,1,335,335,335,fan,,,,,,,
335,2,1,670,670,670,fan,,,,,,,
335,3,2,3009,3009,3009,fan,,,,,,,
335,4,2,4678,4678,4678,fan,,,,,,,
335,5,3,10014,10014,10014,fan,,,,,,,
335,6,3,13344,13344,13344,fan,,,,,,,
335,7,4,23322,23322,23322,fan,,,,,,,
335,8,4,29296,29296,29296,fan,,,,,,,
335,9,5,44893,44893,44893,fan,,,,,,,
335,10,5,53830,53830,53830,fan,,,,,,,
335,11,6,76667,76667,76667,fan,,,,,,,
335,12,6,89534,89534,89534,fan,,,,,,,
335,13,7,120572,120572,120572,fan,,,,,,,
335,14,7,137680,137680,137680,fan,,,,,,,
335,15,8,178516,178516,178516,fan,,,,,,,
335,16,8,200816,200816,200816,fan,,,,,,,
335,17,9,252395,252395,252395,fan,,,,,,,
335,18,9,280190,280190,280190,fan,,,,,,,
335,19,10,344085,344085,344085,fan,,,,,,,
335,20,10,378310,378310,378310,fan,,,,,,,
335,21,11,455450,455450,455450,fan,,,,,,,
335,22,11,496400,496400,496400,fan,,,,,,,
335,23,12,588334,588334,588334,fan,,,,,,,
335,24,12,636928,636928,636928,fan,,,,,,,
335,25,13,744569,744569,744569,fan,,,,,,,
335,26,13,801094,801094,801094,fan,,,,,,,
335,27,13,1166992,1166992,1166992,baseline,,,,,,,
335,28,14,991326,991326,991326,fan,,,,,,,
335,29,14,1382901,1382901,1382901,baseline,,,,,,,
335,30,15,1208800,1208800,1208800,fan,,,,,,,
335,31,15,1626074,1626074,1626074,baseline,,,,,,,
335,32,16,1455904,1455904,1455904,fan,,,,,,,
335,33,16,1898295,1898295,1898295,baseline,,,,,,,
335,34,17,1733790,1733790,1733790,fan,,,,,,,
335,35,17,2201348,2201331,2201331,guided,0,3,110,1,2697455568,8512,662
335,36,18,2044806,2044806,2044806,fan,,,,,,,
335,37,18,2536978,2536934,2536934,guided,0,3,110,1,3192491197,8656,640
335,38,18,3103106,3103106,3103106,baseline,,,,,,,
335,39,19,2906916,2906841,2906841,guided,0,3,110,1,3743528807,8393,634
335,40,19,3503644,3503644,3503644,baseline,,,,,,,
335,41,20,3312895,3312772,3312772,guided,0,3,110,1,4356633842,6955,431
335,42,20,3940088,3940088,3940088,baseline,,,,,,,
335,43,21,3756657,3756430,3756430,guided,0,3,110,1,5029361599,6627,370
335,44,21,4414178,4414178,4414178,baseline,,,,,,,
335,45,22,4239842,4239503,4239503,guided,1,3,110,1,5772074848,7009,478
335,46,22,4927562,4927562,4927562,baseline,,,,,,,
335,47,22,5642960,5642960,5642960,baseline,,,,,,,
335,48,23,5481980,5481952,5481952,guided,1,3,110,1,4485207240,4905,539
335,49,23,6228697,6228697,6228697,baseline,,,,,,,
335,50,24,6079054,6078964,6078964,guided,0,3,110,1,5082989354,4949,580
335,51,24,6856991,6856991,6856991,baseline,,,,,,,
335,52,25,6720448,6720294,6720294,guided,0,3,110,1,5731532451,5036,559
335,53,25,7529481,7529481,7529481,baseline,,,,,,,
335,54,25,8357676,8357676,8357676,baseline,,,,,,,
335,55,26,8247789,8247789,8247789,baseline,,,,,,,
335,56,26,9107666,9107666,9107666,baseline,,,,,,,
335,57,27,9013540,9013522,9013522,deep,0,3,110,1,43718582796,20846,1823
335,58,27,9904942,9904942,9904942,baseline,,,,,,,
335,59,28,9828316,9828267,9828267,deep,0,3,110,1,48631697142,20767,1750
335,60,28,10751152,10751152,10751152,baseline,,,,,,,
335,61,28,11698050,11698050,11698050,baseline,,,,,,,
335,62,29,11647844,11647844,11647844,baseline,,,,,,,
335,63,30,11611231,11611060,11611060,guided,0,3,110,1,14940311595,8434,1033
335,64,30,12596610,12596602,12596602,guided,0,3,110,1,10114804203,5606,662
335,65,30,13607408,13607408,13607408,baseline,,,,,,,
335,66,30,14634916,14634916,14634916,baseline,,,,,,,
335,67,31,14641538,14641538,14641538,baseline,,,,,,,
336,1,1,336,336,336,fan,,,,,,,
336,2,1,672,672,672,fan,,,,,,,
336,3,2,3018,3018,3018,fan,,,,,,,
336,4,2,4692,4692,4692,fan,,,,,,,
336,5,3,10044,10044,10044,fan,,,,,,,
336,6,3,13384,13384,13384,fan,,,,,,,
336,7,4,23392,23392,23392,fan,,,,,,,
336,8,4,29384,29384,29384,fan,,,,,,,
336,9,5,45028,45028,45028,fan,,,,,,,
336,10,5,53992,53992,53992,fan,,,,,,,
336,11,6,76898,76898,76898,fan,,,,,,,
336,12,6,89804,89804,89804,fan,,,,,,,
336,13,7,120936,120936,120936,fan,,,,,,,
336,14,7,138096,138096,138096,fan,,,,,,,
336,15,8,179056,179056,179056,fan,,,,,,,
336,16,8,201424,201424,201424,fan,,,,,,,
336,17,9,253160,253160,253160,fan,,,,,,,
336,18,9,281040,281040,281040,fan,,,,,,,
336,19,10,345130,345130,345130,fan,,,,,,,
336,20,10,379460,379460,379460,fan,,,,,,,
336,21,11,456836,456836,456836,fan,,,,,,,
336,22,11,497912,497912,497912,fan,,,,,,,
336,23,12,590128,590128,590128,fan,,,,,,,
336,24,12,638872,638872,638872,fan,,,,,,,
336,25,13,746844,746844,746844,fan,,,,,,,
336,26,13,803544,803544,803544,fan,,,,,,,
336,27,13,1171664,1171664,1171664,baseline,,,,,,,
336,28,14,994364,994364,994364,fan,,,,,,,
336,29,14,1388322,1388322,1388322,baseline,,,,,,,
336,30,15,1212512,1212512,1212512,fan,,,,,,,
336,31,15,1632332,1632332,1632332,baseline,,,,,,,
336,32,16,1460384,1460384,1460384,fan,,,,,,,
336,33,16,1905480,1905480,1905480,baseline,,,,,,,
336,34,17,1739136,1739136,1739136,fan,,,,,,,
336,35,17,2209556,2209542,2209542,guided,0,3,110,1,1806654172,5674,433
336,36,18,2051124,2051124,2051124,fan,,,,,,,
336,37,18,2546314,2546274,2546274,guided,0,1,110,1,2136877926,5759,442
336,38,18,3115784,3115784,3115784,baseline,,,,,,,
336,39,19,2917492,2917422,2917422,guided,0,3,110,1,2505101978,5595,423
336,40,19,3517728,3517728,3517728,baseline,,,,,,,
336,41,20,3324840,3324708,3324708,guided,0,1,110,1,2914266363,4491,286
336,42,20,3955732,3955732,3955732,baseline,,,,,,,
336,43,21,3770058,3769844,3769844,guided,0,3,110,1,3366051527,4425,247
336,44,21,4431464,4431464,4431464,baseline,,,,,,,
336,45,22,4254842,4254522,4254522,guided,1,1,110,1,3862124474,4692,324
336,46,22,4946660,4946660,4946660,baseline,,,,,,,
336,47,22,5666230,5666230,5666230,baseline,,,,,,,
336,48,23,5502968,5502952,5502952,guided,0,3,110,1,4505281798,4760,508
336,49,23,6254076,6254076,6254076,baseline,,,,,,,
336,50,24,6102120,6102048,6102048,guided,0,3,110,1,5098361724,4956,580
336,51,24,6884616,6884616,6884616,baseline,,,,,,,
336,52,25,6745720,6745560,6745560,guided,0,3,110,1,5747210442,5044,548
336,53,25,7559498,7559498,7559498,baseline,,,,,,,
336,54,25,8392544,8392544,8392544,baseline,,,,,,,
336,55,26,8280350,8280350,8280350,baseline,,,,,,,
336,56,26,9145276,9145276,9145276,baseline,,,,,,,
336,57,27,9048812,9048786,9048786,deep,0,1,110,1,29242130054,13885,1283
336,58,27,9945448,9945448,9945448,baseline,,,,,,,
336,59,28,9866440,9866400,9866400,guided,0,1,110,1,8152570216,5368,616
336,60,28,10794712,10794712,10794712,baseline,,,,,,,
336,61,28,11747140,11747140,11747140,baseline,,,,,,,
336,62,29,11694624,11694624,11694624,baseline,,,,,,,
336,63,29,12679262,12679262,12679262,baseline,,,,,,,
336,64,30,12646804,12646784,12646784,guided,0,3,110,1,10155582469,5634,717
336,65,30,13663498,13663498,13663498,baseline,,,,,,,
336,66,30,14697016,14697016,14697016,baseline,,,,,,,
336,67,31,14701402,14701402,14701402,baseline,,,,,,,
337,1,1,337,337,337,fan,,,,,,,
337,2,1,674,674,674,fan,,,,,,,
337,3,2,3027,3027,3027,fan,,,,,,,
337,4,2,4706,4706,4706,fan,,,,,,,
337,5,3,10074,10074,10074,fan,,,,,,,
337,6,3,13424,13424,13424,fan,,,,,,,
337,7,4,23462,23462,23462,fan,,,,,,,
337,8,4,29472,29472,29472,fan,,,,,,,
337,9,5,45163,45163,45163,fan,,,,,,,
337,10,5,54154,54154,54154,fan,,,,,,,
337,11,6,77129,77129,77129,fan,,,,,,,
337,12,6,90074,90074,90074,fan,,,,,,,
337,13,7,121300,121300,121300,fan,,,,,,,
337,14,7,138512,138512,138512,fan,,,,,,,
337,15,8,179596,179596,179596,fan,,,,,,,
337,16,8,202032,202032,202032,fan,,,,,,,
337,17,9,253925,253925,253925,fan,,,,,,,
337,18,9,281890,281890,281890,fan,,,,,,,
337,19,10,346175,346175,346175,fan,,,,,,,
337,20,10,380610,380610,380610,fan,,,,,,,
337,21,11,458222,458222,458222,fan,,,,,,,
337,22,11,499424,499424,499424,fan,,,,,,,
337,23,12,591922,591922,591922,fan,,,,,,,
337,24,12,640816,640816,640816,fan,,,,,,,
337,25,13,749119,749119,749119,fan,,,,,,,
337,26,13,805994,805994,805994,fan,,,,,,,
337,27,13,1176349,1176349,1176349,baseline,,,,,,,
337,28,14,997402,997402,997402,fan,,,,,,,
337,29,14,1393759,1393759,1393759,baseline,,,,,,,
337,30,15,1216224,1216224,1216224,fan,,,,,,,
337,31,15,1638605,1638605,1638605,baseline,,,,,,,
337,32,16,1464864,1464864,1464864,fan,,,,,,,
337,33,16,1912682,1912682,1912682,baseline,,,,,,,
337,34,17,1744482,1744482,1744482,fan,,,,,,,
337,35,17,2217781,2217770,2217770,guided,0,1,110,1,2715383079,8546,637
337,36,18,2057442,2057442,2057442,fan,,,,,,,
337,37,18,2555680,2555634,2555634,guided,0,1,110,1,3208824552,8660,656
337,38,18,3128462,3128462,3128462,baseline,,,,,,,
337,39,19,2928087,2928022,2928022,guided,0,1,110,1,3764716913,8501,654
337,40,19,3531850,3531850,3531850,baseline,,,,,,,
337,41,20,3336806,3336665,3336665,guided,0,1,110,1,4376909705,7122,418
337,42,20,3971376,3971376,3971376,baseline,,,,,,,
337,43,21,3783480,3783279,3783279,guided,0,1,110,1,5062047875,6648,371
337,44,21,4448792,4448792,4448792,baseline,,,,,,,
337,45,22,4269897,4269565,4269565,guided,1,1,110,1,5803998610,7045,484
337,46,22,4965758,4965758,4965758,baseline,,,,,,,
337,47,22,5689538,5689538,5689538,baseline,,,,,,,
337,48,23,5524008,5523998,5523998,guided,1,3,110,1,4509343625,4917,542
337,49,23,6279495,6279495,6279495,baseline,,,,,,,
337,50,24,6125214,6125136,6125136,deep,0,3,110,1,20375160267,14594,1106
337,51,24,6912284,6912284,6912284,baseline,,,,,,,
337,52,25,6771018,6770880,6770880,guided,0,3,110,1,5767115974,5051,543
337,53,25,7589561,7589561,7589561,baseline,,,,,,,
337,54,25,8427464,8427464,8427464,baseline,,,,,,,
337,55,26,8312959,8312959,8312959,baseline,,,,,,,
337,56,26,9182942,9182942,9182942,baseline,,,,,,,
337,57,27,9084130,9084098,9084098,deep,0,1,110,1,43973444908,21085,2079
337,58,27,9986014,9986014,9986014,baseline,,,,,,,
337,59,28,9904615,9904581,9904581,deep,0,1,110,1,48921048546,20840,1559
337,60,28,10838332,10838332,10838332,baseline,,,,,,,
337,61,28,11796311,11796311,11796311,baseline,,,,,,,
337,62,29,11741472,11741472,11741472,baseline,,,,,,,
337,63,29,12731848,12731848,12731848,baseline,,,,,,,
337,64,30,12697038,12697030,12697030,guided,1,3,110,1,10189163290,5839,800
337,65,30,13719678,13719678,13719678,baseline,,,,,,,
337,66,30,14759200,14759200,14759200,baseline,,,,,,,
337,67,31,14761355,14761355,14761355,baseline,,,,,,,
338,1,1,338,338,338,fan,,,,,,,
338,2,1,676,676,676,fan,,,,,,,
338,3,2,3036,3036,3036,fan,,,,,,,
338,4,2,4720,4720,4720,fan,,,,,,,
338,5,3,10104,10104,10104,fan,,,,,,,
338,6,3,13464,13464,13464,fan,,,,,,,
338,7,4,23532,23532,23532,fan,,,,,,,
338,8,4,29560,29560,29560,fan,,,,,,,
338,9,5,45298,45298,45298,fan,,,,,,,
338,10,5,54316,54316,54316,fan,,,,,,,
338,11,6,77360,77360,77360,fan,,,,,,,
338,12,6,90344,90344,90344,fan,,,,,,,
338,13,7,121664,121664,121664,fan,,,,,,,
338,14,7,138928,138928,138928,fan,,,,,,,
338,15,8,180136,180136,180136,fan,,,,,,,
338,16,8,202640,202640,202640,fan,,,,,,,
338,17,9,254690,254690,254690,fan,,,,,,,
338,18,9,282740,282740,282740,fan,,,,,,,
338,19,10,347220,347220,347220,fan,,,,,,,
338,20,10,381760,381760,381760,fan,,,,,,,
338,21,11,459608,459608,459608,fan,,,,,,,
338,22,11,500936,500936,500936,fan,,,,,,,
338,23,12,593716,593716,593716,fan,,,,,,,
338,24,12,642760,642760,642760,fan,,,,,,,
338,25,13,751394,751394,751394,fan,,,,,,,
338,26,13,808444,808444,808444,fan,,,,,,,
338,27,13,1181034,1181034,1181034,baseline,,,,,,,
338,28,14,1000440,1000440,1000440,fan,,,,,,,
338,29,14,1399196,1399196,1399196,baseline,,,,,,,
338,30,15,1219936,1219936,1219936,fan,,,,,,,
338,31,15,1644878,1644878,1644878,baseline,,,,,,,
338,32,16,1469344,1469344,1469344,fan,,,,,,,
338,33,16,1919884,1919884,1919884,baseline,,,,,,,
338,34,17,1749828,1749828,1749828,fan,,,,,,,
338,35,17,2226006,2225998,2225998,guided,0,3,110,1,1817208349,5681,408
338,36,18,2063760,2063760,2063760,fan,,,,,,,
338,37,18,2565046,2564994,2564994,guided,0,3,110,1,2148376047,5772,434
338,38,18,3141176,3141176,3141176,baseline,,,,,,,
338,39,19,2938682,2938622,2938622,guided,0,3,110,1,2519363706,5645,430
338,40,19,3545972,3545972,3545972,baseline,,,,,,,
338,41,20,3348772,3348622,3348622,guided,0,3,110,1,2928809351,4755,270
338,42,20,3987060,3987060,3987060,baseline,,,,,,,
338,43,21,3796902,3796714,3796714,guided,0,3,110,1,3386089139,4437,248
338,44,21,4466120,4466120,4466120,baseline,,,,,,,
338,45,22,4284952,4284608,4284608,guided,1,3,110,1,3882285095,4702,322
338,46,22,4984900,4984900,4984900,baseline,,,,,,,
338,47,22,5712876,5712876,5712876,baseline,,,,,,,
338,48,23,5545048,5545044,5545044,guided,1,3,110,1,4533342528,4922,542
338,49,23,6304950,6304950,6304950,baseline,,,,,,,
338,50,24,6148356,6148272,6148272,deep,0,3,110,1,20435864005,14671,1038
338,51,24,6939988,6939988,6939988,baseline,,,,,,,
338,52,25,6796316,6796200,6796200,guided,0,3,110,1,5787054430,5058,538
338,53,25,7619658,7619658,7619658,baseline,,,,,,,
338,54,25,8462436,8462436,8462436,baseline,,,,,,,
338,55,26,8345606,8345606,8345606,baseline,,,,,,,
338,56,26,9220660,9220660,9220660,baseline,,,,,,,
338,57,27,9119470,9119450,9119450,deep,0,3,110,1,29411039435,13958,1316
338,58,27,10026640,10026640,10026640,baseline,,,,,,,
338,59,28,9942846,9942802,9942802,deep,0,3,110,1,32715006505,13855,1105
338,60,28,10882016,10882016,10882016,baseline,,,,,,,
338,61,28,11845560,11845560,11845560,baseline,,,,,,,
338,62,29,11788380,11788380,11788380,baseline,,,,,,,
338,63,29,12784514,12784514,12784514,baseline,,,,,,,
338,64,30,12747344,12747344,12747344,baseline,,,,,,,
338,65,30,13775938,13775938,13775938,baseline,,,,,,,
338,66,30,14821488,14821488,14821488,baseline,,,,,,,
338,67,31,14821390,14821390,14821390,baseline,,,,,,,
339,1,1,339,339,339,fan,,,,,,,
339,2,1,678,678,678,fan,,,,,,,
339,3,2,3045,3045,3045,fan,,,,,,,
339,4,2,4734,4734,4734,fan,,,,,,,
339,5,3,10134,10134,10134,fan,,,,,,,
339,6,3,13504,13504,13504,fan,,,,,,,
339,7,4,23602,23602,23602,fan,,,,,,,
339,8,4,29648,29648,29648,fan,,,,,,,
339,9,5,45433,45433,45433,fan,,,,,,,
339,10,5,54478,54478,54478,fan,,,,,,,
339,11,6,77591,77591,77591,fan,,,,,,,
339,12,6,90614,90614,90614,fan,,,,,,,
339,13,7,122028,122028,122028,fan,,,,,,,
339,14,7,139344,139344,139344,fan,,,,,,,
339,15,8,180676,180676,180676,fan,,,,,,,
339,16,8,203248,203248,203248,fan,,,,,,,
339,17,9,255455,255455,255455,fan,,,,,,,
339,18,9,283590,283590,283590,fan,,,,,,,
339,19,10,348265,348265,348265,fan,,,,,,,
339,20,10,382910,382910,382910,fan,,,,,,,
339,21,11,460994,460994,460994,fan,,,,,,,
339,22,11,502448,502448,502448,fan,,,,,,,
339,23,12,595510,595510,595510,fan,,,,,,,
339,24,12,644704,644704,644704,fan,,,,,,,
339,25,13,753669,753669,753669,fan,,,,,,,
339,26,13,810894,810894,810894,fan,,,,,,,
339,27,14,937307,937307,937307,fan,,,,,,,
339,28,14,1003478,1003478,1003478,fan,,,,,,,
339,29,14,1404647,1404647,1404647,baseline,,,,,,,
339,30,15,1223648,1223648,1223648,fan,,,,,,,
339,31,15,1651167,1651167,1651167,baseline,,,,,,,
339,32,16,1473824,1473824,1473824,fan,,,,,,,
339,33,16,1927102,1927102,1927102,baseline,,,,,,,
339,34,17,1755174,1755174,1755174,fan,,,,,,,
339,35,17,2234256,2234245,2234245,guided,0,3,110,1,2730902893,8578,676
339,36,18,2070078,2070078,2070078,fan,,,,,,,
339,37,18,2574430,2574372,2574372,guided,0,3,110,1,3228790935,8718,651
339,38,18,3153892,3153892,3153892,baseline,,,,,,,
339,39,19,2949310,2949242,2949242,guided,0,3,110,1,3785521436,8518,636
339,40,19,3560134,3560134,3560134,baseline,,,,,,,
339,41,20,3360758,3360599,3360599,guided,0,3,110,1,4403076704,7519,420
339,42,20,4002746,4002746,4002746,baseline,,,,,,,
339,43,21,3810370,3810172,3810172,guided,0,3,110,1,5092400865,6670,372
339,44,21,4483492,4483492,4483492,baseline,,,,,,,
339,45,22,4300029,4299673,4299673,guided,1,3,110,1,5834620891,7061,482
339,46,22,5004044,5004044,5004044,baseline,,,,,,,
339,47,22,5736253,5736253,5736253,baseline,,,,,,,
339,48,23,5566144,5566138,5566138,guided,1,3,110,1,4545909409,4938,547
339,49,23,6330445,6330445,6330445,baseline,,,,,,,
339,50,24,6171476,6171410,6171410,deep,0,3,110,1,20497083265,14778,1057
339,51,24,6967735,6967735,6967735,baseline,,,,,,,
339,52,25,6821698,6821572,6821572,guided,0,3,110,1,5798492893,5079,562
339,53,25,7649804,7649804,7649804,baseline,,,,,,,
339,54,25,8497460,8497460,8497460,baseline,,,,,,,
339,55,26,8378298,8378298,8378298,baseline,,,,,,,
339,56,26,9258434,9258434,9258434,baseline,,,,,,,
339,57,27,9154861,9154850,9154850,deep,0,3,110,1,44233746959,21238,2170
339,58,27,10067318,10067318,10067318,baseline,,,,,,,
339,59,28,9981138,9981074,9981074,deep,0,3,110,1,49208391405,20992,1767
339,60,28,10925760,10925760,10925760,baseline,,,,,,,
339,61,28,11894884,11894884,11894884,baseline,,,,,,,
339,62,29,11835356,11835356,11835356,baseline,,,,,,,
339,63,29,12837265,12837265,12837265,baseline,,,,,,,
339,64,30,12797730,12797722,12797722,guided,1,3,110,1,10250207188,5880,808
339,65,30,13832285,13832285,13832285,baseline,,,,,,,
339,66,30,14883862,14883862,14883862,baseline,,,,,,,
339,67,31,14881517,14881517,14881517,baseline,,,,,,,
340,1,1,340,340,340,fan,,,,,,,
340,2,1,680,680,680,fan,,,,,,,
340,3,2,3054,3054,3054,fan,,,,,,,
340,4,2,4748,4748,4748,fan,,,,,,,
340,5,3,10164,10164,10164,fan,,,,,,,
340,6,3,13544,13544,13544,fan,,,,,,,
340,7,4,23672,23672,23672,fan,,,,,,,
340,8,4,29736,29736,29736,fan,,,,,,,
340,9,5,45568,45568,45568,fan,,,,,,,
340,10,5,54640,54640,54640,fan,,,,,,,
340,11,6,77822,77822,77822,fan,,,,,,,
340,12,6,90884,90884,90884,fan,,,,,,,
340,13,7,122392,122392,122392,fan,,,,,,,
340,14,7,139760,139760,139760,fan,,,,,,,
340,15,8,181216,181216,181216,fan,,,,,,,
340,16,8,203856,203856,203856,fan,,,,,,,
340,17,9,256220,256220,256220,fan,,,,,,,
340,18,9,284440,284440,284440,fan,,,,,,,
340,19,10,349310,349310,349310,fan,,,,,,,
340,20,10,384060,384060,384060,fan,,,,,,,
340,21,11,462380,462380,462380,fan,,,,,,,
340,22,11,503960,503960,503960,fan,,,,,,,
340,23,12,597304,597304,597304,fan,,,,,,,
340,24,12,646648,646648,646648,fan,,,,,,,
340,25,13,755944,755944,755944,fan,,,,,,,
340,26,13,813344,813344,813344,fan,,,,,,,
340,27,14,940142,940142,940142,fan,,,,,,,
340,28,14,1006516,1006516,1006516,fan,,,,,,,
340,29,14,1410098,1410098,1410098,baseline,,,,,,,
340,30,15,1227360,1227360,1227360,fan,,,,,,,
340,31,15,1657456,1657456,1657456,baseline,,,,,,,
340,32,16,1478304,1478304,1478304,fan,,,,,,,
340,33,16,1934320,1934320,1934320,baseline,,,,,,,
340,34,17,1760520,1760520,1760520,fan,,,,,,,
340,35,17,2242506,2242492,2242492,guided,0,3,110,1,1827831165,5730,472
340,36,18,2076396,2076396,2076396,fan,,,,,,,
340,37,18,2583814,2583750,2583750,guided,0,1,110,1,2161975631,5795,427
340,38,18,3166644,3166644,3166644,baseline,,,,,,,
340,39,19,2959938,2959862,2959862,guided,0,3,110,1,2533755955,5681,420
340,40,19,3574296,3574296,3574296,baseline,,,,,,,
340,41,20,3372744,3372576,3372576,guided,0,1,110,1,2946725641,4969,260
340,42,20,4018472,4018472,4018472,baseline,,,,,,,
340,43,21,3823838,3823630,3823630,guided,0,3,110,1,3409751451,4456,248
340,44,21,4500864,4500864,4500864,baseline,,,,,,,
340,45,22,4315106,4314738,4314738,guided,0,1,110,1,3906932102,4582,260
340,46,22,5023232,5023232,5023232,baseline,,,,,,,
340,47,22,5759658,5759658,5759658,baseline,,,,,,,
340,48,23,5587240,5587232,5587232,guided,1,3,110,1,4558446338,4954,552
340,49,23,6355972,6355972,6355972,baseline,,,,,,,
340,50,24,6194644,6194596,6194596,guided,0,3,110,1,5157155515,4963,585
340,51,24,6995516,6995516,6995516,baseline,,,,,,,
340,52,25,6847080,6846944,6846944,guided,0,3,110,1,5825057646,5106,586
340,53,25,7679984,7679984,7679984,baseline,,,,,,,
340,54,25,8532536,8532536,8532536,baseline,,,,,,,
340,55,26,8411030,8411030,8411030,baseline,,,,,,,
340,56,26,9296260,9296260,9296260,baseline,,,,,,,
340,57,27,9190304,9190290,9190290,deep,0,1,110,1,29579830219,14145,1500
340,58,27,10108056,10108056,10108056,baseline,,,,,,,
340,59,28,10019468,10019384,10019384,deep,0,1,110,1,32912768536,13940,1158
340,60,28,10969568,10969568,10969568,baseline,,,,,,,
340,61,28,11944280,11944280,11944280,baseline,,,,,,,
340,62,29,11882392,11882392,11882392,baseline,,,,,,,
340,63,29,12890096,12890096,12890096,baseline,,,,,,,
340,64,30,12848168,12848168,12848168,baseline,,,,,,,
340,65,30,13888714,13888714,13888714,baseline,,,,,,,
340,66,30,14946340,14946340,14946340,baseline,,,,,,,
340,67,31,14941726,14941726,14941726,baseline,,,,,,,
340,68,31,16032592,16032592,16032592,baseline,,,,,,,
341,1,1,341,341,341,fan,,,,,,,
341,2,1,682,682,682,fan,,,,,,,
341,3,2,3063,3063,3063,fan,,,,,,,
341,4,2,4762,4762,4762,fan,,,,,,,
341,5,3,10194,10194,10194,fan,,,,,,,
341,6,3,13584,13584,13584,fan,,,,,,,
341,7,4,23742,23742,23742,fan,,,,,,,
341,8,4,29824,29824,29824,fan,,,,,,,
341,9,5,45703,45703,45703,fan,,,,,,,
341,10,5,54802,54802,54802,fan,,,,,,,
341,11,6,78053,78053,78053,fan,,,,,,,
341,12,6,91154,91154,91154,fan,,,,,,,
341,13,7,122756,122756,122756,fan,,,,,,,
341,14,7,140176,140176,140176,fan,,,,,,,
341,15,8,181756,181756,181756,fan,,,,,,,
341,16,8,204464,204464,204464,fan,,,,,,,
341,17,9,256985,256985,256985,fan,,,,,,,
341,18,9,285290,285290,285290,fan,,,,,,,
341,19,10,350355,350355,350355,fan,,,,,,,
341,20,10,385210,385210,385210,fan,,,,,,,
341,21,11,463766,463766,463766,fan,,,,,,,
341,22,11,505472,505472,505472,fan,,,,,,,
341,23,12,599098,599098,599098,fan,,,,,,,
341,24,12,648592,648592,648592,fan,,,,,,,
341,25,13,758219,758219,758219,fan,,,,,,,
341,26,13,815794,815794,815794,fan,,,,,,,
341,27,14,942977,942977,942977,fan,,,,,,,
341,28,14,1009554,1009554,1009554,fan,,,,,,,
341,29,14,1415564,1415564,1415564,baseline,,,,,,,
341,30,15,1231072,1231072,1231072,fan,,,,,,,
341,31,15,1663760,1663760,1663760,baseline,,,,,,,
341,32,16,1482784,1482784,1482784,fan,,,,,,,
341,33,16,1941556,1941556,1941556,baseline,,,,,,,
341,34,17,1765866,1765866,1765866,fan,,,,,,,
341,35,17,2250773,2250756,2250756,guided,0,1,110,1,2747074907,8651,740
341,36,18,2082714,2082714,2082714,fan,,,,,,,
341,37,18,2593205,2593147,2593147,guided,0,1,110,1,3250683512,8740,643
341,38,18,3179396,3179396,3179396,baseline,,,,,,,
341,39,19,2970585,2970501,2970501,guided,0,1,110,1,3809284006,8603,636
341,40,19,3588496,3588496,3588496,baseline,,,,,,,
341,41,20,3384734,3384575,3384575,guided,0,1,110,1,4428901819,7576,423
341,42,20,4034198,4034198,4034198,baseline,,,,,,,
341,43,21,3837327,3837109,3837109,guided,0,1,110,1,5122952552,6695,372
341,44,21,4518278,4518278,4518278,baseline,,,,,,,
341,45,22,4330208,4329826,4329826,guided,3,2,110,1,5871855105,7326,945
341,46,22,5042420,5042420,5042420,baseline,,,,,,,
341,47,22,5783104,5783104,5783104,baseline,,,,,,,
341,48,23,5608378,5608372,5608372,guided,1,3,110,1,4569942525,4949,551
341,49,23,6381537,6381537,6381537,baseline,,,,,,,
341,50,24,6217818,6217782,6217782,guided,0,3,110,1,5171475645,4917,525
341,51,24,7023343,7023343,7023343,baseline,,,,,,,
341,52,25,6872484,6872370,6872370,guided,0,3,110,1,5836239995,5113,585
341,53,25,7710210,7710210,7710210,baseline,,,,,,,
341,54,25,8567664,8567664,8567664,baseline,,,,,,,
341,55,26,8443807,8443807,8443807,baseline,,,,,,,
341,56,26,9334142,9334142,9334142,baseline,,,,,,,
341,57,27,9225795,9225778,9225778,deep,0,1,110,1,44502060771,21327,2211
341,58,27,10148846,10148846,10148846,baseline,,,,,,,
341,59,28,10057818,10057748,10057748,deep,0,1,110,1,49493000557,21201,1862
341,60,28,11013436,11013436,11013436,baseline,,,,,,,
341,61,28,11993750,11993750,11993750,baseline,,,,,,,
341,62,29,11929496,11929496,11929496,baseline,,,,,,,
341,63,29,12943009,12943009,12943009,baseline,,,,,,,
341,64,30,12898686,12898678,12898678,guided,1,3,110,1,10297386159,5908,812
341,65,30,13945230,13945230,13945230,baseline,,,,,,,
341,66,30,15008904,15008904,15008904,baseline,,,,,,,
341,67,31,15002027,15002027,15002027,baseline,,,,,,,
341,68,31,16099162,16099162,16099162,baseline,,,,,,,
342,1,1,342,342,342,fan,,,,,,,
342,2,1,684,684,684,fan,,,,,,,
342,3,2,3072,3072,3072,fan,,,,,,,
342,4,2,4776,4776,4776,fan,,,,,,,
342,5,3,10224,10224,10224,fan,,,,,,,
342,6,3,13624,13624,13624,fan,,,,,,,
342,7,4,23812,23812,23812,fan,,,,,,,
342,8,4,29912,29912,29912,fan,,,,,,,
342,9,5,45838,45838,45838,fan,,,,,,,
342,10,5,54964,54964,54964,fan,,,,,,,
342,11,6,78284,78284,78284,fan,,,,,,,
342,12,6,91424,91424,91424,fan,,,,,,,
342,13,7,123120,123120,123120,fan,,,,,,,
342,14,7,140592,140592,140592,fan,,,,,,,
342,15,8,182296,182296,182296,fan,,,,,,,
342,16,8,205072,205072,205072,fan,,,,,,,
342,17,9,257750,257750,257750,fan,,,,,,,
342,18,9,286140,286140,286140,fan,,,,,,,
342,19,10,351400,351400,351400,fan,,,,,,,
342,20,10,386360,386360,386360,fan,,,,,,,
342,21,11,465152,465152,465152,fan,,,,,,,
342,22,11,506984,506984,506984,fan,,,,,,,
342,23,12,600892,600892,600892,fan,,,,,,,
342,24,12,650536,650536,650536,fan,,,,,,,
342,25,13,760494,760494,760494,fan,,,,,,,
342,26,13,818244,818244,818244,fan,,,,,,,
342,27,14,945812,945812,945812,fan,,,,,,,
342,28,14,1012592,1012592,1012592,fan,,,,,,,
342,29,14,1421030,1421030,1421030,baseline,,,,,,,
342,30,15,1234784,1234784,1234784,fan,,,,,,,
342,31,15,1670064,1670064,1670064,baseline,,,,,,,
342,32,16,1487264,1487264,1487264,fan,,,,,,,
342,33,16,1948792,1948792,1948792,baseline,,,,,,,
342,34,17,1771212,1771212,1771212,fan,,,,,,,
342,35,17,2259040,2259020,2259020,guided,0,3,110,1,1838090378,5779,536
342,36,18,2089032,2089032,2089032,fan,,,,,,,
342,37,18,2602596,2602544,2602544,guided,0,3,110,1,2174701393,5828,427
342,38,18,3192184,3192184,3192184,baseline,,,,,,,
342,39,19,2981232,2981140,2981140,guided,0,3,110,1,2548855097,5706,411
342,40,19,3602696,3602696,3602696,baseline,,,,,,,
342,41,20,3396724,3396574,3396574,guided,0,3,110,1,2963555892,5054,287
342,42,20,4049964,4049964,4049964,baseline,,,,,,,
342,43,21,3850816,3850588,3850588,guided,0,3,110,1,3427455863,4472,248
342,44,21,4535692,4535692,4535692,baseline,,,,,,,
342,45,22,4345310,4344914,4344914,guided,3,3,110,1,3927792335,4881,609
342,46,22,5061652,5061652,5061652,baseline,,,,,,,
342,47,22,5806578,5806578,5806578,baseline,,,,,,,
342,48,23,5629516,5629512,5629512,guided,1,3,110,1,4581388590,4944,550
342,49,23,6407136,6407136,6407136,baseline,,,,,,,
342,50,24,6241040,6241016,6241016,guided,0,3,110,1,5188420998,4900,495
342,51,24,7051204,7051204,7051204,baseline,,,,,,,
342,52,25,6897888,6897796,6897796,guided,0,3,110,1,5847531094,5120,584
342,53,25,7740472,7740472,7740472,baseline,,,,,,,
342,54,25,8602844,8602844,8602844,baseline,,,,,,,
342,55,26,8476624,8476624,8476624,baseline,,,,,,,
342,56,26,9372076,9372076,9372076,baseline,,,,,,,
342,57,27,9261312,9261304,9261304,deep,0,3,110,1,29759567704,14154,1404
342,58,27,10189696,10189696,10189696,baseline,,,,,,,
342,59,28,10096230,10096150,10096150,guided,3,3,110,1,8310231341,5655,774
342,60,28,11057360,11057360,11057360,baseline,,,,,,,
342,61,28,12043292,12043292,12043292,baseline,,,,,,,
342,62,29,11976660,11976660,11976660,baseline,,,,,,,
342,63,29,12995996,12995996,12995996,baseline,,,,,,,
342,64,30,12949256,12949256,12949256,baseline,,,,,,,
342,65,30,14001828,14001828,14001828,baseline,,,,,,,
342,66,30,15071580,15071580,15071580,baseline,,,,,,,
342,67,31,15062408,15062408,15062408,baseline,,,,,,,
342,68,31,16165816,16165816,16165816,baseline,,,,,,,
343,1,1,343,343,343,fan,,,,,,,
343,2,1,686,686,686,fan,,,,,,,
343,3,2,3081,3081,3081,fan,,,,,,,
343,4,2,4790,4790,4790,fan,,,,,,,
343,5,3,10254,10254,10254,fan,,,,,,,
343,6,3,13664,13664,13664,fan,,,,,,,
343,7,4,23882,23882,23882,fan,,,,,,,
343,8,4,30000,30000,30000,fan,,,,,,,
343,9,5,45973,45973,45973,fan,,,,,,,
343,10,5,55126,55126,55126,fan,,,,,,,
343,11,6,78515,78515,78515,fan,,,,,,,
343,12,6,91694,91694,91694,fan,,,,,,,
343,13,7,123484,123484,123484,fan,,,,,,,
343,14,7,141008,141008,141008,fan,,,,,,,
343,15,8,182836,182836,182836,fan,,,,,,,
343,16,8,205680,205680,205680,fan,,,,,,,
343,17,9,258515,258515,258515,fan,,,,,,,
343,18,9,286990,286990,286990,fan,,,,,,,
343,19,10,352445,352445,352445,fan,,,,,,,
343,20,10,387510,387510,387510,fan,,,,,,,
343,21,11,466538,466538,466538,fan,,,,,,,
343,22,11,508496,508496,508496,fan,,,,,,,
343,23,12,602686,602686,602686,fan,,,,,,,
343,24,12,652480,652480,652480,fan,,,,,,,
343,25,13,762769,762769,762769,fan,,,,,,,
343,26,13,820694,820694,820694,fan,,,,,,,
343,27,14,948647,948647,948647,fan,,,,,,,
343,28,14,1015630,1015630,1015630,fan,,,,,,,
343,29,14,1426510,1426510,1426510,baseline,,,,,,,
343,30,15,1238496,1238496,1238496,fan,,,,,,,
343,31,15,1676385,1676385,1676385,baseline,,,,,,,
343,32,16,1491744,1491744,1491744,fan,,,,,,,
343,33,16,1956044,1956044,1956044,baseline,,,,,,,
343,34,17,1776558,1776558,1776558,fan,,,,,,,
343,35,17,2267319,2267302,2267302,guided,0,3,110,1,2760937324,8695,808
343,36,18,2095350,2095350,2095350,fan,,,,,,,
343,37,18,2612005,2611959,2611959,guided,0,3,110,1,3267810962,8804,641
343,38,19,2449280,2449280,2449280,fan,,,,,,,
343,39,19,2991885,2991800,2991800,guided,0,3,110,1,3831589597,8596,599
343,40,19,3616936,3616936,3616936,baseline,,,,,,,
343,41,20,3408734,3408593,3408593,guided,0,3,110,1,4455214770,7827,448
343,42,20,4065732,4065732,4065732,baseline,,,,,,,
343,43,21,3864306,3864089,3864089,guided,0,3,110,1,5152491751,6722,384
343,44,21,4553150,4553150,4553150,baseline,,,,,,,
343,45,22,4360434,4360024,4360024,guided,3,3,110,1,5908236230,7320,882
343,46,22,5080886,5080886,5080886,baseline,,,,,,,
343,47,22,5830091,5830091,5830091,baseline,,,,,,,
343,48,23,5650706,5650700,5650700,guided,1,3,110,1,4593539011,4949,551
343,49,23,6432772,6432772,6432772,baseline,,,,,,,
343,50,24,6264280,6264252,6264252,guided,0,3,110,1,5208836123,4938,539
343,51,24,7079106,7079106,7079106,baseline,,,,,,,
343,52,25,6923372,6923274,6923274,guided,0,3,110,1,5862742729,5120,578
343,53,25,7770780,7770780,7770780,baseline,,,,,,,
343,54,25,8638076,8638076,8638076,baseline,,,,,,,
343,55,26,8509486,8509486,8509486,baseline,,,,,,,
343,56,26,9410066,9410066,9410066,baseline,,,,,,,
343,57,27,9296898,9296881,9296881,deep,0,3,110,1,44753815824,21286,2053
343,58,27,10230598,10230598,10230598,baseline,,,,,,,
343,59,28,10134691,10134603,10134603,guided,3,3,110,1,12483388676,8496,1170
343,60,28,11101344,11101344,11101344,baseline,,,,,,,
343,61,28,12092909,12092909,12092909,baseline,,,,,,,
343,62,29,12023892,12023892,12023892,baseline,,,,,,,
343,63,29,13049061,13049061,13049061,baseline,,,,,,,
343,64,30,12999906,12999898,12999898,guided,1,3,110,1,10354352337,5925,813
343,65,30,14058513,14058513,14058513,baseline,,,,,,,
343,66,30,15134352,15134352,15134352,baseline,,,,,,,
343,67,31,15122884,15122884,15122884,baseline,,,,,,,
343,68,31,16232584,16232584,16232584,baseline,,,,,,,
344,1,1,344,344,344,fan,,,,,,,
344,2,1,688,688,688,fan,,,,,,,
344,3,2,3090,3090,3090,fan,,,,,,,
344,4,2,4804,4804,4804,fan,,,,,,,
344,5,3,10284,10284,10284,fan,,,,,,,
344,6,3,13704,13704,13704,fan,,,,,,,
344,7,4,23952,23952,23952,fan,,,,,,,
344,8,4,30088,30088,30088,fan,,,,,,,
344,9,5,46108,46108,46108,fan,,,,,,,
344,10,5,55288,55288,55288,fan,,,,,,,
344,11,6,78746,78746,78746,fan,,,,,,,
344,12,6,91964,91964,91964,fan,,,,,,,
344,13,7,123848,123848,123848,fan,,,,,,,
344,14,7,141424,141424,141424,fan,,,,,,,
344,15,8,183376,183376,183376,fan,,,,,,,
344,16,8,206288,206288,206288,fan,,,,,,,
344,17,9,259280,259280,259280,fan,,,,,,,
344,18,9,287840,287840,287840,fan,,,,,,,
344,19,10,353490,353490,353490,fan,,,,,,,
344,20,10,388660,388660,388660,fan,,,,,,,
344,21,11,467924,467924,467924,fan,,,,,,,
344,22,11,510008,510008,510008,fan,,,,,,,
344,23,12,604480,604480,604480,fan,,,,,,,
344,24,12,654424,654424,654424,fan,,,,,,,
344,25,13,765044,765044,765044,fan,,,,,,,
344,26,13,823144,823144,823144,fan,,,,,,,
344,27,14,951482,951482,951482,fan,,,,,,,
344,28,14,1018668,1018668,1018668,fan,,,,,,,
344,29,14,1431990,1431990,1431990,baseline,,,,,,,
344,30,15,1242208,1242208,1242208,fan,,,,,,,
344,31,15,1682706,1682706,1682706,baseline,,,,,,,
344,32,16,1496224,1496224,1496224,fan,,,,,,,
344,33,16,1963296,1963296,1963296,baseline,,,,,,,
344,34,17,1781904,1781904,1781904,fan,,,,,,,
344,35,17,2275598,2275584,2275584,guided,0,3,110,1,1849360684,5801,540
344,36,18,2101668,2101668,2101668,fan,,,,,,,
344,37,18,2621414,2621374,2621374,guided,0,1,110,1,2185657198,5857,426
344,38,19,2456680,2456680,2456680,fan,,,,,,,
344,39,19,3002538,3002460,3002460,guided,0,3,110,1,2562637677,5722,392
344,40,19,3631176,3631176,3631176,baseline,,,,,,,
344,41,20,3420744,3420612,3420612,guided,0,1,110,1,2981047686,5153,310
344,42,20,4081540,4081540,4081540,baseline,,,,,,,
344,43,21,3877796,3877590,3877590,guided,0,3,110,1,3446165380,4489,260
344,44,21,4570608,4570608,4570608,baseline,,,,,,,
344,45,22,4375540,4375134,4375134,guided,3,2,110,1,3949392840,4866,546
344,46,22,5100164,5100164,5100164,baseline,,,,,,,
344,47,22,5853634,5853634,5853634,baseline,,,,,,,
344,48,23,5671896,5671888,5671888,guided,1,3,110,1,4605643462,4954,552
344,49,23,6458442,6458442,6458442,baseline,,,,,,,
344,50,24,6287568,6287536,6287536,guided,0,3,110,1,5220931037,4961,571
344,51,24,7107040,7107040,7107040,baseline,,,,,,,
344,52,25,6948856,6948752,6948752,guided,0,3,110,1,5893484244,5126,572
344,53,25,7801124,7801124,7801124,baseline,,,,,,,
344,54,25,8673360,8673360,8673360,baseline,,,,,,,
344,55,26,8542386,8542386,8542386,baseline,,,,,,,
344,56,26,9448108,9448108,9448108,baseline,,,,,,,
344,57,27,9332510,9332496,9332496,deep,0,1,110,1,29934543726,14001,1225
344,58,27,10271560,10271560,10271560,baseline,,,,,,,
344,59,28,10173160,10173096,10173096,deep,0,1,110,1,33298892370,14085,1207
344,60,28,11145384,11145384,11145384,baseline,,,,,,,
344,61,28,12142596,12142596,12142596,baseline,,,,,,,
344,62,29,12071184,12071184,12071184,baseline,,,,,,,
344,63,29,13102200,13102200,13102200,baseline,,,,,,,
344,64,30,13050608,13050608,13050608,baseline,,,,,,,
344,65,30,14115278,14115278,14115278,baseline,,,,,,,
344,66,30,15197236,15197236,15197236,baseline,,,,,,,
344,67,31,15183440,15183440,15183440,baseline,,,,,,,
344,68,31,16299444,16299444,16299444,baseline,,,,,,,
345,1,1,345,345,345,fan,,,,,,,
345,2,1,690,690,690,fan,,,,,,,
345,3,2,3099,3099,3099,fan,,,,,,,
345,4,2,4818,4818,4818,fan,,,,,,,
345,5,3,10314,10314,10314,fan,,,,,,,
345,6,3,13744,13744,13744,fan,,,,,,,
345,7,4,24022,24022,24022,fan,,,,,,,
345,8,4,30176,30176,30176,fan,,,,,,,
345,9,5,46243,46243,46243,fan,,,,,,,
345,10,5,55450,55450,55450,fan,,,,,,,
345,11,6,78977,78977,78977,fan,,,,,,,
345,12,6,92234,92234,92234,fan,,,,,,,
345,13,7,124212,124212,124212,fan,,,,,,,
345,14,7,141840,141840,141840,fan,,,,,,,
345,15,8,183916,183916,183916,fan,,,,,,,
345,16,8,206896,206896,206896,fan,,,,,,,
345,17,9,260045,260045,260045,fan,,,,,,,
345,18,9,288690,288690,288690,fan,,,,,,,
345,19,10,354535,354535,354535,fan,,,,,,,
345,20,10,389810,389810,389810,fan,,,,,,,
345,21,11,469310,469310,469310,fan,,,,,,,
345,22,11,511520,511520,511520,fan,,,,,,,
345,23,12,606274,606274,606274,fan,,,,,,,
345,24,12,656368,656368,656368,fan,,,,,,,
345,25,13,767319,767319,767319,fan,,,,,,,
345,26,13,825594,825594,825594,fan,,,,,,,
345,27,14,954317,954317,954317,fan,,,,,,,
345,28,14,1021706,1021706,1021706,fan,,,,,,,
345,29,14,1437484,1437484,1437484,baseline,,,,,,,
345,30,15,1245920,1245920,1245920,fan,,,,,,,
345,31,15,1689042,1689042,1689042,baseline,,,,,,,
345,32,16,1500704,1500704,1500704,fan,,,,,,,
345,33,16,1970565,1970565,1970565,baseline,,,,,,,
345,34,17,1787250,1787250,1787250,fan,,,,,,,
345,35,17,2283894,2283883,2283883,guided,0,1,110,1,2778199605,8753,812
345,36,18,2107986,2107986,2107986,fan,,,,,,,
345,37,18,2630844,2630809,2630809,guided,0,1,110,1,3286693076,8839,658
345,38,19,2464080,2464080,2464080,fan,,,,,,,
345,39,19,3013210,3013139,3013139,guided,0,1,110,1,3853494472,8658,581
345,40,19,3645454,3645454,3645454,baseline,,,,,,,
345,41,20,3432790,3432652,3432652,guided,0,1,110,1,4481137083,7879,463
345,42,20,4097348,4097348,4097348,baseline,,,,,,,
345,43,21,3891307,3891112,3891112,guided,0,1,110,1,5180046154,6748,396
345,44,21,4588108,4588108,4588108,baseline,,,,,,,
345,45,22,4390664,4390268,4390268,guided,3,2,110,2,5946899573,6783,490
345,46,22,5119442,5119442,5119442,baseline,,,,,,,
345,47,22,5877215,5877215,5877215,baseline,,,,,,,
345,48,23,5693128,5693122,5693122,guided,1,3,110,1,4619535561,4956,552
345,49,23,6484150,6484150,6484150,baseline,,,,,,,
345,50,24,6310844,6310820,6310820,guided,3,3,110,1,5233260136,5221,825
345,51,24,7135017,7135017,7135017,baseline,,,,,,,
345,52,25,6974366,6974280,6974280,guided,0,3,110,1,5903797614,5135,590
345,53,25,7831514,7831514,7831514,baseline,,,,,,,
345,54,25,8708696,8708696,8708696,baseline,,,,,,,
345,55,26,8575334,8575334,8575334,baseline,,,,,,,
345,56,26,9486206,9486206,9486206,baseline,,,,,,,
345,57,27,9368170,9368159,9368159,deep,0,1,110,1,45021965445,21099,1827
345,58,27,10312574,10312574,10312574,baseline,,,,,,,
345,59,28,10211686,10211640,10211640,deep,0,1,110,1,50073129890,21254,1742
345,60,28,11189484,11189484,11189484,baseline,,,,,,,
345,61,28,12192360,12192360,12192360,baseline,,,,,,,
345,62,29,12118536,12118536,12118536,baseline,,,,,,,
345,63,29,13155415,13155415,13155415,baseline,,,,,,,
345,64,30,13101390,13101382,13101382,guided,1,3,110,1,10414944115,5936,818
345,65,30,14172123,14172123,14172123,baseline,,,,,,,
345,66,30,15260214,15260214,15260214,baseline,,,,,,,
345,67,31,15244088,15244088,15244088,baseline,,,,,,,
345,68,31,16366424,16366424,16366424,baseline,,,,,,,
345,69,32,16372933,16372933,16372933,baseline,,,,,,,
346,1,1,346,346,346,fan,,,,,,,
346,2,1,692,692,692,fan,,,,,,,
346,3,2,3108,3108,3108,fan,,,,,,,
346,4,2,4832,4832,4832,fan,,,,,,,
346,5,3,10344,10344,10344,fan,,,,,,,
346,6,3,13784,13784,13784,fan,,,,,,,
346,7,4,24092,24092,24092,fan,,,,,,,
346,8,4,30264,30264,30264,fan,,,,,,,
346,9,5,46378,46378,46378,fan,,,,,,,
346,10,5,55612,55612,55612,fan,,,,,,,
346,11,6,79208,79208,79208,fan,,,,,,,
346,12,6,92504,92504,92504,fan,,,,,,,
346,13,7,124576,124576,124576,fan,,,,,,,
346,14,7,142256,142256,142256,fan,,,,,,,
346,15,8,184456,184456,184456,fan,,,,,,,
346,16,8,207504,207504,207504,fan,,,,,,,
346,17,9,260810,260810,260810,fan,,,,,,,
346,18,9,289540,289540,289540,fan,,,,,,,
346,19,10,355580,355580,355580,fan,,,,,,,
346,20,10,390960,390960,390960,fan,,,,,,,
346,21,11,470696,470696,470696,fan,,,,,,,
346,22,11,513032,513032,513032,fan,,,,,,,
346,23,12,608068,608068,608068,fan,,,,,,,
346,24,12,658312,658312,658312,fan,,,,,,,
346,25,13,769594,769594,769594,fan,,,,,,,
346,26,13,828044,828044,828044,fan,,,,,,,
346,27,14,957152,957152,957152,fan,,,,,,,
346,28,14,1024744,1024744,1024744,fan,,,,,,,
346,29,14,1442978,1442978,1442978,baseline,,,,,,,
346,30,15,1249632,1249632,1249632,fan,,,,,,,
346,31,15,1695378,1695378,1695378,baseline,,,,,,,
346,32,16,1505184,1505184,1505184,fan,,,,,,,
346,33,16,1977834,1977834,1977834,baseline,,,,,,,
346,34,17,1792596,1792596,1792596,fan,,,,,,,
346,35,17,2292190,2292182,2292182,guided,0,3,110,1,1859108388,5826,544
346,36,18,2114304,2114304,2114304,fan,,,,,,,
346,37,18,2640274,2640244,2640244,guided,0,3,110,1,2200560422,5900,445
346,38,19,2471480,2471480,2471480,fan,,,,,,,
346,39,19,3023882,3023818,3023818,guided,0,3,110,1,2577395420,5738,370
346,40,19,3659732,3659732,3659732,baseline,,,,,,,
346,41,20,3444836,3444692,3444692,guided,0,3,110,1,2998127946,5268,305
346,42,20,4113196,4113196,4113196,baseline,,,,,,,
346,43,21,3904818,3904634,3904634,guided,0,3,110,1,3465929405,4506,272
346,44,21,4605608,4605608,4605608,baseline,,,,,,,
346,45,22,4405788,4405402,4405402,guided,2,3,110,1,3979120222,4681,339
346,46,22,5138764,5138764,5138764,baseline,,,,,,,
346,47,22,5900826,5900826,5900826,baseline,,,,,,,
346,48,23,5714360,5714356,5714356,guided,1,3,110,1,4633392732,4958,552
346,49,23,6509890,6509890,6509890,baseline,,,,,,,
346,50,24,6334168,6334152,6334152,guided,3,3,110,1,5254299808,5234,828
346,51,24,7163026,7163026,7163026,baseline,,,,,,,
346,52,25,6999876,6999808,6999808,guided,0,3,110,1,5914076744,5144,608
346,53,25,7861938,7861938,7861938,baseline,,,,,,,
346,54,25,8744084,8744084,8744084,baseline,,,,,,,
346,55,26,8608320,8608320,8608320,baseline,,,,,,,
346,56,26,9524356,9524356,9524356,baseline,,,,,,,
346,57,27,9403882,9403862,9403862,deep,0,3,110,1,30114560649,14155,1401
346,58,27,10353648,10353648,10353648,baseline,,,,,,,
346,59,28,10250276,10250224,10250224,deep,0,3,110,1,33485049840,14206,1316
346,60,28,11233640,11233640,11233640,baseline,,,,,,,
346,61,28,12242194,12242194,12242194,baseline,,,,,,,
346,62,29,12165948,12165948,12165948,baseline,,,,,,,
346,63,29,13208706,13208706,13208706,baseline,,,,,,,
346,64,30,13152224,13152224,13152224,baseline,,,,,,,
346,65,30,14229044,14229044,14229044,baseline,,,,,,,
346,66,30,15323304,15323304,15323304,baseline,,,,,,,
346,67,31,15304818,15304818,15304818,baseline,,,,,,,
346,68,31,16433496,16433496,16433496,baseline,,,,,,,
346,69,32,16437648,16437648,16437648,baseline,,,,,,,
347,1,1,347,347,347,fan,,,,,,,
347,2,1,694,694,694,fan,,,,,,,
347,3,2,3117,3117,3117,fan,,,,,,,
347,4,2,4846,4846,4846,fan,,,,,,,
347,5,3,10374,10374,10374,fan,,,,,,,
347,6,3,13824,13824,13824,fan,,,,,,,
347,7,4,24162,24162,24162,fan,,,,,,,
347,8,4,30352,30352,30352,fan,,,,,,,
347,9,5,46513,46513,46513,fan,,,,,,,
347,10,5,55774,55774,55774,fan,,,,,,,
347,11,6,79439,79439,79439,fan,,,,,,,
347,12,6,92774,92774,92774,fan,,,,,,,
347,13,7,124940,124940,124940,fan,,,,,,,
347,14,7,142672,142672,142672,fan,,,,,,,
347,15,8,184996,184996,184996,fan,,,,,,,
347,16,8,208112,208112,208112,fan,,,,,,,
347,17,9,261575,261575,261575,fan,,,,,,,
347,18,9,290390,290390,290390,fan,,,,,,,
347,19,10,356625,356625,356625,fan,,,,,,,
347,20,10,392110,392110,392110,fan,,,,,,,
347,21,11,472082,472082,472082,fan,,,,,,,
347,22,11,514544,514544,514544,fan,,,,,,,
347,23,12,609862,609862,609862,fan,,,,,,,
347,24,12,660256,660256,660256,fan,,,,,,,
347,25,13,771869,771869,771869,fan,,,,,,,
347,26,13,830494,830494,830494,fan,,,,,,,
347,27,14,959987,959987,959987,fan,,,,,,,
347,28,14,1027782,1027782,1027782,fan,,,,,,,
347,29,14,1448486,1448486,1448486,baseline,,,,,,,
347,30,15,1253344,1253344,1253344,fan,,,,,,,
347,31,15,1701730,1701730,1701730,baseline,,,,,,,
347,32,16,1509664,1509664,1509664,fan,,,,,,,
347,33,16,1985119,1985119,1985119,baseline,,,,,,,
347,34,17,1797942,1797942,1797942,fan,,,,,,,
347,35,17,2300506,2300500,2300500,guided,0,3,110,1,2796120825,8757,795
347,36,18,2120622,2120622,2120622,fan,,,,,,,
347,37,18,2649722,2649697,2649697,guided,0,3,110,1,3305541020,8909,677
347,38,19,2478880,2478880,2478880,fan,,,,,,,
347,39,19,3034589,3034517,3034517,guided,0,3,110,1,3876687078,8663,559
347,40,19,3674050,3674050,3674050,baseline,,,,,,,
347,41,20,3456902,3456752,3456752,guided,0,3,110,1,4507193940,8051,461
347,42,20,4129046,4129046,4129046,baseline,,,,,,,
347,43,21,3918370,3918179,3918179,guided,0,3,110,1,5211457787,6785,405
347,44,21,4623152,4623152,4623152,baseline,,,,,,,
347,45,22,4420925,4420558,4420558,guided,2,3,110,1,5979796540,7025,492
347,46,22,5158088,5158088,5158088,baseline,,,,,,,
347,47,22,5924476,5924476,5924476,baseline,,,,,,,
347,48,23,5735644,5735638,5735638,guided,1,3,110,1,4648733832,4967,554
347,49,23,6535670,6535670,6535670,baseline,,,,,,,
347,50,24,6357506,6357486,6357486,guided,3,3,110,1,5267996809,5237,828
347,51,25,6191678,6190762,6190762,deep,0,3,110,1,34797184445,24331,1011
347,52,25,7025442,7025388,7025388,guided,0,3,110,1,5941035038,5144,608
347,53,25,7892405,7892405,7892405,baseline,,,,,,,
347,54,25,8779524,8779524,8779524,baseline,,,,,,,
347,55,26,8641351,8641351,8641351,baseline,,,,,,,
347,56,26,9562562,9562562,9562562,baseline,,,,,,,
347,57,27,9439624,9439613,9439613,deep,0,3,110,1,45287438661,21305,1994
347,58,27,10394774,10394774,10394774,baseline,,,,,,,
347,59,28,10288917,10288859,10288859,deep,0,3,110,1,50378107512,21534,2034
347,60,28,11277856,11277856,11277856,baseline,,,,,,,
347,61,28,12292103,12292103,12292103,baseline,,,,,,,
347,62,29,12213420,12213420,12213420,baseline,,,,,,,
347,63,29,13262072,13262072,13262072,baseline,,,,,,,
347,64,30,13203130,13203130,13203130,baseline,,,,,,,
347,65,30,14286046,14286046,14286046,baseline,,,,,,,
347,66,30,15386490,15386490,15386490,baseline,,,,,,,
347,67,31,15365638,15365638,15365638,baseline,,,,,,,
347,68,31,16500690,16500690,16500690,baseline,,,,,,,
347,69,32,16502456,16502456,16502456,baseline,,,,,,,
348,1,1,348,348,348,fan,,,,,,,
348,2,1,696,696,696,fan,,,,,,,
348,3,2,3126,3126,3126,fan,,,,,,,
348,4,2,4860,4860,4860,fan,,,,,,,
348,5,3,10404,10404,10404,fan,,,,,,,
348,6,3,13864,13864,13864,fan,,,,,,,
348,7,4,24232,24232,24232,fan,,,,,,,
348,8,4,30440,30440,30440,fan,,,,,,,
348,9,5,46648,46648,46648,fan,,,,,,,
348,10,5,55936,55936,55936,fan,,,,,,,
348,11,6,79670,79670,79670,fan,,,,,,,
348,12,6,93044,93044,93044,fan,,,,,,,
348,13,7,125304,125304,125304,fan,,,,,,,
348,14,7,143088,143088,143088,fan,,,,,,,
348,15,8,185536,185536,185536,fan,,,,,,,
348,16,8,208720,208720,208720,fan,,,,,,,
348,17,9,262340,262340,262340,fan,,,,,,,
348,18,9,291240,291240,291240,fan,,,,,,,
348,19,10,357670,357670,357670,fan,,,,,,,
348,20,10,393260,393260,393260,fan,,,,,,,
348,21,11,473468,473468,473468,fan,,,,,,,
348,22,11,516056,516056,516056,fan,,,,,,,
348,23,12,611656,611656,611656,fan,,,,,,,
348,24,12,662200,662200,662200,fan,,,,,,,
348,25,13,774144,774144,774144,fan,,,,,,,
348,26,13,832944,832944,832944,fan,,,,,,,
348,27,14,962822,962822,962822,fan,,,,,,,
348,28,14,1030820,1030820,1030820,fan,,,,,,,
348,29,14,1453994,1453994,1453994,baseline,,,,,,,
348,30,15,1257056,1257056,1257056,fan,,,,,,,
348,31,15,1708082,1708082,1708082,baseline,,,,,,,
348,32,16,1514144,1514144,1514144,fan,,,,,,,
348,33,16,1992404,1992404,1992404,baseline,,,,,,,
348,34,17,1803288,1803288,1803288,fan,,,,,,,
348,35,17,2308822,2308818,2308818,guided,0,3,110,1,1869613120,5829,523
348,36,18,2126940,2126940,2126940,fan,,,,,,,
348,37,18,2659170,2659150,2659150,guided,0,1,110,1,2211205733,5934,464
348,38,19,2486280,2486280,2486280,fan,,,,,,,
348,39,19,3045296,3045216,3045216,guided,0,3,110,1,2592775834,5773,374
348,40,19,3688368,3688368,3688368,baseline,,,,,,,
348,41,20,3468968,3468812,3468812,guided,0,1,110,1,3016255619,5313,296
348,42,20,4144936,4144936,4144936,baseline,,,,,,,
348,43,21,3931922,3931724,3931724,guided,0,3,110,1,3486165286,4535,269
348,44,21,4640696,4640696,4640696,baseline,,,,,,,
348,45,22,4436062,4435714,4435714,guided,0,1,110,1,4000936010,4664,300
348,46,22,5177456,5177456,5177456,baseline,,,,,,,
348,47,22,5948154,5948154,5948154,baseline,,,,,,,
348,48,23,5756928,5756920,5756920,guided,1,3,110,1,4664141636,4976,556
348,49,23,6561482,6561482,6561482,baseline,,,,,,,
348,50,24,6380892,6380868,6380868,guided,0,3,110,1,5277820966,4985,574
348,51,24,7219160,7219160,7219160,baseline,,,,,,,
348,52,25,7051008,7050968,7050968,guided,0,3,110,1,5952606844,5138,608
348,53,25,7922906,7922906,7922906,baseline,,,,,,,
348,54,25,8815016,8815016,8815016,baseline,,,,,,,
348,55,26,8674422,8674422,8674422,baseline,,,,,,,
348,56,26,9600820,9600820,9600820,baseline,,,,,,,
348,57,27,9475418,9475404,9475404,guided,1,1,110,1,7590827955,5572,767
348,58,27,10435960,10435960,10435960,baseline,,,,,,,
348,59,28,10327572,10327532,10327532,deep,0,1,110,1,33682046766,14083,1010
348,60,28,11322128,11322128,11322128,baseline,,,,,,,
348,61,28,12342084,12342084,12342084,baseline,,,,,,,
348,62,29,12260952,12260952,12260952,baseline,,,,,,,
348,63,29,13315514,13315514,13315514,baseline,,,,,,,
348,64,30,13254096,13254096,13254096,baseline,,,,,,,
348,65,30,14343122,14343122,14343122,baseline,,,,,,,
348,66,30,15449780,15449780,15449780,baseline,,,,,,,
348,67,31,15426532,15426532,15426532,baseline,,,,,,,
348,68,31,16567976,16567976,16567976,baseline,,,,,,,
348,69,32,16567348,16567348,16567348,baseline,,,,,,,
349,1,1,349,349,349,fan,,,,,,,
349,2,1,698,698,698,fan,,,,,,,
349,3,2,3135,3135,3135,fan,,,,,,,
349,4,2,4874,4874,4874,fan,,,,,,,
349,5,3,10434,10434,10434,fan,,,,,,,
349,6,3,13904,13904,13904,fan,,,,,,,
349,7,4,24302,24302,24302,fan,,,,,,,
349,8,4,30528,30528,30528,fan,,,,,,,
349,9,5,46783,46783,46783,fan,,,,,,,
349,10,5,56098,56098,56098,fan,,,,,,,
349,11,6,79901,79901,79901,fan,,,,,,,
349,12,6,93314,93314,93314,fan,,,,,,,
349,13,7,125668,125668,125668,fan,,,,,,,
349,14,7,143504,143504,143504,fan,,,,,,,
349,15,8,186076,186076,186076,fan,,,,,,,
349,16,8,209328,209328,209328,fan,,,,,,,
349,17,9,263105,263105,263105,fan,,,,,,,
349,18,9,292090,292090,292090,fan,,,,,,,
349,19,10,358715,358715,358715,fan,,,,,,,
349,20,10,394410,394410,394410,fan,,,,,,,
349,21,11,474854,474854,474854,fan,,,,,,,
349,22,11,517568,517568,517568,fan,,,,,,,
349,23,12,613450,613450,613450,fan,,,,,,,
349,24,12,664144,664144,664144,fan,,,,,,,
349,25,13,776419,776419,776419,fan,,,,,,,
349,26,13,835394,835394,835394,fan,,,,,,,
349,27,14,965657,965657,965657,fan,,,,,,,
349,28,14,1033858,1033858,1033858,fan,,,,,,,
349,29,14,1459517,1459517,1459517,baseline,,,,,,,
349,30,15,1260768,1260768,1260768,fan,,,,,,,
349,31,15,1714449,1714449,1714449,baseline,,,,,,,
349,32,16,1518624,1518624,1518624,fan,,,,,,,
349,33,16,1999707,1999707,1999707,baseline,,,,,,,
349,34,17,1808634,1808634,1808634,fan,,,,,,,
349,35,17,2317155,2317153,2317153,guided,0,1,110,1,2813034641,8781,774
349,36,18,2133258,2133258,2133258,fan,,,,,,,
349,37,18,2668647,2668622,2668622,guided,0,1,110,1,3326130306,8953,742
349,38,19,2493680,2493680,2493680,fan,,,,,,,
349,39,19,3056022,3055934,3055934,guided,0,1,110,1,3899055686,8753,570
349,40,19,3702724,3702724,3702724,baseline,,,,,,,
349,41,20,3481044,3480894,3480894,guided,0,1,110,1,4532572900,8043,465
349,42,20,4160826,4160826,4160826,baseline,,,,,,,
349,43,21,3945495,3945290,3945290,guided,0,1,110,1,5240504202,6826,402
349,44,21,4658282,4658282,4658282,baseline,,,,,,,
349,45,22,4451224,4450893,4450893,deep,0,1,110,1,23984996279,27028,835
349,46,22,5196824,5196824,5196824,baseline,,,,,,,
349,47,22,5971873,5971873,5971873,baseline,,,,,,,
349,48,23,5778254,5778248,5778248,guided,1,3,110,1,4676001594,4974,555
349,49,23,6587332,6587332,6587332,baseline,,,,,,,
349,50,24,6404270,6404250,6404250,guided,3,3,110,1,5300307478,5244,829
349,51,25,6233271,6232427,6232427,deep,0,1,110,1,35002054920,24503,1020
349,52,25,7076644,7076598,7076598,guided,0,3,110,1,5971839015,5120,572
349,53,25,7953451,7953451,7953451,baseline,,,,,,,
349,54,25,8850560,8850560,8850560,baseline,,,,,,,
349,55,26,8707538,8707538,8707538,baseline,,,,,,,
349,56,26,9639134,9639134,9639134,baseline,,,,,,,
349,57,27,9511260,9511243,9511243,guided,1,1,110,1,11434026493,8385,1156
349,58,27,10477198,10477198,10477198,baseline,,,,,,,
349,59,28,10366314,10366259,10366259,deep,0,1,110,1,50659495998,21248,1423
349,60,28,11366460,11366460,11366460,baseline,,,,,,,
349,61,28,12392139,12392139,12392139,baseline,,,,,,,
349,62,29,12308544,12308544,12308544,baseline,,,,,,,
349,63,29,13369032,13369032,13369032,baseline,,,,,,,
349,64,30,13305126,13305126,13305126,baseline,,,,,,,
349,65,30,14400281,14400281,14400281,baseline,,,,,,,
349,66,30,15513156,15513156,15513156,baseline,,,,,,,
349,67,31,15487512,15487512,15487512,baseline,,,,,,,
349,68,31,16635382,16635382,16635382,baseline,,,,,,,
349,69,32,16632336,16632336,16632336,baseline,,,,,,,
350,1,1,350,350,350,fan,,,,,,,
350,2,1,700,700,700,fan,,,,,,,
350,3,2,3144,3144,3144,fan,,,,,,,
350,4,2,4888,4888,4888,fan,,,,,,,
350,5,3,10464,10464,10464,fan,,,,,,,
350,6,3,13944,13944,13944,fan,,,,,,,
350,7,4,24372,24372,24372,fan,,,,,,,
350,8,4,30616,30616,30616,fan,,,,,,,
350,9,5,46918,46918,46918,fan,,,,,,,
350,10,5,56260,56260,56260,fan,,,,,,,
350,11,6,80132,80132,80132,fan,,,,,,,
350,12,6,93584,93584,93584,fan,,,,,,,
350,13,7,126032,126032,126032,fan,,,,,,,
350,14,7,143920,143920,143920,fan,,,,,,,
350,15,8,186616,186616,186616,fan,,,,,,,
350,16,8,209936,209936,209936,fan,,,,,,,
350,17,9,263870,263870,263870,fan,,,,,,,
350,18,9,292940,292940,292940,fan,,,,,,,
350,19,10,359760,359760,359760,fan,,,,,,,
350,20,10,395560,395560,395560,fan,,,,,,,
350,21,11,476240,476240,476240,fan,,,,,,,
350,22,11,519080,519080,519080,fan,,,,,,,
350,23,12,615244,615244,615244,fan,,,,,,,
350,24,12,666088,666088,666088,fan,,,,,,,
350,25,13,778694,778694,778694,fan,,,,,,,
350,26,13,837844,837844,837844,fan,,,,,,,
350,27,14,968492,968492,968492,fan,,,,,,,
350,28,14,1036896,1036896,1036896,fan,,,,,,,
350,29,14,1465040,1465040,1465040,baseline,,,,,,,
350,30,15,1264480,1264480,1264480,fan,,,,,,,
350,31,15,1720816,1720816,1720816,baseline,,,,,,,
350,32,16,1523104,1523104,1523104,fan,,,,,,,
350,33,16,2007010,2007010,2007010,baseline,,,,,,,
350,34,17,1813980,1813980,1813980,fan,,,,,,,
350,35,17,2325488,2325488,2325488,baseline,,,,,,,
350,36,18,2139576,2139576,2139576,fan,,,,,,,
350,37,18,2678124,2678094,2678094,guided,0,3,110,1,2224601800,5971,510
350,38,19,2501080,2501080,2501080,fan,,,,,,,
350,39,19,3066748,3066652,3066652,guided,0,3,110,1,2607845381,5816,380
350,40,19,3717080,3717080,3717080,baseline,,,,,,,
350,41,20,3493120,3492976,3492976,guided,0,3,110,1,3032544904,5353,315
350,42,20,4176756,4176756,4176756,baseline,,,,,,,
350,43,21,3959068,3958856,3958856,guided,0,3,110,1,3506109129,4564,266
350,44,21,4675868,4675868,4675868,baseline,,,,,,,
350,45,22,4466386,4466072,4466072,guided,3,3,110,1,4023490911,5103,891
350,46,22,5216236,5216236,5216236,baseline,,,,,,,
350,47,22,5995620,5995620,5995620,baseline,,,,,,,
350,48,23,5799580,5799576,5799576,guided,1,3,110,1,4687880978,4972,554
350,49,23,6613216,6613216,6613216,baseline,,,,,,,
350,50,24,6427696,6427680,6427680,guided,3,3,110,1,5315185108,5248,830
350,51,24,7275442,7275442,7275442,baseline,,,,,,,
350,52,25,7102280,7102228,7102228,guided,0,3,110,1,5991202190,5102,536
350,53,25,7984028,7984028,7984028,baseline,,,,,,,
350,54,25,8886156,8886156,8886156,baseline,,,,,,,
350,55,26,8740690,8740690,8740690,baseline,,,,,,,
350,56,26,9677500,9677500,9677500,baseline,,,,,,,
350,57,27,9547128,9547120,9547120,deep,0,3,110,1,30453479959,14145,1136
350,58,27,10518496,10518496,10518496,baseline,,,,,,,
350,59,28,10405076,10405024,10405024,deep,0,3,110,1,33875690667,14156,1010
350,60,28,11410848,11410848,11410848,baseline,,,,,,,
350,61,28,12442266,12442266,12442266,baseline,,,,,,,
350,62,29,12356196,12356196,12356196,baseline,,,,,,,
350,63,29,13422624,13422624,13422624,baseline,,,,,,,
350,64,30,13356216,13356216,13356216,baseline,,,,,,,
350,65,30,14457514,14457514,14457514,baseline,,,,,,,
350,66,30,15576636,15576636,15576636,baseline,,,,,,,
350,67,31,15548568,15548568,15548568,baseline,,,,,,,
350,68,31,16702880,16702880,16702880,baseline,,,,,,,
350,69,32,16697404,16697404,16697404,baseline,,,,,,,
350,70,32,17886796,17886796,17886796,baseline,,,,,,,
351,1,1,351,351,351,fan,,,,,,,
351,2,1,702,702,702,fan,,,,,,,
351,3,2,3153,3153,3153,fan,,,,,,,
351,4,2,4902,4902,4902,fan,,,,,,,
351,5,3,10494,10494,10494,fan,,,,,,,
351,6,3,13984,13984,13984,fan,,,,,,,
351,7,4,24442,24442,24442,fan,,,,,,,
351,8,4,30704,30704,30704,fan,,,,,,,
351,9,5,47053,47053,47053,fan,,,,,,,
351,10,5,56422,56422,56422,fan,,,,,,,
351,11,6,80363,80363,80363,fan,,,,,,,
351,12,6,93854,93854,93854,fan,,,,,,,
351,13,7,126396,126396,126396,fan,,,,,,,
351,14,7,144336,144336,144336,fan,,,,,,,
351,15,8,187156,187156,187156,fan,,,,,,,
351,16,8,210544,210544,210544,fan,,,,,,,
351,17,9,264635,264635,264635,fan,,,,,,,
351,18,9,293790,293790,293790,fan,,,,,,,
351,19,10,360805,360805,360805,fan,,,,,,,
351,20,10,396710,396710,396710,fan,,,,,,,
351,21,11,477626,477626,477626,fan,,,,,,,
351,22,11,520592,520592,520592,fan,,,,,,,
351,23,12,617038,617038,617038,fan,,,,,,,
351,24,12,668032,668032,668032,fan,,,,,,,
351,25,13,780969,780969,780969,fan,,,,,,,
351,26,13,840294,840294,840294,fan,,,,,,,
351,27,14,971327,971327,971327,fan,,,,,,,
351,28,14,1039934,1039934,1039934,fan,,,,,,,
351,29,14,1470577,1470577,1470577,baseline,,,,,,,
351,30,15,1268192,1268192,1268192,fan,,,,,,,
351,31,15,1727198,1727198,1727198,baseline,,,,,,,
351,32,16,1527584,1527584,1527584,fan,,,,,,,
351,33,16,2014329,2014329,2014329,baseline,,,,,,,
351,34,17,1819326,1819326,1819326,fan,,,,,,,
351,35,17,2333843,2333841,2333841,guided,0,3,110,1,2828003022,8786,774
351,36,18,2145894,2145894,2145894,fan,,,,,,,
351,37,18,2687619,2687584,2687584,guided,0,3,110,1,3344067763,9018,792
351,38,19,2508480,2508480,2508480,fan,,,,,,,
351,39,19,3077479,3077391,3077391,guided,0,3,110,1,3920439548,8799,643
351,40,19,3731476,3731476,3731476,baseline,,,,,,,
351,41,20,3505216,3505078,3505078,guided,0,3,110,1,4558504287,8187,495
351,42,20,4192688,4192688,4192688,baseline,,,,,,,
351,43,21,3972667,3972444,3972444,guided,0,3,110,1,5271337180,6849,394
351,44,21,4693498,4693498,4693498,baseline,,,,,,,
351,45,22,4481570,4481273,4481273,guided,3,3,110,1,6047320049,7670,1345
351,46,22,5235650,5235650,5235650,baseline,,,,,,,
351,47,22,6019406,6019406,6019406,baseline,,,,,,,
351,48,23,5820958,5820952,5820952,guided,1,3,110,1,4698186788,4972,556
351,49,23,6639137,6639137,6639137,baseline,,,,,,,
351,50,24,6451132,6451112,6451112,guided,3,3,110,1,5335151502,5247,829
351,51,24,7303641,7303641,7303641,baseline,,,,,,,
351,52,25,7127952,7127910,7127910,guided,0,3,110,1,6008157199,5103,537
351,53,25,8014651,8014651,8014651,baseline,,,,,,,
351,54,26,7853192,7853018,7853018,guided,2,3,110,1,6741467501,5150,567
351,55,26,8773885,8773885,8773885,baseline,,,,,,,
351,56,26,9715922,9715922,9715922,baseline,,,,,,,
351,57,27,9583059,9583048,9583048,deep,0,3,110,1,45802126376,21559,2101
351,58,27,10559846,10559846,10559846,baseline,,,,,,,
351,59,28,10443884,10443840,10443840,guided,3,3,110,1,12764046818,8616,1200
351,60,28,11455296,11455296,11455296,baseline,,,,,,,
351,61,28,12492468,12492468,12492468,baseline,,,,,,,
351,62,29,12403908,12403908,12403908,baseline,,,,,,,
351,63,29,13476294,13476294,13476294,baseline,,,,,,,
351,64,30,13407370,13407370,13407370,baseline,,,,,,,
351,65,30,14514828,14514828,14514828,baseline,,,,,,,
351,66,31,14467290,14467286,14467286,guided,1,3,110,1,11658952492,6096,834
351,67,31,15609709,15609709,15609709,baseline,,,,,,,
351,68,31,16770488,16770488,16770488,baseline,,,,,,,
351,69,32,16762559,16762559,16762559,baseline,,,,,,,
351,70,32,17958602,17958602,17958602,baseline,,,,,,,
352,1,1,352,352,352,fan,,,,,,,
352,2,1,704,704,704,fan,,,,,,,
352,3,2,3162,3162,3162,fan,,,,,,,
352,4,2,4916,4916,4916,fan,,,,,,,
352,5,3,10524,10524,10524,fan,,,,,,,
352,6,3,14024,14024,14024,fan,,,,,,,
352,7,4,24512,24512,24512,fan,,,,,,,
352,8,4,30792,30792,30792,fan,,,,,,,
352,9,5,47188,47188,47188,fan,,,,,,,
352,10,5,56584,56584,56584,fan,,,,,,,
352,11,6,80594,80594,80594,fan,,,,,,,
352,12,6,94124,94124,94124,fan,,,,,,,
352,13,7,126760,126760,126760,fan,,,,,,,
352,14,7,144752,144752,144752,fan,,,,,,,
352,15,8,187696,187696,187696,fan,,,,,,,
352,16,8,211152,211152,211152,fan,,,,,,,
352,17,9,265400,265400,265400,fan,,,,,,,
352,18,9,294640,294640,294640,fan,,,,,,,
352,19,10,361850,361850,361850,fan,,,,,,,
352,20,10,397860,397860,397860,fan,,,,,,,
352,21,11,479012,479012,479012,fan,,,,,,,
352,22,11,522104,522104,522104,fan,,,,,,,
352,23,12,618832,618832,618832,fan,,,,,,,
352,24,12,669976,669976,669976,fan,,,,,,,
352,25,13,783244,783244,783244,fan,,,,,,,
352,26,13,842744,842744,842744,fan,,,,,,,
352,27,14,974162,974162,974162,fan,,,,,,,
352,28,14,1042972,1042972,1042972,fan,,,,,,,
352,29,14,1476114,1476114,1476114,baseline,,,,,,,
352,30,15,1271904,1271904,1271904,fan,,,,,,,
352,31,15,1733580,1733580,1733580,baseline,,,,,,,
352,32,16,1532064,1532064,1532064,fan,,,,,,,
352,33,16,2021648,2021648,2021648,baseline,,,,,,,
352,34,17,1824672,1824672,1824672,fan,,,,,,,
352,35,17,2342198,2342194,2342194,guided,0,3,110,1,1892007881,5861,523
352,36,18,2152212,2152212,2152212,fan,,,,,,,
352,37,18,2697114,2697074,2697074,guided,0,1,110,1,2238603267,6010,561
352,38,19,2515880,2515880,2515880,fan,,,,,,,
352,39,19,3088210,3088130,3088130,guided,0,3,110,1,2622760499,5873,450
352,40,19,3745872,3745872,3745872,baseline,,,,,,,
352,41,20,3517312,3517180,3517180,guided,0,1,110,1,3049632300,5410,336
352,42,20,4208660,4208660,4208660,baseline,,,,,,,
352,43,21,3986266,3986032,3986032,guided,0,3,110,1,3526176563,4570,261
352,44,21,4711128,4711128,4711128,baseline,,,,,,,
352,45,22,4496754,4496474,4496474,guided,3,2,110,1,4044173148,5126,906
352,46,22,5255108,5255108,5255108,baseline,,,,,,,
352,47,22,6043222,6043222,6043222,baseline,,,,,,,
352,48,23,5842336,5842328,5842328,guided,1,3,110,1,4708489790,4972,558
352,49,23,6665092,6665092,6665092,baseline,,,,,,,
352,50,24,6474616,6474592,6474592,guided,1,3,110,1,5340879044,5151,576
352,51,24,7331872,7331872,7331872,baseline,,,,,,,
352,52,25,7153624,7153592,7153592,guided,0,3,110,1,6025118824,5104,538
352,53,25,8045306,8045306,8045306,baseline,,,,,,,
352,54,26,7881260,7881104,7881104,guided,0,3,110,1,6756150587,5248,579
352,55,26,8807118,8807118,8807118,baseline,,,,,,,
352,56,26,9754396,9754396,9754396,baseline,,,,,,,
352,57,27,9619020,9619014,9619014,deep,0,1,110,1,30628103073,14287,1351
352,58,27,10601256,10601256,10601256,baseline,,,,,,,
352,59,28,10482752,10482696,10482696,guided,1,1,110,1,8555010834,5748,784
352,60,28,11499800,11499800,11499800,baseline,,,,,,,
352,61,28,12542740,12542740,12542740,baseline,,,,,,,
352,62,29,12451680,12451680,12451680,baseline,,,,,,,
352,63,29,13530038,13530038,13530038,baseline,,,,,,,
352,64,30,13458584,13458584,13458584,baseline,,,,,,,
352,65,30,14572218,14572218,14572218,baseline,,,,,,,
352,66,31,14522136,14522128,14522128,guided,1,3,110,1,11695211580,6132,842
352,67,31,15670926,15670926,15670926,baseline,,,,,,,
352,68,31,16838180,16838180,16838180,baseline,,,,,,,
352,69,32,16827792,16827792,16827792,baseline,,,,,,,
352,70,32,18030524,18030524,18030524,baseline,,,,,,,
353,1,1,353,353,353,fan,,,,,,,
353,2,1,706,706,706,fan,,,,,,,
353,3,2,3171,3171,3171,fan,,,,,,,
353,4,2,4930,4930,4930,fan,,,,,,,
353,5,3,10554,10554,10554,fan,,,,,,,
353,6,3,14064,14064,14064,fan,,,,,,,
353,7,4,24582,24582,24582,fan,,,,,,,
353,8,4,30880,30880,30880,fan,,,,,,,
353,9,5,47323,47323,47323,fan,,,,,,,
353,10,5,56746,56746,56746,fan,,,,,,,
353,11,6,80825,80825,80825,fan,,,,,,,
353,12,6,94394,94394,94394,fan,,,,,,,
353,13,7,127124,127124,127124,fan,,,,,,,
353,14,7,145168,145168,145168,fan,,,,,,,
353,15,8,188236,188236,188236,fan,,,,,,,
353,16,8,211760,211760,211760,fan,,,,,,,
353,17,9,266165,266165,266165,fan,,,,,,,
353,18,9,295490,295490,295490,fan,,,,,,,
353,19,10,362895,362895,362895,fan,,,,,,,
353,20,10,399010,399010,399010,fan,,,,,,,
353,21,11,480398,480398,480398,fan,,,,,,,
353,22,11,523616,523616,523616,fan,,,,,,,
353,23,12,620626,620626,620626,fan,,,,,,,
353,24,12,671920,671920,671920,fan,,,,,,,
353,25,13,785519,785519,785519,fan,,,,,,,
353,26,13,845194,845194,845194,fan,,,,,,,
353,27,14,976997,976997,976997,fan,,,,,,,
353,28,14,1046010,1046010,1046010,fan,,,,,,,
353,29,14,1481665,1481665,1481665,baseline,,,,,,,
353,30,15,1275616,1275616,1275616,fan,,,,,,,
353,31,15,1739977,1739977,1739977,baseline,,,,,,,
353,32,16,1536544,1536544,1536544,fan,,,,,,,
353,33,16,2028984,2028984,2028984,baseline,,,,,,,
353,34,17,1830018,1830018,1830018,fan,,,,,,,
353,35,17,2350570,2350564,2350564,guided,0,1,110,1,2843054579,8836,795
353,36,18,2158530,2158530,2158530,fan,,,,,,,
353,37,18,2706619,2706584,2706584,guided,0,1,110,1,3362120334,9026,821
353,38,19,2523280,2523280,2523280,fan,,,,,,,
353,39,19,3098960,3098888,3098888,guided,0,1,110,1,3943291654,8901,713
353,40,19,3760308,3760308,3760308,baseline,,,,,,,
353,41,20,3529438,3529303,3529303,guided,0,1,110,1,4584649098,8203,502
353,42,20,4224632,4224632,4224632,baseline,,,,,,,
353,43,21,3999886,3999641,3999641,guided,0,1,110,1,5299892899,6873,389
353,44,21,4728800,4728800,4728800,baseline,,,,,,,
353,45,22,4511991,4511699,4511699,guided,3,2,110,1,6080051329,7708,1385
353,46,22,5274566,5274566,5274566,baseline,,,,,,,
353,47,23,5067742,5067257,5067257,deep,0,1,110,1,27659713228,27549,1011
353,48,23,5863756,5863750,5863750,guided,1,3,110,1,4726952345,4978,558
353,49,23,6691085,6691085,6691085,baseline,,,,,,,
353,50,24,6498092,6498072,6498072,deep,0,3,110,1,21341382242,15764,1380
353,51,24,7360146,7360146,7360146,baseline,,,,,,,
353,52,25,7179358,7179324,7179324,guided,0,3,110,1,6038028746,5129,575
353,53,25,8076005,8076005,8076005,baseline,,,,,,,
353,54,26,7909338,7909190,7909190,guided,0,3,110,1,6776433559,5265,596
353,55,26,8840393,8840393,8840393,baseline,,,,,,,
353,56,26,9792926,9792926,9792926,baseline,,,,,,,
353,57,27,9655027,9655026,9655026,deep,0,1,110,1,46047166558,21518,1982
353,58,27,10642718,10642718,10642718,baseline,,,,,,,
353,59,28,10521641,10521603,10521603,deep,1,1,110,1,51239195882,22953,2440
353,60,28,11544364,11544364,11544364,baseline,,,,,,,
353,61,28,12593089,12593089,12593089,baseline,,,,,,,
353,62,29,12499512,12499512,12499512,baseline,,,,,,,
353,63,29,13583858,13583858,13583858,baseline,,,,,,,
353,64,30,13509862,13509862,13509862,baseline,,,,,,,
353,65,30,14629688,14629688,14629688,baseline,,,,,,,
353,66,31,14577034,14577030,14577030,guided,1,3,110,1,11738381952,6122,840
353,67,31,15732229,15732229,15732229,baseline,,,,,,,
353,68,31,16905984,16905984,16905984,baseline,,,,,,,
353,69,32,16893114,16893114,16893114,baseline,,,,,,,
353,70,32,18102544,18102544,18102544,baseline,,,,,,,
354,1,1,354,354,354,fan,,,,,,,
354,2,1,708,708,708,fan,,,,,,,
354,3,2,3180,3180,3180,fan,,,,,,,
354,4,2,4944,4944,4944,fan,,,,,,,
354,5,3,10584,10584,10584,fan,,,,,,,
354,6,3,14104,14104,14104,fan,,,,,,,
354,7,4,24652,24652,24652,fan,,,,,,,
354,8,4,30968,30968,30968,fan,,,,,,,
354,9,5,47458,47458,47458,fan,,,,,,,
354,10,5,56908,56908,56908,fan,,,,,,,
354,11,6,81056,81056,81056,fan,,,,,,,
354,12,6,94664,94664,94664,fan,,,,,,,
354,13,7,127488,127488,127488,fan,,,,,,,
354,14,7,145584,145584,145584,fan,,,,,,,
354,15,8,188776,188776,188776,fan,,,,,,,
354,16,8,212368,212368,212368,fan,,,,,,,
354,17,9,266930,266930,266930,fan,,,,,,,
354,18,9,296340,296340,296340,fan,,,,,,,
354,19,10,363940,363940,363940,fan,,,,,,,
354,20,10,400160,400160,400160,fan,,,,,,,
354,21,11,481784,481784,481784,fan,,,,,,,
354,22,11,525128,525128,525128,fan,,,,,,,
354,23,12,622420,622420,622420,fan,,,,,,,
354,24,12,673864,673864,673864,fan,,,,,,,
354,25,13,787794,787794,787794,fan,,,,,,,
354,26,13,847644,847644,847644,fan,,,,,,,
354,27,14,979832,979832,979832,fan,,,,,,,
354,28,14,1049048,1049048,1049048,fan,,,,,,,
354,29,14,1487216,1487216,1487216,baseline,,,,,,,
354,30,15,1279328,1279328,1279328,fan,,,,,,,
354,31,15,1746374,1746374,1746374,baseline,,,,,,,
354,32,16,1541024,1541024,1541024,fan,,,,,,,
354,33,16,2036320,2036320,2036320,baseline,,,,,,,
354,34,17,1835364,1835364,1835364,fan,,,,,,,
354,35,17,2358942,2358934,2358934,guided,0,3,110,1,1902269063,5890,544
354,36,18,2164848,2164848,2164848,fan,,,,,,,
354,37,18,2716124,2716094,2716094,guided,0,3,110,1,2249011788,6010,540
354,38,19,2530680,2530680,2530680,fan,,,,,,,
354,39,19,3109710,3109646,3109646,guided,0,3,110,1,2637651770,5926,516
354,40,19,3774744,3774744,3774744,baseline,,,,,,,
354,41,20,3541564,3541426,3541426,guided,0,3,110,1,3067911831,5466,332
354,42,20,4240644,4240644,4240644,baseline,,,,,,,
354,43,21,4013506,4013250,4013250,guided,0,3,110,1,3546179362,4576,256
354,44,21,4746472,4746472,4746472,baseline,,,,,,,
354,45,22,4527228,4526924,4526924,guided,3,3,110,1,4068335467,5149,933
354,46,22,5294068,5294068,5294068,baseline,,,,,,,
354,47,23,5084730,5084230,5084230,guided,3,3,110,1,4640423734,5080,712
354,48,23,5885176,5885172,5885172,guided,1,3,110,1,4745463698,4984,558
354,49,23,6717110,6717110,6717110,baseline,,,,,,,
354,50,24,6521616,6521600,6521600,deep,0,3,110,1,21399206263,15836,1443
354,51,24,7388452,7388452,7388452,baseline,,,,,,,
354,52,25,7205092,7205056,7205056,guided,0,3,110,1,6050941106,5154,612
354,53,25,8106738,8106738,8106738,baseline,,,,,,,
354,54,26,7937468,7937328,7937328,guided,0,3,110,1,6793891937,5284,614
354,55,26,8873706,8873706,8873706,baseline,,,,,,,
354,56,26,9831508,9831508,9831508,baseline,,,,,,,
354,57,27,9691078,9691074,9691074,deep,0,3,110,1,30798431974,14439,1561
354,58,27,10684240,10684240,10684240,baseline,,,,,,,
354,59,28,10560586,10560550,10560550,deep,0,3,110,1,34263299966,14313,1078
354,60,28,11588984,11588984,11588984,baseline,,,,,,,
354,61,28,12643508,12643508,12643508,baseline,,,,,,,
354,62,29,12547404,12547404,12547404,baseline,,,,,,,
354,63,29,13637754,13637754,13637754,baseline,,,,,,,
354,64,30,13561200,13561200,13561200,baseline,,,,,,,
354,65,30,14687234,14687234,14687234,baseline,,,,,,,
354,66,31,14632008,14632000,14632000,guided,1,3,110,1,11757104146,6140,844
354,67,31,15793606,15793606,15793606,baseline,,,,,,,
354,68,31,16973872,16973872,16973872,baseline,,,,,,,
354,69,32,16958514,16958514,16958514,baseline,,,,,,,
354,70,32,18174672,18174672,18174672,baseline,,,,,,,
355,1,1,355,355,355,fan,,,,,,,
355,2,1,710,710,710,fan,,,,,,,
355,3,2,3189,3189,3189,fan,,,,,,,
355,4,2,4958,4958,4958,fan,,,,,,,
355,5,3,10614,10614,10614,fan,,,,,,,
355,6,3,14144,14144,14144,fan,,,,,,,
355,7,4,24722,24722,24722,fan,,,,,,,
355,8,4,31056,31056,31056,fan,,,,,,,
355,9,5,47593,47593,47593,fan,,,,,,,
355,10,5,57070,57070,57070,fan,,,,,,,
355,11,6,81287,81287,81287,fan,,,,,,,
355,12,6,94934,94934,94934,fan,,,,,,,
355,13,7,127852,127852,127852,fan,,,,,,,
355,14,7,146000,146000,146000,fan,,,,,,,
355,15,8,189316,189316,189316,fan,,,,,,,
355,16,8,212976,212976,212976,fan,,,,,,,
355,17,9,267695,267695,267695,fan,,,,,,,
355,18,9,297190,297190,297190,fan,,,,,,,
355,19,10,364985,364985,364985,fan,,,,,,,
355,20,10,401310,401310,401310,fan,,,,,,,
355,21,11,483170,483170,483170,fan,,,,,,,
355,22,11,526640,526640,526640,fan,,,,,,,
355,23,12,624214,624214,624214,fan,,,,,,,
355,24,12,675808,675808,675808,fan,,,,,,,
355,25,13,790069,790069,790069,fan,,,,,,,
355,26,13,850094,850094,850094,fan,,,,,,,
355,27,14,982667,982667,982667,fan,,,,,,,
355,28,14,1052086,1052086,1052086,fan,,,,,,,
355,29,14,1492781,1492781,1492781,baseline,,,,,,,
355,30,15,1283040,1283040,1283040,fan,,,,,,,
355,31,16,1455752,1455752,1455752,fan,,,,,,,
355,32,16,1545504,1545504,1545504,fan,,,,,,,
355,33,16,2043672,2043672,2043672,baseline,,,,,,,
355,34,17,1840710,1840710,1840710,fan,,,,,,,
355,35,17,2367329,2367323,2367323,guided,0,3,110,1,2860448545,8842,793
355,36,18,2171166,2171166,2171166,fan,,,,,,,
355,37,18,2725647,2725622,2725622,guided,0,3,110,1,3382689212,9067,799
355,38,19,2538080,2538080,2538080,fan,,,,,,,
355,39,19,3120494,3120424,3120424,guided,0,3,110,1,3964882425,8926,748
355,40,19,3789222,3789222,3789222,baseline,,,,,,,
355,41,20,3553710,3553569,3553569,guided,0,3,110,1,4610243622,8331,507
355,42,20,4256660,4256660,4256660,baseline,,,,,,,
355,43,21,4027148,4026882,4026882,guided,0,3,110,1,5329172522,6871,375
355,44,21,4764188,4764188,4764188,baseline,,,,,,,
355,45,22,4542487,4542171,4542171,guided,3,3,110,1,6117459678,7740,1415
355,46,22,5313572,5313572,5313572,baseline,,,,,,,
355,47,23,5101742,5101227,5101227,guided,3,3,110,1,6975322311,7611,1044
355,48,23,5906644,5906642,5906642,guided,1,3,110,1,4754296966,4988,559
355,49,23,6743175,6743175,6743175,baseline,,,,,,,
355,50,24,6545152,6545130,6545130,deep,0,3,110,1,21459613929,15877,1413
355,51,24,7416799,7416799,7416799,baseline,,,,,,,
355,52,25,7230870,7230840,7230840,guided,0,3,110,1,6073640939,5150,595
355,53,25,8137514,8137514,8137514,baseline,,,,,,,
355,54,26,7965602,7965468,7965468,guided,0,3,110,1,6823924185,5298,622
355,55,26,8907062,8907062,8907062,baseline,,,,,,,
355,56,26,9870146,9870146,9870146,baseline,,,,,,,
355,57,27,9727171,9727170,9727170,deep,0,3,110,1,46319088361,21681,2238
355,58,27,10725814,10725814,10725814,baseline,,,,,,,
355,59,28,10599582,10599548,10599548,deep,0,3,110,1,51527529435,21589,1645
355,60,28,11633664,11633664,11633664,baseline,,,,,,,
355,61,28,12694002,12694002,12694002,baseline,,,,,,,
355,62,29,12595356,12595356,12595356,baseline,,,,,,,
355,63,29,13691725,13691725,13691725,baseline,,,,,,,
355,64,30,13612602,13612602,13612602,baseline,,,,,,,
355,65,30,14744861,14744861,14744861,baseline,,,,,,,
355,66,31,14687034,14687030,14687030,guided,1,3,110,1,11807304646,6130,842
355,67,31,15855071,15855071,15855071,baseline,,,,,,,
355,68,31,17041870,17041870,17041870,baseline,,,,,,,
355,69,32,17024001,17024001,17024001,baseline,,,,,,,
355,70,32,18246892,18246892,18246892,baseline,,,,,,,
355,71,33,18253282,18253282,18253282,baseline,,,,,,,
356,1,1,356,356,356,fan,,,,,,,
356,2,1,712,712,712,fan,,,,,,,
356,3,2,3198,3198,3198,fan,,,,,,,
356,4,2,4972,4972,4972,fan,,,,,,,
356,5,3,10644,10644,10644,fan,,,,,,,
356,6,3,14184,14184,14184,fan,,,,,,,
356,7,4,24792,24792,24792,fan,,,,,,,
356,8,4,31144,31144,31144,fan,,,,,,,
356,9,5,47728,47728,47728,fan,,,,,,,
356,10,5,57232,57232,57232,fan,,,,,,,
356,11,6,81518,81518,81518,fan,,,,,,,
356,12,6,95204,95204,95204,fan,,,,,,,
356,13,7,128216,128216,128216,fan,,,,,,,
356,14,7,146416,146416,146416,fan,,,,,,,
356,15,8,189856,189856,189856,fan,,,,,,,
356,16,8,213584,213584,213584,fan,,,,,,,
356,17,9,268460,268460,268460,fan,,,,,,,
356,18,9,298040,298040,298040,fan,,,,,,,
356,19,10,366030,366030,366030,fan,,,,,,,
356,20,10,402460,402460,402460,fan,,,,,,,
356,21,11,484556,484556,484556,fan,,,,,,,
356,22,11,528152,528152,528152,fan,,,,,,,
356,23,12,626008,626008,626008,fan,,,,,,,
356,24,12,677752,677752,677752,fan,,,,,,,
356,25,13,792344,792344,792344,fan,,,,,,,
356,26,13,852544,852544,852544,fan,,,,,,,
356,27,14,985502,985502,985502,fan,,,,,,,
356,28,14,1055124,1055124,1055124,fan,,,,,,,
356,29,14,1498346,1498346,1498346,baseline,,,,,,,
356,30,15,1286752,1286752,1286752,fan,,,,,,,
356,31,15,1759200,1759200,1759200,baseline,,,,,,,
356,32,16,1549984,1549984,1549984,fan,,,,,,,
356,33,16,2051024,2051024,2051024,baseline,,,,,,,
356,34,17,1846056,1846056,1846056,fan,,,,,,,
356,35,17,2375716,2375712,2375712,guided,0,3,110,1,1912215927,5885,521
356,36,18,2177484,2177484,2177484,fan,,,,,,,
356,37,18,2735170,2735150,2735150,guided,0,1,110,1,2262806707,6018,518
356,38,19,2545480,2545480,2545480,fan,,,,,,,
356,39,19,3131278,3131202,3131202,guided,0,3,110,1,2651872108,5944,489
356,40,19,3803700,3803700,3803700,baseline,,,,,,,
356,41,20,3565856,3565712,3565712,guided,0,1,110,1,3084367118,5506,330
356,42,20,4272716,4272716,4272716,baseline,,,,,,,
356,43,21,4040790,4040514,4040514,guided,0,3,110,1,3563959406,4586,247
356,44,21,4781904,4781904,4781904,baseline,,,,,,,
356,45,22,4557734,4557418,4557418,guided,0,1,110,1,4085610868,4708,280
356,46,22,5333120,5333120,5333120,baseline,,,,,,,
356,47,23,5118754,5118224,5118224,guided,3,3,110,1,4666741628,5075,689
356,48,23,5928112,5928112,5928112,baseline,,,,,,,
356,49,23,6769272,6769272,6769272,baseline,,,,,,,
356,50,24,6568736,6568708,6568708,guided,1,3,110,1,5399470227,5166,584
356,51,24,7445180,7445180,7445180,baseline,,,,,,,
356,52,25,7256648,7256624,7256624,guided,0,3,110,1,6096386072,5146,578
356,53,25,8168324,8168324,8168324,baseline,,,,,,,
356,54,26,7993796,7993660,7993660,guided,0,3,110,1,6840563735,5309,630
356,55,26,8940454,8940454,8940454,baseline,,,,,,,
356,56,26,9908836,9908836,9908836,baseline,,,,,,,
356,57,27,9763304,9763302,9763302,deep,0,1,110,1,30971399943,14356,1442
356,58,27,10767448,10767448,10767448,baseline,,,,,,,
356,59,28,10638600,10638584,10638584,deep,0,1,110,1,34452950246,14381,1208
356,60,28,11678400,11678400,11678400,baseline,,,,,,,
356,61,28,12744568,12744568,12744568,baseline,,,,,,,
356,62,29,12643368,12643368,12643368,baseline,,,,,,,
356,63,29,13745772,13745772,13745772,baseline,,,,,,,
356,64,30,13664064,13664064,13664064,baseline,,,,,,,
356,65,30,14802562,14802562,14802562,baseline,,,,,,,
356,66,31,14742136,14742128,14742128,guided,0,3,110,1,11841568952,5836,690
356,67,31,15916610,15916610,15916610,baseline,,,,,,,
356,68,31,17109952,17109952,17109952,baseline,,,,,,,
356,69,32,17089568,17089568,17089568,baseline,,,,,,,
356,70,32,18319220,18319220,18319220,baseline,,,,,,,
356,71,33,18323070,18323070,18323070,baseline,,,,,,,
357,1,1,357,357,357,fan,,,,,,,
357,2,1,714,714,714,fan,,,,,,,
357,3,2,3207,3207,3207,fan,,,,,,,
357,4,2,4986,4986,4986,fan,,,,,,,
357,5,3,10674,10674,10674,fan,,,,,,,
357,6,3,14224,14224,14224,fan,,,,,,,
357,7,4,24862,24862,24862,fan,,,,,,,
357,8,4,31232,31232,31232,fan,,,,,,,
357,9,5,47863,47863,47863,fan,,,,,,,
357,10,5,57394,57394,57394,fan,,,,,,,
357,11,6,81749,81749,81749,fan,,,,,,,
357,12,6,95474,95474,95474,fan,,,,,,,
357,13,7,128580,128580,128580,fan,,,,,,,
357,14,7,146832,146832,146832,fan,,,,,,,
357,15,8,190396,190396,190396,fan,,,,,,,
357,16,8,214192,214192,214192,fan,,,,,,,
357,17,9,269225,269225,269225,fan,,,,,,,
357,18,9,298890,298890,298890,fan,,,,,,,
357,19,10,367075,367075,367075,fan,,,,,,,
357,20,10,403610,403610,403610,fan,,,,,,,
357,21,11,485942,485942,485942,fan,,,,,,,
357,22,11,529664,529664,529664,fan,,,,,,,
357,23,12,627802,627802,627802,fan,,,,,,,
357,24,12,679696,679696,679696,fan,,,,,,,
357,25,13,794619,794619,794619,fan,,,,,,,
357,26,13,854994,854994,854994,fan,,,,,,,
357,27,14,988337,988337,988337,fan,,,,,,,
357,28,14,1058162,1058162,1058162,fan,,,,,,,
357,29,14,1503926,1503926,1503926,baseline,,,,,,,
357,30,15,1290464,1290464,1290464,fan,,,,,,,
357,31,15,1765628,1765628,1765628,baseline,,,,,,,
357,32,16,1554464,1554464,1554464,fan,,,,,,,
357,33,16,2058392,2058392,2058392,baseline,,,,,,,
357,34,17,1851402,1851402,1851402,fan,,,,,,,
357,35,17,2384120,2384118,2384118,guided,0,1,110,1,2875999735,8858,770
357,36,18,2183802,2183802,2183802,fan,,,,,,,
357,37,18,2744720,2744697,2744697,guided,0,1,110,1,3401094534,9074,796
357,38,19,2552880,2552880,2552880,fan,,,,,,,
357,39,19,3142081,3141999,3141999,guided,0,1,110,1,3988466863,9013,721
357,40,19,3818218,3818218,3818218,baseline,,,,,,,
357,41,20,3578016,3577877,3577877,guided,0,1,110,1,4636634970,8361,510
357,42,20,4288774,4288774,4288774,baseline,,,,,,,
357,43,21,4054448,4054167,4054167,guided,0,1,110,1,5361958349,6905,366
357,44,21,4799664,4799664,4799664,baseline,,,,,,,
357,45,22,4572993,4572688,4572688,guided,0,1,110,1,6150939874,7084,425
357,46,22,5352668,5352668,5352668,baseline,,,,,,,
357,47,23,5135775,5135244,5135244,guided,3,2,110,1,7014985696,7614,1023
357,48,23,5949630,5949628,5949628,guided,1,3,110,1,4779890878,5002,561
357,49,23,6795407,6795407,6795407,baseline,,,,,,,
357,50,24,6592310,6592286,6592286,guided,3,3,110,1,5419944960,5284,833
357,51,24,7473601,7473601,7473601,baseline,,,,,,,
357,52,25,7282492,7282458,7282458,guided,0,3,110,1,6106876621,5129,549
357,53,25,8199178,8199178,8199178,baseline,,,,,,,
357,54,26,8021980,8021852,8021852,guided,0,3,110,1,6856578341,5314,631
357,55,26,8973891,8973891,8973891,baseline,,,,,,,
357,56,26,9947582,9947582,9947582,baseline,,,,,,,
357,57,27,9799483,9799480,9799480,deep,0,1,110,1,46581978341,21607,2074
357,58,27,10809134,10809134,10809134,baseline,,,,,,,
357,59,28,10677690,10677668,10677668,deep,0,1,110,1,51813893472,21802,1887
357,60,28,11723196,11723196,11723196,baseline,,,,,,,
357,61,28,12795208,12795208,12795208,baseline,,,,,,,
357,62,29,12691440,12691440,12691440,baseline,,,,,,,
357,63,29,13799895,13799895,13799895,baseline,,,,,,,
357,64,30,13715590,13715590,13715590,baseline,,,,,,,
357,65,30,14860346,14860346,14860346,baseline,,,,,,,
357,66,31,14797290,14797286,14797286,guided,1,3,110,1,11878966558,6136,842
357,67,31,15978235,15978235,15978235,baseline,,,,,,,
357,68,31,17178146,17178146,17178146,baseline,,,,,,,
357,69,32,17155221,17155221,17155221,baseline,,,,,,,
357,70,32,18391642,18391642,18391642,baseline,,,,,,,
357,71,33,18392946,18392946,18392946,baseline,,,,,,,
358,1,1,358,358,358,fan,,,,,,,
358,2,1,716,716,716,fan,,,,,,,
358,3,2,3216,3216,3216,fan,,,,,,,
358,4,2,5000,5000,5000,fan,,,,,,,
358,5,3,10704,10704,10704,fan,,,,,,,
358,6,3,14264,14264,14264,fan,,,,,,,
358,7,4,24932,24932,24932,fan,,,,,,,
358,8,4,31320,31320,31320,fan,,,,,,,
358,9,5,47998,47998,47998,fan,,,,,,,
358,10,5,57556,57556,57556,fan,,,,,,,
358,11,6,81980,81980,81980,fan,,,,,,,
358,12,6,95744,95744,95744,fan,,,,,,,
358,13,7,128944,128944,128944,fan,,,,,,,
358,14,7,147248,147248,147248,fan,,,,,,,
358,15,8,190936,190936,190936,fan,,,,,,,
358,16,8,214800,214800,214800,fan,,,,,,,
358,17,9,269990,269990,269990,fan,,,,,,,
358,18,9,299740,299740,299740,fan,,,,,,,
358,19,10,368120,368120,368120,fan,,,,,,,
358,20,10,404760,404760,404760,fan,,,,,,,
358,21,11,487328,487328,487328,fan,,,,,,,
358,22,11,531176,531176,531176,fan,,,,,,,
358,23,12,629596,629596,629596,fan,,,,,,,
358,24,12,681640,681640,681640,fan,,,,,,,
358,25,13,796894,796894,796894,fan,,,,,,,
358,26,13,857444,857444,857444,fan,,,,,,,
358,27,14,991172,991172,991172,fan,,,,,,,
358,28,14,1061200,1061200,1061200,fan,,,,,,,
358,29,14,1509506,1509506,1509506,baseline,,,,,,,
358,30,15,1294176,1294176,1294176,fan,,,,,,,
358,31,15,1772056,1772056,1772056,baseline,,,,,,,
358,32,16,1558944,1558944,1558944,fan,,,,,,,
358,33,16,2065760,2065760,2065760,baseline,,,,,,,
358,34,17,1856748,1856748,1856748,fan,,,,,,,
358,35,17,2392524,2392524,2392524,baseline,,,,,,,
358,36,18,2190120,2190120,2190120,fan,,,,,,,
358,37,18,2754270,2754244,2754244,guided,0,3,110,1,2275475710,6053,537
358,38,19,2560280,2560280,2560280,fan,,,,,,,
358,39,19,3152884,3152796,3152796,guided,0,3,110,1,2667442993,5978,460
358,40,19,3832736,3832736,3832736,baseline,,,,,,,
358,41,20,3590176,3590042,3590042,guided,0,3,110,1,3102437079,5575,339
358,42,20,4304872,4304872,4304872,baseline,,,,,,,
358,43,21,4068116,4067820,4067820,guided,0,3,110,1,3586598206,4599,238
358,44,21,4817424,4817424,4817424,baseline,,,,,,,
358,45,22,4588252,4587958,4587958,guided,0,3,110,1,4117921060,4733,285
358,46,22,5372260,5372260,5372260,baseline,,,,,,,
358,47,23,5152824,5152264,5152264,guided,3,3,110,1,4692932403,5070,666
358,48,23,5971148,5971144,5971144,guided,1,3,110,1,4796570320,5012,562
358,49,23,6821576,6821576,6821576,baseline,,,,,,,
358,50,24,6615932,6615912,6615912,guided,3,3,110,1,5431815996,5292,835
358,51,24,7502056,7502056,7502056,baseline,,,,,,,
358,52,25,7308336,7308292,7308292,guided,0,3,110,1,6117470124,5112,520
358,53,25,8230064,8230064,8230064,baseline,,,,,,,
358,54,26,8050216,8050096,8050096,guided,0,3,110,1,6870124926,5312,632
358,55,26,9007364,9007364,9007364,baseline,,,,,,,
358,56,26,9986380,9986380,9986380,baseline,,,,,,,
358,57,27,9835696,9835696,9835696,baseline,,,,,,,
358,58,27,10850880,10850880,10850880,baseline,,,,,,,
358,59,28,10716806,10716790,10716790,deep,0,3,110,1,34641638626,14525,1363
358,60,28,11768048,11768048,11768048,baseline,,,,,,,
358,61,28,12845920,12845920,12845920,baseline,,,,,,,
358,62,29,12739572,12739572,12739572,baseline,,,,,,,
358,63,29,13854092,13854092,13854092,baseline,,,,,,,
358,64,30,13767176,13767176,13767176,baseline,,,,,,,
358,65,30,14918204,14918204,14918204,baseline,,,,,,,
358,66,31,14852520,14852512,14852512,guided,0,3,110,1,11920798900,5858,686
358,67,31,16039936,16039936,16039936,baseline,,,,,,,
358,68,31,17246424,17246424,17246424,baseline,,,,,,,
358,69,32,17220954,17220954,17220954,baseline,,,,,,,
358,70,32,18464172,18464172,18464172,baseline,,,,,,,
358,71,33,18462904,18462904,18462904,baseline,,,,,,,
359,1,1,359,359,359,fan,,,,,,,
359,2,1,718,718,718,fan,,,,,,,
359,3,2,3225,3225,3225,fan,,,,,,,
359,4,2,5014,5014,5014,fan,,,,,,,
359,5,3,10734,10734,10734,fan,,,,,,,
359,6,3,14304,14304,14304,fan,,,,,,,
359,7,4,25002,25002,25002,fan,,,,,,,
359,8,4,31408,31408,31408,fan,,,,,,,
359,9,5,48133,48133,48133,fan,,,,,,,
359,10,5,57718,57718,57718,fan,,,,,,,
359,11,6,82211,82211,82211,fan,,,,,,,
359,12,6,96014,96014,96014,fan,,,,,,,
359,13,7,129308,129308,129308,fan,,,,,,,
359,14,7,147664,147664,147664,fan,,,,,,,
359,15,8,191476,191476,191476,fan,,,,,,,
359,16,8,215408,215408,215408,fan,,,,,,,
359,17,9,270755,270755,270755,fan,,,,,,,
359,18,9,300590,300590,300590,fan,,,,,,,
359,19,10,369165,369165,369165,fan,,,,,,,
359,20,10,405910,405910,405910,fan,,,,,,,
359,21,11,488714,488714,488714,fan,,,,,,,
359,22,11,532688,532688,532688,fan,,,,,,,
359,23,12,631390,631390,631390,fan,,,,,,,
359,24,12,683584,683584,683584,fan,,,,,,,
359,25,13,799169,799169,799169,fan,,,,,,,
359,26,13,859894,859894,859894,fan,,,,,,,
359,27,14,994007,994007,994007,fan,,,,,,,
359,28,14,1064238,1064238,1064238,fan,,,,,,,
359,29,14,1515100,1515100,1515100,baseline,,,,,,,
359,30,15,1297888,1297888,1297888,fan,,,,,,,
359,31,15,1778499,1778499,1778499,baseline,,,,,,,
359,32,16,1563424,1563424,1563424,fan,,,,,,,
359,33,16,2073144,2073144,2073144,baseline,,,,,,,
359,34,17,1862094,1862094,1862094,fan,,,,,,,
359,35,17,2400948,2400948,2400948,baseline,,,,,,,
359,36,18,2196438,2196438,2196438,fan,,,,,,,
359,37,18,2763838,2763809,2763809,guided,0,3,110,1,3419276442,9133,815
359,38,19,2567680,2567680,2567680,fan,,,,,,,
359,39,19,3163694,3163614,3163614,guided,0,3,110,1,4007988204,9007,674
359,40,19,3847296,3847296,3847296,baseline,,,,,,,
359,41,20,3602356,3602227,3602227,guided,0,3,110,1,4664078082,8514,522
359,42,20,4320974,4320974,4320974,baseline,,,,,,,
359,43,21,4081775,4081495,4081495,guided,0,3,110,1,5389788029,6893,358
359,44,21,4835230,4835230,4835230,baseline,,,,,,,
359,45,22,4603527,4603250,4603250,guided,0,3,110,1,6188669907,7112,430
359,46,22,5391856,5391856,5391856,baseline,,,,,,,
359,47,23,5169846,5169309,5169309,deep,0,3,110,1,28131982986,26094,759
359,48,23,5992710,5992708,5992708,guided,1,3,110,1,4807779856,5018,563
359,49,23,6847782,6847782,6847782,baseline,,,,,,,
359,50,24,6639570,6639540,6639540,guided,3,3,110,1,5449124284,5301,835
359,51,24,7530552,7530552,7530552,baseline,,,,,,,
359,52,25,7334216,7334178,7334178,guided,0,3,110,1,6144354895,5103,499
359,53,25,8260996,8260996,8260996,baseline,,,,,,,
359,54,26,8078472,8078342,8078342,guided,0,3,110,1,6899086325,5320,634
359,55,26,9040880,9040880,9040880,baseline,,,,,,,
359,56,26,10025234,10025234,10025234,baseline,,,,,,,
359,57,27,9871960,9871957,9871957,guided,1,3,110,1,11731110886,8454,1167
359,58,27,10892678,10892678,10892678,baseline,,,,,,,
359,59,28,10755971,10755961,10755961,deep,0,3,110,1,52110551247,21976,2114
359,60,28,11812960,11812960,11812960,baseline,,,,,,,
359,61,29,11694655,11694609,11694609,guided,0,3,110,1,14474516397,8567,1079
359,62,29,12787764,12787764,12787764,baseline,,,,,,,
359,63,29,13908367,13908367,13908367,baseline,,,,,,,
359,64,30,13818826,13818826,13818826,baseline,,,,,,,
359,65,30,14976143,14976143,14976143,baseline,,,,,,,
359,66,31,14907802,14907798,14907798,guided,1,3,110,1,11931964880,6136,842
359,67,31,16101722,16101722,16101722,baseline,,,,,,,
359,68,31,17314812,17314812,17314812,baseline,,,,,,,
359,69,32,17286774,17286774,17286774,baseline,,,,,,,
359,70,32,18536794,18536794,18536794,baseline,,,,,,,
359,71,33,18532952,18532952,18532952,baseline,,,,,,,
360,1,1,360,360,360,fan,,,,,,,
360,2,1,720,720,720,fan,,,,,,,
360,3,2,3234,3234,3234,fan,,,,,,,
360,4,2,5028,5028,5028,fan,,,,,,,
360,5,3,10764,10764,10764,fan,,,,,,,
360,6,3,14344,14344,14344,fan,,,,,,,
360,7,4,25072,25072,25072,fan,,,,,,,
360,8,4,31496,31496,31496,fan,,,,,,,
360,9,5,48268,48268,48268,fan,,,,,,,
360,10,5,57880,57880,57880,fan,,,,,,,
360,11,6,82442,82442,82442,fan,,,,,,,
360,12,6,96284,96284,96284,fan,,,,,,,
360,13,7,129672,129672,129672,fan,,,,,,,
360,14,7,148080,148080,148080,fan,,,,,,,
360,15,8,192016,192016,192016,fan,,,,,,,
360,16,8,216016,216016,216016,fan,,,,,,,
360,17,9,271520,271520,271520,fan,,,,,,,
360,18,9,301440,301440,301440,fan,,,,,,,
360,19,10,370210,370210,370210,fan,,,,,,,
360,20,10,407060,407060,407060,fan,,,,,,,
360,21,11,490100,490100,490100,fan,,,,,,,
360,22,11,534200,534200,534200,fan,,,,,,,
360,23,12,633184,633184,633184,fan,,,,,,,
360,24,12,685528,685528,685528,fan,,,,,,,
360,25,13,801444,801444,801444,fan,,,,,,,
360,26,13,862344,862344,862344,fan,,,,,,,
360,27,14,996842,996842,996842,fan,,,,,,,
360,28,14,1067276,1067276,1067276,fan,,,,,,,
360,29,14,1520694,1520694,1520694,baseline,,,,,,,
360,30,15,1301600,1301600,1301600,fan,,,,,,,
360,31,15,1784942,1784942,1784942,baseline,,,,,,,
360,32,16,1567904,1567904,1567904,fan,,,,,,,
360,33,16,2080528,2080528,2080528,baseline,,,,,,,
360,34,17,1867440,1867440,1867440,fan,,,,,,,
360,35,17,2409372,2409372,2409372,baseline,,,,,,,
360,36,18,2202756,2202756,2202756,fan,,,,,,,
360,37,18,2773406,2773374,2773374,guided,0,1,110,1,2288934302,6085,556
360,38,19,2575080,2575080,2575080,fan,,,,,,,
360,39,19,3174504,3174432,3174432,guided,0,3,110,1,2681676650,6005,446
360,40,19,3861856,3861856,3861856,baseline,,,,,,,
360,41,20,3614536,3614412,3614412,guided,0,1,110,1,3119262175,5645,343
360,42,20,4337116,4337116,4337116,baseline,,,,,,,
360,43,21,4095434,4095170,4095170,guided,0,3,110,1,3606889320,4598,239
360,44,21,4853036,4853036,4853036,baseline,,,,,,,
360,45,22,4618802,4618542,4618542,guided,0,1,110,1,4139724898,4752,290
360,46,22,5411496,5411496,5411496,baseline,,,,,,,
360,47,23,5186868,5186354,5186354,deep,0,3,110,1,18812201525,17133,487
360,48,23,6014272,6014272,6014272,baseline,,,,,,,
360,49,23,6874022,6874022,6874022,baseline,,,,,,,
360,50,24,6663256,6663216,6663216,guided,0,3,110,1,5464902457,5062,606
360,51,24,7559080,7559080,7559080,baseline,,,,,,,
360,52,25,7360096,7360064,7360064,guided,0,3,110,1,6155191188,5088,478
360,53,25,8291960,8291960,8291960,baseline,,,,,,,
360,54,26,8106780,8106640,8106640,guided,0,3,110,1,6909740328,5319,637
360,55,26,9074434,9074434,9074434,baseline,,,,,,,
360,56,26,10064144,10064144,10064144,baseline,,,,,,,
360,57,27,9908258,9908256,9908256,guided,1,1,110,1,7854103970,5638,779
360,58,27,10934536,10934536,10934536,baseline,,,,,,,
360,59,28,10795184,10795168,10795168,deep,0,1,110,1,34833062952,14559,1336
360,60,28,11857928,11857928,11857928,baseline,,,,,,,
360,61,29,11736934,11736898,11736898,deep,0,1,110,1,38615071326,14496,1306
360,62,29,12836016,12836016,12836016,baseline,,,,,,,
360,63,29,13962716,13962716,13962716,baseline,,,,,,,
360,64,30,13870536,13870536,13870536,baseline,,,,,,,
360,65,30,15034158,15034158,15034158,baseline,,,,,,,
360,66,31,14963160,14963152,14963152,guided,1,3,110,1,11965272172,6148,846
360,67,31,16163584,16163584,16163584,baseline,,,,,,,
360,68,31,17383284,17383284,17383284,baseline,,,,,,,
360,69,32,17352672,17352672,17352672,baseline,,,,,,,
360,70,32,18609524,18609524,18609524,baseline,,,,,,,
360,71,33,18603082,18603082,18603082,baseline,,,,,,,
360,72,33,19896936,19896936,19896936,baseline,,,,,,,
361,1,1,361,361,361,fan,,,,,,,
361,2,1,722,722,722,fan,,,,,,,
361,3,2,3243,3243,3243,fan,,,,,,,
361,4,2,5042,5042,5042,fan,,,,,,,
361,5,3,10794,10794,10794,fan,,,,,,,
361,6,3,14384,14384,14384,fan,,,,,,,
361,7,4,25142,25142,25142,fan,,,,,,,
361,8,4,31584,31584,31584,fan,,,,,,,
361,9,5,48403,48403,48403,fan,,,,,,,
361,10,5,58042,58042,58042,fan,,,,,,,
361,11,6,82673,82673,82673,fan,,,,,,,
361,12,6,96554,96554,96554,fan,,,,,,,
361,13,7,130036,130036,130036,fan,,,,,,,
361,14,7,148496,148496,148496,fan,,,,,,,
361,15,8,192556,192556,192556,fan,,,,,,,
361,16,8,216624,216624,216624,fan,,,,,,,
361,17,9,272285,272285,272285,fan,,,,,,,
361,18,9,302290,302290,302290,fan,,,,,,,
361,19,10,371255,371255,371255,fan,,,,,,,
361,20,10,408210,408210,408210,fan,,,,,,,
361,21,11,491486,491486,491486,fan,,,,,,,
361,22,11,535712,535712,535712,fan,,,,,,,
361,23,12,634978,634978,634978,fan,,,,,,,
361,24,12,687472,687472,687472,fan,,,,,,,
361,25,13,803719,803719,803719,fan,,,,,,,
361,26,13,864794,864794,864794,fan,,,,,,,
361,27,14,999677,999677,999677,fan,,,,,,,
361,28,14,1070314,1070314,1070314,fan,,,,,,,
361,29,14,1526302,1526302,1526302,baseline,,,,,,,
361,30,15,1305312,1305312,1305312,fan,,,,,,,
361,31,15,1791400,1791400,1791400,baseline,,,,,,,
361,32,16,1572384,1572384,1572384,fan,,,,,,,
361,33,16,2087929,2087929,2087929,baseline,,,,,,,
361,34,17,1872786,1872786,1872786,fan,,,,,,,
361,35,17,2417813,2417813,2417813,baseline,,,,,,,
361,36,18,2209074,2209074,2209074,fan,,,,,,,
361,37,18,2782986,2782959,2782959,guided,0,1,110,1,3437637414,9136,832
361,38,19,2582480,2582480,2582480,fan,,,,,,,
361,39,19,3185333,3185269,3185269,guided,0,1,110,1,4030772576,9070,672
361,40,19,3876456,3876456,3876456,baseline,,,,,,,
361,41,20,3626733,3626618,3626618,guided,0,1,110,1,4689275212,8509,523
361,42,20,4353260,4353260,4353260,baseline,,,,,,,
361,43,21,4109114,4108866,4108866,guided,0,1,110,1,5416592047,6916,359
361,44,21,4870886,4870886,4870886,baseline,,,,,,,
361,45,22,4634128,4633858,4633858,guided,0,1,110,1,6217832691,7135,435
361,46,22,5431138,5431138,5431138,baseline,,,,,,,
361,47,23,5203913,5203422,5203422,deep,0,1,110,1,28284755422,25681,702
361,48,23,6035888,6035884,6035884,guided,1,3,110,1,4830399701,5025,565
361,49,23,6900300,6900300,6900300,baseline,,,,,,,
361,50,24,6686928,6686892,6686892,guided,1,3,110,1,5479955157,5195,586
361,51,24,7587651,7587651,7587651,baseline,,,,,,,
361,52,25,7386046,7386000,7386000,guided,0,3,110,1,6177266023,5124,505
361,53,25,8322968,8322968,8322968,baseline,,,,,,,
361,54,26,8135070,8134938,8134938,guided,0,3,110,1,6939369542,5304,604
361,55,26,9108030,9108030,9108030,baseline,,,,,,,
361,56,26,10103114,10103114,10103114,baseline,,,,,,,
361,57,27,9944602,9944601,9944601,deep,0,1,110,1,47094757913,21945,2385
361,58,27,10976446,10976446,10976446,baseline,,,,,,,
361,59,28,10834436,10834426,10834426,deep,0,1,110,1,52394469392,22097,2157
361,60,28,11902956,11902956,11902956,baseline,,,,,,,
361,61,29,11779261,11779235,11779235,deep,0,1,110,1,58066917956,21875,1919
361,62,29,12884328,12884328,12884328,baseline,,,,,,,
361,63,29,14017141,14017141,14017141,baseline,,,,,,,
361,64,30,13922310,13922310,13922310,baseline,,,,,,,
361,65,30,15092253,15092253,15092253,baseline,,,,,,,
361,66,31,15018570,15018566,15018566,guided,1,3,110,1,11994142030,6144,844
361,67,31,16225532,16225532,16225532,baseline,,,,,,,
361,68,31,17451868,17451868,17451868,baseline,,,,,,,
361,69,32,17418659,17418659,17418659,baseline,,,,,,,
361,70,32,18682348,18682348,18682348,baseline,,,,,,,
361,71,33,18673300,18673300,18673300,baseline,,,,,,,
361,72,33,19974214,19974214,19974214,baseline,,,,,,,
362,1,1,362,362,362,fan,,,,,,,
362,2,1,724,724,724,fan,,,,,,,
362,3,2,3252,3252,3252,fan,,,,,,,
362,4,2,5056,5056,5056,fan,,,,,,,
362,5,3,10824,10824,10824,fan,,,,,,,
362,6,3,14424,14424,14424,fan,,,,,,,
362,7,4,25212,25212,25212,fan,,,,,,,
362,8,4,31672,31672,31672,fan,,,,,,,
362,9,5,48538,48538,48538,fan,,,,,,,
362,10,5,58204,58204,58204,fan,,,,,,,
362,11,6,82904,82904,82904,fan,,,,,,,
362,12,6,96824,96824,96824,fan,,,,,,,
362,13,7,130400,130400,130400,fan,,,,,,,
362,14,7,148912,148912,148912,fan,,,,,,,
362,15,8,193096,193096,193096,fan,,,,,,,
362,16,8,217232,217232,217232,fan,,,,,,,
362,17,9,273050,273050,273050,fan,,,,,,,
362,18,9,303140,303140,303140,fan,,,,,,,
362,19,10,372300,372300,372300,fan,,,,,,,
362,20,10,409360,409360,409360,fan,,,,,,,
362,21,11,492872,492872,492872,fan,,,,,,,
362,22,11,537224,537224,537224,fan,,,,,,,
362,23,12,636772,636772,636772,fan,,,,,,,
362,24,12,689416,689416,689416,fan,,,,,,,
362,25,13,805994,805994,805994,fan,,,,,,,
362,26,13,867244,867244,867244,fan,,,,,,,
362,27,14,1002512,1002512,1002512,fan,,,,,,,
362,28,14,1073352,1073352,1073352,fan,,,,,,,
362,29,14,1531910,1531910,1531910,baseline,,,,,,,
362,30,15,1309024,1309024,1309024,fan,,,,,,,
362,31,15,1797858,1797858,1797858,baseline,,,,,,,
362,32,16,1576864,1576864,1576864,fan,,,,,,,
362,33,16,2095330,2095330,2095330,baseline,,,,,,,
362,34,17,1878132,1878132,1878132,fan,,,,,,,
362,35,17,2426254,2426254,2426254,baseline,,,,,,,
362,36,18,2215392,2215392,2215392,fan,,,,,,,
362,37,18,2792566,2792544,2792544,guided,0,3,110,1,2301357508,6086,554
362,38,19,2589880,2589880,2589880,fan,,,,,,,
362,39,19,3196162,3196106,3196106,guided,0,3,110,1,2697044758,6018,439
362,40,19,3891056,3891056,3891056,baseline,,,,,,,
362,41,20,3638930,3638824,3638824,guided,0,3,110,1,3137237616,5659,351
362,42,20,4369444,4369444,4369444,baseline,,,,,,,
362,43,21,4122794,4122562,4122562,guided,0,3,110,1,3624224958,4594,240
362,44,21,4888736,4888736,4888736,baseline,,,,,,,
362,45,22,4649454,4649174,4649174,guided,0,3,110,1,4157795725,4762,290
362,46,22,5450824,5450824,5450824,baseline,,,,,,,
362,47,23,5220958,5220490,5220490,guided,0,3,110,1,4740509360,4770,238
362,48,23,6057504,6057496,6057496,guided,1,3,110,1,4841930906,5026,566
362,49,23,6926610,6926610,6926610,baseline,,,,,,,
362,50,24,6710648,6710616,6710616,guided,1,3,110,1,5490532270,5192,586
362,51,24,7616254,7616254,7616254,baseline,,,,,,,
362,52,25,7411996,7411936,7411936,guided,0,3,110,1,6199321244,5160,532
362,53,25,8354010,8354010,8354010,baseline,,,,,,,
362,54,26,8163412,8163288,8163288,guided,0,3,110,1,6952279222,5293,574
362,55,26,9141664,9141664,9141664,baseline,,,,,,,
362,56,26,10142140,10142140,10142140,baseline,,,,,,,
362,57,27,9980986,9980982,9980982,deep,0,3,110,1,31495979064,14614,1626
362,58,27,11018420,11018420,11018420,baseline,,,,,,,
362,59,28,10873732,10873720,10873720,guided,0,3,110,1,8779643687,5579,712
362,60,28,11948040,11948040,11948040,baseline,,,,,,,
362,61,29,11821646,11821614,11821614,deep,0,3,110,1,38830491431,14515,1275
362,62,29,12932700,12932700,12932700,baseline,,,,,,,
362,63,29,14071642,14071642,14071642,baseline,,,,,,,
362,64,30,13974144,13974144,13974144,baseline,,,,,,,
362,65,30,15150424,15150424,15150424,baseline,,,,,,,
362,66,31,15074056,15074048,15074048,guided,1,3,110,1,12030711196,6156,848
362,67,31,16287554,16287554,16287554,baseline,,,,,,,
362,68,31,17520536,17520536,17520536,baseline,,,,,,,
362,69,32,17484724,17484724,17484724,baseline,,,,,,,
362,70,32,18755280,18755280,18755280,baseline,,,,,,,
362,71,33,18743602,18743602,18743602,baseline,,,,,,,
362,72,33,20051584,20051584,20051584,baseline,,,,,,,
363,1,1,363,363,363,fan,,,,,,,
363,2,1,726,726,726,fan,,,,,,,
363,3,2,3261,3261,3261,fan,,,,,,,
363,4,2,5070,5070,5070,fan,,,,,,,
363,5,3,10854,10854,10854,fan,,,,,,,
363,6,3,14464,14464,14464,fan,,,,,,,
363,7,4,25282,25282,25282,fan,,,,,,,
363,8,4,31760,31760,31760,fan,,,,,,,
363,9,5,48673,48673,48673,fan,,,,,,,
363,10,5,58366,58366,58366,fan,,,,,,,
363,11,6,83135,83135,83135,fan,,,,,,,
363,12,6,97094,97094,97094,fan,,,,,,,
363,13,7,130764,130764,130764,fan,,,,,,,
363,14,7,149328,149328,149328,fan,,,,,,,
363,15,8,193636,193636,193636,fan,,,,,,,
363,16,8,217840,217840,217840,fan,,,,,,,
363,17,9,273815,273815,273815,fan,,,,,,,
363,18,9,303990,303990,303990,fan,,,,,,,
363,19,10,373345,373345,373345,fan,,,,,,,
363,20,10,410510,410510,410510,fan,,,,,,,
363,21,11,494258,494258,494258,fan,,,,,,,
363,22,11,538736,538736,538736,fan,,,,,,,
363,23,12,638566,638566,638566,fan,,,,,,,
363,24,12,691360,691360,691360,fan,,,,,,,
363,25,13,808269,808269,808269,fan,,,,,,,
363,26,13,869694,869694,869694,fan,,,,,,,
363,27,14,1005347,1005347,1005347,fan,,,,,,,
363,28,14,1076390,1076390,1076390,fan,,,,,,,
363,29,14,1537532,1537532,1537532,baseline,,,,,,,
363,30,15,1312736,1312736,1312736,fan,,,,,,,
363,31,15,1804332,1804332,1804332,baseline,,,,,,,
363,32,16,1581344,1581344,1581344,fan,,,,,,,
363,33,16,2102747,2102747,2102747,baseline,,,,,,,
363,34,17,1883478,1883478,1883478,fan,,,,,,,
363,35,17,2434712,2434712,2434712,baseline,,,,,,,
363,36,18,2221710,2221710,2221710,fan,,,,,,,
363,37,18,2802164,2802147,2802147,guided,0,3,110,1,3458792092,9176,830
363,38,19,2597280,2597280,2597280,fan,,,,,,,
363,39,19,3207013,3206963,3206963,guided,0,3,110,1,4055982390,9074,651
363,40,19,3905698,3905698,3905698,baseline,,,,,,,
363,41,20,3651147,3651050,3651050,guided,0,3,110,1,4714072140,8595,531
363,42,20,4385632,4385632,4385632,baseline,,,,,,,
363,43,21,4136521,4136281,4136281,guided,0,3,110,1,5448236097,6919,387
363,44,21,4906632,4906632,4906632,baseline,,,,,,,
363,45,22,4664802,4664512,4664512,guided,0,3,110,1,6257277019,7157,435
363,46,22,5470514,5470514,5470514,baseline,,,,,,,
363,47,23,5238029,5237582,5237582,guided,0,3,110,1,7124328719,7164,354
363,48,23,6079162,6079158,6079158,guided,1,3,110,1,4856767596,5032,566
363,49,23,6952960,6952960,6952960,baseline,,,,,,,
363,50,24,6734370,6734344,6734344,guided,1,3,110,1,5508873463,5198,586
363,51,24,7644898,7644898,7644898,baseline,,,,,,,
363,52,25,7437978,7437924,7437924,deep,0,3,110,1,24752759547,13903,807
363,53,25,8385095,8385095,8385095,baseline,,,,,,,
363,54,26,8191782,8191640,8191640,guided,0,3,110,1,6963522365,5324,611
363,55,26,9175341,9175341,9175341,baseline,,,,,,,
363,56,26,10181226,10181226,10181226,baseline,,,,,,,
363,57,27,10017412,10017411,10017411,deep,0,3,110,1,47370003155,21993,2394
363,58,27,11060450,11060450,11060450,baseline,,,,,,,
363,59,28,10913077,10913063,10913063,deep,0,3,110,1,52688899280,21991,1909
363,60,28,11993184,11993184,11993184,baseline,,,,,,,
363,61,29,11864060,11864040,11864040,deep,0,3,110,1,58392971600,21912,1747
363,62,29,12981132,12981132,12981132,baseline,,,,,,,
363,63,29,14126219,14126219,14126219,baseline,,,,,,,
363,64,30,14026042,14026042,14026042,baseline,,,,,,,
363,65,30,15208676,15208676,15208676,baseline,,,,,,,
363,66,31,15129594,15129590,15129590,guided,1,3,110,1,12059263418,6150,844
363,67,31,16349664,16349664,16349664,baseline,,,,,,,
363,68,31,17589314,17589314,17589314,baseline,,,,,,,
363,69,32,17550876,17550876,17550876,baseline,,,,,,,
363,70,32,18828304,18828304,18828304,baseline,,,,,,,
363,71,33,18813991,18813991,18813991,baseline,,,,,,,
363,72,33,20129068,20129068,20129068,baseline,,,,,,,
364,1,1,364,364,364,fan,,,,,,,
364,2,1,728,728,728,fan,,,,,,,
364,3,2,3270,3270,3270,fan,,,,,,,
364,4,2,5084,5084,5084,fan,,,,,,,
364,5,3,10884,10884,10884,fan,,,,,,,
364,6,3,14504,14504,14504,fan,,,,,,,
364,7,4,25352,25352,25352,fan,,,,,,,
364,8,4,31848,31848,31848,fan,,,,,,,
364,9,5,48808,48808,48808,fan,,,,,,,
364,10,5,58528,58528,58528,fan,,,,,,,
364,11,6,83366,83366,83366,fan,,,,,,,
364,12,6,97364,97364,97364,fan,,,,,,,
364,13,7,131128,131128,131128,fan,,,,,,,
364,14,7,149744,149744,149744,fan,,,,,,,
364,15,8,194176,194176,194176,fan,,,,,,,
364,16,8,218448,218448,218448,fan,,,,,,,
364,17,9,274580,274580,274580,fan,,,,,,,
364,18,9,304840,304840,304840,fan,,,,,,,
364,19,10,374390,374390,374390,fan,,,,,,,
364,20,10,411660,411660,411660,fan,,,,,,,
364,21,11,495644,495644,495644,fan,,,,,,,
364,22,11,540248,540248,540248,fan,,,,,,,
364,23,12,640360,640360,640360,fan,,,,,,,
364,24,12,693304,693304,693304,fan,,,,,,,
364,25,13,810544,810544,810544,fan,,,,,,,
364,26,13,872144,872144,872144,fan,,,,,,,
364,27,14,1008182,1008182,1008182,fan,,,,,,,
364,28,14,1079428,1079428,1079428,fan,,,,,,,
364,29,14,1543154,1543154,1543154,baseline,,,,,,,
364,30,15,1316448,1316448,1316448,fan,,,,,,,
364,31,15,1810806,1810806,1810806,baseline,,,,,,,
364,32,16,1585824,1585824,1585824,fan,,,,,,,
364,33,16,2110164,2110164,2110164,baseline,,,,,,,
364,34,17,1888824,1888824,1888824,fan,,,,,,,
364,35,17,2443170,2443170,2443170,baseline,,,,,,,
364,36,18,2228028,2228028,2228028,fan,,,,,,,
364,37,18,2811762,2811750,2811750,guided,0,1,110,1,2312707180,6090,552
364,38,19,2604680,2604680,2604680,fan,,,,,,,
364,39,19,3217864,3217820,3217820,guided,0,3,110,1,2712922169,6046,429
364,40,19,3920340,3920340,3920340,baseline,,,,,,,
364,41,20,3663364,3663276,3663276,guided,0,1,110,1,3153782812,5675,361
364,42,20,4401860,4401860,4401860,baseline,,,,,,,
364,43,21,4150248,4150000,4150000,guided,0,3,110,1,3645024051,4625,267
364,44,21,4924528,4924528,4924528,baseline,,,,,,,
364,45,22,4680150,4679850,4679850,guided,0,1,110,1,4186610198,4778,290
364,46,22,5490248,5490248,5490248,baseline,,,,,,,
364,47,23,5255100,5254674,5254674,guided,0,3,110,1,4765074914,4782,235
364,48,23,6100820,6100820,6100820,baseline,,,,,,,
364,49,23,6979342,6979342,6979342,baseline,,,,,,,
364,50,24,6758140,6758120,6758120,guided,1,3,110,1,5526372846,5207,586
364,51,24,7673576,7673576,7673576,baseline,,,,,,,
364,52,25,7463960,7463912,7463912,guided,3,3,110,1,6220812698,5456,848
364,53,25,8416214,8416214,8416214,baseline,,,,,,,
364,54,26,8220204,8220044,8220044,guided,0,3,110,1,6988527971,5355,645
364,55,26,9209054,9209054,9209054,baseline,,,,,,,
364,56,26,10220368,10220368,10220368,baseline,,,,,,,
364,57,27,10053876,10053876,10053876,baseline,,,,,,,
364,58,27,11102544,11102544,11102544,baseline,,,,,,,
364,59,28,10952452,10952444,10952444,deep,0,1,110,1,35225921764,14532,1146
364,60,28,12038388,12038388,12038388,baseline,,,,,,,
364,61,29,11906528,11906508,11906508,guided,0,1,110,1,9793239037,5698,673
364,62,29,13029624,13029624,13029624,baseline,,,,,,,
364,63,29,14180878,14180878,14180878,baseline,,,,,,,
364,64,30,14078000,14078000,14078000,baseline,,,,,,,
364,65,30,15267002,15267002,15267002,baseline,,,,,,,
364,66,31,15185208,15185200,15185200,guided,1,3,110,1,12097116808,6156,848
364,67,31,16411848,16411848,16411848,baseline,,,,,,,
364,68,31,17658176,17658176,17658176,baseline,,,,,,,
364,69,32,17617108,17617108,17617108,baseline,,,,,,,
364,70,32,18901436,18901436,18901436,baseline,,,,,,,
364,71,33,18884464,18884464,18884464,baseline,,,,,,,
364,72,33,20206644,20206644,20206644,baseline,,,,,,,
365,1,1,365,365,365,fan,,,,,,,
365,2,1,730,730,730,fan,,,,,,,
365,3,2,3279,3279,3279,fan,,,,,,,
365,4,2,5098,5098,5098,fan,,,,,,,
365,5,3,10914,10914,10914,fan,,,,,,,
365,6,3,14544,14544,14544,fan,,,,,,,
365,7,4,25422,25422,25422,fan,,,,,,,
365,8,4,31936,31936,31936,fan,,,,,,,
365,9,5,48943,48943,48943,fan,,,,,,,
365,10,5,58690,58690,58690,fan,,,,,,,
365,11,6,83597,83597,83597,fan,,,,,,,
365,12,6,97634,97634,97634,fan,,,,,,,
365,13,7,131492,131492,131492,fan,,,,,,,
365,14,7,150160,150160,150160,fan,,,,,,,
365,15,8,194716,194716,194716,fan,,,,,,,
365,16,8,219056,219056,219056,fan,,,,,,,
365,17,9,275345,275345,275345,fan,,,,,,,
365,18,9,305690,305690,305690,fan,,,,,,,
365,19,10,375435,375435,375435,fan,,,,,,,
365,20,10,412810,412810,412810,fan,,,,,,,
365,21,11,497030,497030,497030,fan,,,,,,,
365,22,11,541760,541760,541760,fan,,,,,,,
365,23,12,642154,642154,642154,fan,,,,,,,
365,24,12,695248,695248,695248,fan,,,,,,,
365,25,13,812819,812819,812819,fan,,,,,,,
365,26,13,874594,874594,874594,fan,,,,,,,
365,27,14,1011017,1011017,1011017,fan,,,,,,,
365,28,14,1082466,1082466,1082466,fan,,,,,,,
365,29,14,1548791,1548791,1548791,baseline,,,,,,,
365,30,15,1320160,1320160,1320160,fan,,,,,,,
365,31,15,1817295,1817295,1817295,baseline,,,,,,,
365,32,16,1590304,1590304,1590304,fan,,,,,,,
365,33,16,2117597,2117597,2117597,baseline,,,,,,,
365,34,17,1894170,1894170,1894170,fan,,,,,,,
365,35,17,2451645,2451645,2451645,baseline,,,,,,,
365,36,18,2234346,2234346,2234346,fan,,,,,,,
365,37,18,2821381,2821372,2821372,guided,0,1,110,1,3476356374,9182,847
365,38,19,2612080,2612080,2612080,fan,,,,,,,
365,39,19,3228734,3228696,3228696,guided,0,1,110,1,4076287730,9148,645
365,40,19,3935022,3935022,3935022,baseline,,,,,,,
365,41,20,3675617,3675524,3675524,guided,0,1,110,1,4741234055,8586,558
365,42,20,4418090,4418090,4418090,baseline,,,,,,,
365,43,21,4163993,4163740,4163740,guided,0,1,110,1,5477845918,6974,414
365,44,21,4942468,4942468,4942468,baseline,,,,,,,
365,45,22,4695521,4695211,4695211,deep,0,1,110,1,25076946024,27771,931
365,46,22,5509984,5509984,5509984,baseline,,,,,,,
365,47,23,5272194,5271789,5271789,guided,0,1,110,1,7166590663,7185,351
365,48,23,6122534,6122530,6122530,guided,1,3,110,1,4889530659,5051,570
365,49,23,7005762,7005762,7005762,baseline,,,,,,,
365,50,24,6781928,6781898,6781898,guided,1,3,110,1,5539805463,5207,586
365,51,24,7702294,7702294,7702294,baseline,,,,,,,
365,52,25,7490016,7489952,7489952,deep,0,3,110,1,24892662136,14023,936
365,53,25,8447377,8447377,8447377,baseline,,,,,,,
365,54,26,8248600,8248448,8248448,deep,0,3,110,1,27933782424,14480,1074
365,55,26,9242812,9242812,9242812,baseline,,,,,,,
365,56,26,10259570,10259570,10259570,baseline,,,,,,,
365,57,27,10090387,10090387,10090387,baseline,,,,,,,
365,58,27,11144694,11144694,11144694,baseline,,,,,,,
365,59,28,10991887,10991873,10991873,deep,0,1,110,1,52973870955,22181,2123
365,60,28,12083656,12083656,12083656,baseline,,,,,,,
365,61,29,11949046,11949024,11949024,guided,0,1,110,1,14713651525,8576,1055
365,62,29,13078176,13078176,13078176,baseline,,,,,,,
365,63,29,14235619,14235619,14235619,baseline,,,,,,,
365,64,30,14130022,14130022,14130022,baseline,,,,,,,
365,65,30,15325412,15325412,15325412,baseline,,,,,,,
365,66,31,15240874,15240870,15240870,guided,1,3,110,1,12137781690,6166,852
365,67,31,16474118,16474118,16474118,baseline,,,,,,,
365,68,31,17727150,17727150,17727150,baseline,,,,,,,
365,69,32,17683426,17683426,17683426,baseline,,,,,,,
365,70,32,18974662,18974662,18974662,baseline,,,,,,,
365,71,33,18955025,18955025,18955025,baseline,,,,,,,
365,72,33,20284336,20284336,20284336,baseline,,,,,,,
365,73,33,21640103,21640103,21640103,baseline,,,,,,,
366,1,1,366,366,366,fan,,,,,,,
366,2,1,732,732,732,fan,,,,,,,
366,3,2,3288,3288,3288,fan,,,,,,,
366,4,2,5112,5112,5112,fan,,,,,,,
366,5,3,10944,10944,10944,fan,,,,,,,
366,6,3,14584,14584,14584,fan,,,,,,,
366,7,4,25492,25492,25492,fan,,,,,,,
366,8,4,32024,32024,32024,fan,,,,,,,
366,9,5,49078,49078,49078,fan,,,,,,,
366,10,5,58852,58852,58852,fan,,,,,,,
366,11,6,83828,83828,83828,fan,,,,,,,
366,12,6,97904,97904,97904,fan,,,,,,,
366,13,7,131856,131856,131856,fan,,,,,,,
366,14,7,150576,150576,150576,fan,,,,,,,
366,15,8,195256,195256,195256,fan,,,,,,,
366,16,8,219664,219664,219664,fan,,,,,,,
366,17,9,276110,276110,276110,fan,,,,,,,
366,18,9,306540,306540,306540,fan,,,,,,,
366,19,10,376480,376480,376480,fan,,,,,,,
366,20,10,413960,413960,413960,fan,,,,,,,
366,21,11,498416,498416,498416,fan,,,,,,,
366,22,11,543272,543272,543272,fan,,,,,,,
366,23,12,643948,643948,643948,fan,,,,,,,
366,24,12,697192,697192,697192,fan,,,,,,,
366,25,13,815094,815094,815094,fan,,,,,,,
366,26,13,877044,877044,877044,fan,,,,,,,
366,27,14,1013852,1013852,1013852,fan,,,,,,,
366,28,14,1085504,1085504,1085504,fan,,,,,,,
366,29,14,1554428,1554428,1554428,baseline,,,,,,,
366,30,15,1323872,1323872,1323872,fan,,,,,,,
366,31,15,1823784,1823784,1823784,baseline,,,,,,,
366,32,16,1594784,1594784,1594784,fan,,,,,,,
366,33,16,2125030,2125030,2125030,baseline,,,,,,,
366,34,17,1899516,1899516,1899516,fan,,,,,,,
366,35,17,2460120,2460120,2460120,baseline,,,,,,,
366,36,18,2240664,2240664,2240664,fan,,,,,,,
366,37,18,2831000,2830994,2830994,guided,0,3,110,1,2327750054,6128,571
366,38,19,2619480,2619480,2619480,fan,,,,,,,
366,39,19,3239604,3239572,3239572,guided,0,3,110,1,2727486315,6081,423
366,40,19,3949704,3949704,3949704,baseline,,,,,,,
366,41,20,3687870,3687772,3687772,guided,0,3,110,1,3171387967,5718,377
366,42,20,4434360,4434360,4434360,baseline,,,,,,,
366,43,21,4177744,4177480,4177480,guided,0,3,110,1,3664416404,4656,294
366,44,21,4960408,4960408,4960408,baseline,,,,,,,
366,45,22,4710892,4710572,4710572,guided,2,3,110,1,4206903204,4778,256
366,46,22,5529764,5529764,5529764,baseline,,,,,,,
366,47,23,5289288,5288904,5288904,guided,0,3,110,1,4789710141,4794,232
366,48,23,6144248,6144240,6144240,guided,1,3,110,1,4907377470,5064,574
366,49,23,7032216,7032216,7032216,baseline,,,,,,,
366,50,24,6805764,6805724,6805724,guided,1,3,110,1,5553020472,5210,586
366,51,24,7731046,7731046,7731046,baseline,,,,,,,
366,52,25,7516072,7515992,7515992,guided,0,3,110,1,6258160774,5226,604
366,53,25,8478572,8478572,8478572,baseline,,,,,,,
366,54,26,8277048,8276904,8276904,deep,0,3,110,1,28005788653,14490,1045
366,55,26,9276606,9276606,9276606,baseline,,,,,,,
366,56,26,10298828,10298828,10298828,baseline,,,,,,,
366,57,27,10126936,10126936,10126936,baseline,,,,,,,
366,58,27,11186908,11186908,11186908,baseline,,,,,,,
366,59,28,11031352,11031340,11031340,guided,1,3,110,1,8883792781,5832,802
366,60,28,12128984,12128984,12128984,baseline,,,,,,,
366,61,29,11991596,11991580,11991580,guided,0,3,110,1,9848123003,5700,672
366,62,29,13126792,13126792,13126792,baseline,,,,,,,
366,63,29,14290440,14290440,14290440,baseline,,,,,,,
366,64,30,14182104,14182104,14182104,baseline,,,,,,,
366,65,30,15383902,15383902,15383902,baseline,,,,,,,
366,66,31,15296608,15296608,15296608,baseline,,,,,,,
366,67,31,16536464,16536464,16536464,baseline,,,,,,,
366,68,31,17796208,17796208,17796208,baseline,,,,,,,
366,69,32,17749824,17749824,17749824,baseline,,,,,,,
366,70,32,19047996,19047996,19047996,baseline,,,,,,,
366,71,33,19025668,19025668,19025668,baseline,,,,,,,
366,72,33,20362120,20362120,20362120,baseline,,,,,,,
366,73,33,21725168,21725168,21725168,baseline,,,,,,,
367,1,1,367,367,367,fan,,,,,,,
367,2,1,734,734,734,fan,,,,,,,
367,3,2,3297,3297,3297,fan,,,,,,,
367,4,2,5126,5126,5126,fan,,,,,,,
367,5,3,10974,10974,10974,fan,,,,,,,
367,6,3,14624,14624,14624,fan,,,,,,,
367,7,4,25562,25562,25562,fan,,,,,,,
367,8,4,32112,32112,32112,fan,,,,,,,
367,9,5,49213,49213,49213,fan,,,,,,,
367,10,5,59014,59014,59014,fan,,,,,,,
367,11,6,84059,84059,84059,fan,,,,,,,
367,12,6,98174,98174,98174,fan,,,,,,,
367,13,7,132220,132220,132220,fan,,,,,,,
367,14,7,150992,150992,150992,fan,,,,,,,
367,15,8,195796,195796,195796,fan,,,,,,,
367,16,8,220272,220272,220272,fan,,,,,,,
367,17,9,276875,276875,276875,fan,,,,,,,
367,18,9,307390,307390,307390,fan,,,,,,,
367,19,10,377525,377525,377525,fan,,,,,,,
367,20,10,415110,415110,415110,fan,,,,,,,
367,21,11,499802,499802,499802,fan,,,,,,,
367,22,11,544784,544784,544784,fan,,,,,,,
367,23,12,645742,645742,645742,fan,,,,,,,
367,24,12,699136,699136,699136,fan,,,,,,,
367,25,13,817369,817369,817369,fan,,,,,,,
367,26,13,879494,879494,879494,fan,,,,,,,
367,27,14,1016687,1016687,1016687,fan,,,,,,,
367,28,14,1088542,1088542,1088542,fan,,,,,,,
367,29,14,1560079,1560079,1560079,baseline,,,,,,,
367,30,15,1327584,1327584,1327584,fan,,,,,,,
367,31,15,1830288,1830288,1830288,baseline,,,,,,,
367,32,16,1599264,1599264,1599264,fan,,,,,,,
367,33,16,2132479,2132479,2132479,baseline,,,,,,,
367,34,17,1904862,1904862,1904862,fan,,,,,,,
367,35,17,2468613,2468613,2468613,baseline,,,,,,,
367,36,18,2246982,2246982,2246982,fan,,,,,,,
367,37,18,2840637,2840634,2840634,guided,0,3,110,1,3496917708,9250,866
367,38,19,2626880,2626880,2626880,fan,,,,,,,
367,39,19,3250503,3250469,3250469,guided,0,3,110,1,4099180594,9152,636
367,40,19,3964424,3964424,3964424,baseline,,,,,,,
367,41,20,3700143,3700040,3700040,guided,0,3,110,1,4766445809,8691,579
367,42,20,4450634,4450634,4450634,baseline,,,,,,,
367,43,21,4191490,4191242,4191242,guided,0,3,110,1,5510582161,7003,462
367,44,21,4978394,4978394,4978394,baseline,,,,,,,
367,45,22,4726285,4725955,4725955,guided,2,3,110,1,6323080566,7177,382
367,46,22,5549548,5549548,5549548,baseline,,,,,,,
367,47,23,5306439,5306044,5306044,guided,0,3,110,1,7210979568,7218,359
367,48,23,6166004,6166000,6166000,guided,1,3,110,1,4920441577,5072,573
367,49,23,7058707,7058707,7058707,baseline,,,,,,,
367,50,24,6829584,6829554,6829554,guided,1,3,110,1,5569373423,5223,587
367,51,24,7759839,7759839,7759839,baseline,,,,,,,
367,52,25,7542156,7542086,7542086,deep,0,3,110,1,25028015321,14101,1017
367,53,25,8509813,8509813,8509813,baseline,,,,,,,
367,54,26,8305498,8305364,8305364,deep,0,3,110,1,28083087074,14396,943
367,55,26,9310443,9310443,9310443,baseline,,,,,,,
367,56,26,10338146,10338146,10338146,baseline,,,,,,,
367,57,27,10163530,10163530,10163530,baseline,,,,,,,
367,58,27,11229178,11229178,11229178,baseline,,,,,,,
367,59,28,11070863,11070856,11070856,guided,1,3,110,1,13350335082,8753,1205
367,60,28,12174376,12174376,12174376,baseline,,,,,,,
367,61,29,12034208,12034186,12034186,deep,0,3,110,1,59038727605,21977,1691
367,62,29,13175472,13175472,13175472,baseline,,,,,,,
367,63,29,14345346,14345346,14345346,baseline,,,,,,,
367,64,30,14234250,14234250,14234250,baseline,,,,,,,
367,65,30,15442479,15442479,15442479,baseline,,,,,,,
367,66,31,15352410,15352406,15352406,guided,1,3,110,1,12213114516,6164,850
367,67,31,16598896,16598896,16598896,baseline,,,,,,,
367,68,31,17865376,17865376,17865376,baseline,,,,,,,
367,69,32,17816309,17816309,17816309,baseline,,,,,,,
367,70,32,19121422,19121422,19121422,baseline,,,,,,,
367,71,33,19096401,19096401,19096401,baseline,,,,,,,
367,72,33,20440018,20440018,20440018,baseline,,,,,,,
367,73,33,21810355,21810355,21810355,baseline,,,,,,,
368,1,1,368,368,368,fan,,,,,,,
368,2,1,736,736,736,fan,,,,,,,
368,3,2,3306,3306,3306,fan,,,,,,,
368,4,2,5140,5140,5140,fan,,,,,,,
368,5,3,11004,11004,11004,fan,,,,,,,
368,6,3,14664,14664,14664,fan,,,,,,,
368,7,4,25632,25632,25632,fan,,,,,,,
368,8,4,32200,32200,32200,fan,,,,,,,
368,9,5,49348,49348,49348,fan,,,,,,,
368,10,5,59176,59176,59176,fan,,,,,,,
368,11,6,84290,84290,84290,fan,,,,,,,
368,12,6,98444,98444,98444,fan,,,,,,,
368,13,7,132584,132584,132584,fan,,,,,,,
368,14,7,151408,151408,151408,fan,,,,,,,
368,15,8,196336,196336,196336,fan,,,,,,,
368,16,8,220880,220880,220880,fan,,,,,,,
368,17,9,277640,277640,277640,fan,,,,,,,
368,18,9,308240,308240,308240,fan,,,,,,,
368,19,10,378570,378570,378570,fan,,,,,,,
368,20,10,416260,416260,416260,fan,,,,,,,
368,21,11,501188,501188,501188,fan,,,,,,,
368,22,11,546296,546296,546296,fan,,,,,,,
368,23,12,647536,647536,647536,fan,,,,,,,
368,24,12,701080,701080,701080,fan,,,,,,,
368,25,13,819644,819644,819644,fan,,,,,,,
368,26,13,881944,881944,881944,fan,,,,,,,
368,27,14,1019522,1019522,1019522,fan,,,,,,,
368,28,14,1091580,1091580,1091580,fan,,,,,,,
368,29,14,1565730,1565730,1565730,baseline,,,,,,,
368,30,15,1331296,1331296,1331296,fan,,,,,,,
368,31,15,1836792,1836792,1836792,baseline,,,,,,,
368,32,16,1603744,1603744,1603744,fan,,,,,,,
368,33,16,2139928,2139928,2139928,baseline,,,,,,,
368,34,17,1910208,1910208,1910208,fan,,,,,,,
368,35,17,2477106,2477106,2477106,baseline,,,,,,,
368,36,18,2253300,2253300,2253300,fan,,,,,,,
368,37,18,2850274,2850274,2850274,baseline,,,,,,,
368,38,19,2634280,2634280,2634280,fan,,,,,,,
368,39,19,3261402,3261366,3261366,guided,0,3,110,1,2740897317,6093,421
368,40,19,3979144,3979144,3979144,baseline,,,,,,,
368,41,20,3712416,3712308,3712308,guided,0,1,110,1,3188667905,5753,391
368,42,20,4466948,4466948,4466948,baseline,,,,,,,
368,43,21,4205236,4205004,4205004,guided,0,3,110,1,3686499009,4678,315
368,44,21,4996380,4996380,4996380,baseline,,,,,,,
368,45,22,4741678,4741338,4741338,deep,0,1,110,1,16860149315,18591,614
368,46,22,5569376,5569376,5569376,baseline,,,,,,,
368,47,23,5323590,5323184,5323184,guided,0,3,110,1,4821263321,4821,243
368,48,23,6187760,6187760,6187760,baseline,,,,,,,
368,49,23,7085234,7085234,7085234,baseline,,,,,,,
368,50,24,6853452,6853432,6853432,guided,0,3,110,1,5583987369,5110,618
368,51,24,7788664,7788664,7788664,baseline,,,,,,,
368,52,25,7568240,7568180,7568180,deep,0,3,110,1,25098305778,14060,928
368,53,25,8541086,8541086,8541086,baseline,,,,,,,
368,54,26,8334000,8333876,8333876,guided,0,3,110,1,7065872005,5326,565
368,55,26,9344318,9344318,9344318,baseline,,,,,,,
368,56,26,10377520,10377520,10377520,baseline,,,,,,,
368,57,27,10200162,10200162,10200162,baseline,,,,,,,
368,58,27,11271512,11271512,11271512,baseline,,,,,,,
368,59,28,11110412,11110408,11110408,guided,0,1,110,1,8942810364,5632,764
368,60,28,12219828,12219828,12219828,baseline,,,,,,,
368,61,29,12076852,12076832,12076832,deep,0,1,110,1,39467213848,14490,1039
368,62,29,13224216,13224216,13224216,baseline,,,,,,,
368,63,29,14400332,14400332,14400332,baseline,,,,,,,
368,64,30,14286460,14286460,14286460,baseline,,,,,,,
368,65,30,15501138,15501138,15501138,baseline,,,,,,,
368,66,31,15408272,15408272,15408272,baseline,,,,,,,
368,67,31,16661410,16661410,16661410,baseline,,,,,,,
368,68,31,17934628,17934628,17934628,baseline,,,,,,,
368,69,32,17882872,17882872,17882872,baseline,,,,,,,
368,70,32,19194956,19194956,19194956,baseline,,,,,,,
368,71,33,19167216,19167216,19167216,baseline,,,,,,,
368,72,33,20518008,20518008,20518008,baseline,,,,,,,
368,73,34,20516126,20516126,20516126,baseline,,,,,,,
369,1,1,369,369,369,fan,,,,,,,
369,2,1,738,738,738,fan,,,,,,,
369,3,2,3315,3315,3315,fan,,,,,,,
369,4,2,5154,5154,5154,fan,,,,,,,
369,5,3,11034,11034,11034,fan,,,,,,,
369,6,3,14704,14704,14704,fan,,,,,,,
369,7,4,25702,25702,25702,fan,,,,,,,
369,8,4,32288,32288,32288,fan,,,,,,,
369,9,5,49483,49483,49483,fan,,,,,,,
369,10,5,59338,59338,59338,fan,,,,,,,
369,11,6,84521,84521,84521,fan,,,,,,,
369,12,6,98714,98714,98714,fan,,,,,,,
369,13,7,132948,132948,132948,fan,,,,,,,
369,14,7,151824,151824,151824,fan,,,,,,,
369,15,8,196876,196876,196876,fan,,,,,,,
369,16,8,221488,221488,221488,fan,,,,,,,
369,17,9,278405,278405,278405,fan,,,,,,,
369,18,9,309090,309090,309090,fan,,,,,,,
369,19,10,379615,379615,379615,fan,,,,,,,
369,20,10,417410,417410,417410,fan,,,,,,,
369,21,11,502574,502574,502574,fan,,,,,,,
369,22,11,547808,547808,547808,fan,,,,,,,
369,23,12,649330,649330,649330,fan,,,,,,,
369,24,12,703024,703024,703024,fan,,,,,,,
369,25,13,821919,821919,821919,fan,,,,,,,
369,26,13,884394,884394,884394,fan,,,,,,,
369,27,14,1022357,1022357,1022357,fan,,,,,,,
369,28,14,1094618,1094618,1094618,fan,,,,,,,
369,29,14,1571395,1571395,1571395,baseline,,,,,,,
369,30,15,1335008,1335008,1335008,fan,,,,,,,
369,31,15,1843311,1843311,1843311,baseline,,,,,,,
369,32,16,1608224,1608224,1608224,fan,,,,,,,
369,33,16,2147394,2147394,2147394,baseline,,,,,,,
369,34,17,1915554,1915554,1915554,fan,,,,,,,
369,35,17,2485616,2485616,2485616,baseline,,,,,,,
369,36,18,2259618,2259618,2259618,fan,,,,,,,
369,37,18,2859933,2859932,2859932,guided,0,1,110,1,3514630606,9242,845
369,38,19,2641680,2641680,2641680,fan,,,,,,,
369,39,19,3272320,3272282,3272282,guided,0,1,110,1,4119022512,9195,635
369,40,19,3993904,3993904,3993904,baseline,,,,,,,
369,41,20,3724710,3724597,3724597,guided,0,1,110,1,4792599660,8703,576
369,42,20,4483264,4483264,4483264,baseline,,,,,,,
369,43,21,4219003,4218787,4218787,guided,0,1,110,1,5543104400,7052,483
369,44,21,5014410,5014410,5014410,baseline,,,,,,,
369,45,22,4757094,4756745,4756745,deep,0,1,110,1,25355447980,27985,871
369,46,22,5589206,5589206,5589206,baseline,,,,,,,
369,47,23,5340764,5340347,5340347,guided,0,1,110,1,7242530443,7245,370
369,48,23,6209572,6209568,6209568,guided,1,3,110,1,4942718380,5085,574
369,49,23,7111801,7111801,7111801,baseline,,,,,,,
369,50,24,6877342,6877312,6877312,guided,1,3,110,1,5602573871,5237,589
369,51,24,7817532,7817532,7817532,baseline,,,,,,,
369,52,25,7594376,7594326,7594326,deep,0,3,110,1,25159387159,14111,964
369,53,25,8572403,8572403,8572403,baseline,,,,,,,
369,54,26,8362536,8362390,8362390,guided,0,3,110,1,7082702587,5397,654
369,55,26,9378235,9378235,9378235,baseline,,,,,,,
369,56,26,10416946,10416946,10416946,baseline,,,,,,,
369,57,27,10236840,10236840,10236840,baseline,,,,,,,
369,58,27,11313902,11313902,11313902,baseline,,,,,,,
369,59,28,11150012,11150011,11150011,guided,0,1,110,1,13438848565,8435,1100
369,60,28,12265344,12265344,12265344,baseline,,,,,,,
369,61,29,12119544,12119526,12119526,deep,0,1,110,1,59344096852,21938,1571
369,62,29,13273024,13273024,13273024,baseline,,,,,,,
369,63,29,14455400,14455400,14455400,baseline,,,,,,,
369,64,30,14338738,14338738,14338738,baseline,,,,,,,
369,65,30,15559884,15559884,15559884,baseline,,,,,,,
369,66,31,15464206,15464198,15464198,guided,0,3,110,1,12280378986,5972,746
369,67,31,16724016,16724016,16724016,baseline,,,,,,,
369,68,31,18003992,18003992,18003992,baseline,,,,,,,
369,69,32,17949525,17949525,17949525,baseline,,,,,,,
369,70,32,19268584,19268584,19268584,baseline,,,,,,,
369,71,33,19238119,19238119,19238119,baseline,,,,,,,
369,72,33,20596114,20596114,20596114,baseline,,,,,,,
369,73,34,20591484,20591481,20591481,guided,1,1,110,1,24394658947,9831,1353
370,1,1,370,370,370,fan,,,,,,,
370,2,1,740,740,740,fan,,,,,,,
370,3,2,3324,3324,3324,fan,,,,,,,
370,4,2,5168,5168,5168,fan,,,,,,,
370,5,3,11064,11064,11064,fan,,,,,,,
370,6,3,14744,14744,14744,fan,,,,,,,
370,7,4,25772,25772,25772,fan,,,,,,,
370,8,4,32376,32376,32376,fan,,,,,,,
370,9,5,49618,49618,49618,fan,,,,,,,
370,10,5,59500,59500,59500,fan,,,,,,,
370,11,6,84752,84752,84752,fan,,,,,,,
370,12,6,98984,98984,98984,fan,,,,,,,
370,13,7,133312,133312,133312,fan,,,,,,,
370,14,7,152240,152240,152240,fan,,,,,,,
370,15,8,197416,197416,197416,fan,,,,,,,
370,16,8,222096,222096,222096,fan,,,,,,,
370,17,9,279170,279170,279170,fan,,,,,,,
370,18,9,309940,309940,309940,fan,,,,,,,
370,19,10,380660,380660,380660,fan,,,,,,,
370,20,10,418560,418560,418560,fan,,,,,,,
370,21,11,503960,503960,503960,fan,,,,,,,
370,22,11,549320,549320,549320,fan,,,,,,,
370,23,12,651124,651124,651124,fan,,,,,,,
370,24,12,704968,704968,704968,fan,,,,,,,
370,25,13,824194,824194,824194,fan,,,,,,,
370,26,13,886844,886844,886844,fan,,,,,,,
370,27,14,1025192,1025192,1025192,fan,,,,,,,
370,28,14,1097656,1097656,1097656,fan,,,,,,,
370,29,14,1577060,1577060,1577060,baseline,,,,,,,
370,30,15,1338720,1338720,1338720,fan,,,,,,,
370,31,15,1849830,1849830,1849830,baseline,,,,,,,
370,32,16,1612704,1612704,1612704,fan,,,,,,,
370,33,16,2154860,2154860,2154860,baseline,,,,,,,
370,34,17,1920900,1920900,1920900,fan,,,,,,,
370,35,17,2494126,2494126,2494126,baseline,,,,,,,
370,36,18,2265936,2265936,2265936,fan,,,,,,,
370,37,18,2869592,2869590,2869590,guided,0,3,110,1,2350927502,6150,550
370,38,19,2649080,2649080,2649080,fan,,,,,,,
370,39,19,3283238,3283198,3283198,guided,0,3,110,1,2757134957,6101,418
370,40,19,4008664,4008664,4008664,baseline,,,,,,,
370,41,20,3737004,3736886,3736886,guided,0,3,110,1,3205377916,5795,379
370,42,20,4499620,4499620,4499620,baseline,,,,,,,
370,43,21,4232770,4232570,4232570,guided,0,3,110,1,3708597962,4700,336
370,44,21,5032440,5032440,5032440,baseline,,,,,,,
370,45,22,4772510,4772152,4772152,guided,2,3,110,1,4253384490,4809,266
370,46,22,5609080,5609080,5609080,baseline,,,,,,,
370,47,23,5357938,5357510,5357510,guided,0,3,110,1,4852855270,4848,254
370,48,23,6231384,6231376,6231376,guided,1,3,110,1,4951965768,5090,576
370,49,23,7138402,7138402,7138402,baseline,,,,,,,
370,50,24,6901280,6901240,6901240,guided,1,3,110,1,5615820345,5244,590
370,51,24,7846434,7846434,7846434,baseline,,,,,,,
370,52,25,7620512,7620472,7620472,guided,0,3,110,1,6322811378,5250,610
370,53,25,8603754,8603754,8603754,baseline,,,,,,,
370,54,26,8391124,8390956,8390956,guided,0,3,110,1,7098995465,5400,657
370,55,26,9412190,9412190,9412190,baseline,,,,,,,
370,56,26,10456428,10456428,10456428,baseline,,,,,,,
370,57,27,10273554,10273554,10273554,baseline,,,,,,,
370,58,27,11356356,11356356,11356356,baseline,,,,,,,
370,59,28,11189652,11189650,11189650,guided,0,3,110,1,8987139943,5616,715
370,60,28,12310920,12310920,12310920,baseline,,,,,,,
370,61,29,12162286,12162262,12162262,guided,0,3,110,1,9943144710,5742,714
370,62,29,13321896,13321896,13321896,baseline,,,,,,,
370,63,29,14510550,14510550,14510550,baseline,,,,,,,
370,64,30,14391080,14391080,14391080,baseline,,,,,,,
370,65,30,15618712,15618712,15618712,baseline,,,,,,,
370,66,31,15520196,15520196,15520196,baseline,,,,,,,
370,67,31,16786702,16786702,16786702,baseline,,,,,,,
370,68,31,18073440,18073440,18073440,baseline,,,,,,,
370,69,32,18016262,18016262,18016262,baseline,,,,,,,
370,70,32,19342320,19342320,19342320,baseline,,,,,,,
370,71,33,19309106,19309106,19309106,baseline,,,,,,,
370,72,33,20674312,20674312,20674312,baseline,,,,,,,
370,73,34,20666926,20666924,20666924,guided,1,3,110,1,16335200475,6561,904
370,74,34,22071144,22071144,22071144,baseline,,,,,,,
371,1,1,371,371,371,fan,,,,,,,
371,2,1,742,742,742,fan,,,,,,,
371,3,2,3333,3333,3333,fan,,,,,,,
371,4,2,5182,5182,5182,fan,,,,,,,
371,5,3,11094,11094,11094,fan,,,,,,,
371,6,3,14784,14784,14784,fan,,,,,,,
371,7,4,25842,25842,25842,fan,,,,,,,
371,8,4,32464,32464,32464,fan,,,,,,,
371,9,5,49753,49753,49753,fan,,,,,,,
371,10,5,59662,59662,59662,fan,,,,,,,
371,11,6,84983,84983,84983,fan,,,,,,,
371,12,6,99254,99254,99254,fan,,,,,,,
371,13,7,133676,133676,133676,fan,,,,,,,
371,14,7,152656,152656,152656,fan,,,,,,,
371,15,8,197956,197956,197956,fan,,,,,,,
371,16,8,222704,222704,222704,fan,,,,,,,
371,17,9,279935,279935,279935,fan,,,,,,,
371,18,9,310790,310790,310790,fan,,,,,,,
371,19,10,381705,381705,381705,fan,,,,,,,
371,20,10,419710,419710,419710,fan,,,,,,,
371,21,11,505346,505346,505346,fan,,,,,,,
371,22,11,550832,550832,550832,fan,,,,,,,
371,23,12,652918,652918,652918,fan,,,,,,,
371,24,12,706912,706912,706912,fan,,,,,,,
371,25,13,826469,826469,826469,fan,,,,,,,
371,26,13,889294,889294,889294,fan,,,,,,,
371,27,14,1028027,1028027,1028027,fan,,,,,,,
371,28,14,1100694,1100694,1100694,fan,,,,,,,
371,29,14,1582739,1582739,1582739,baseline,,,,,,,
371,30,15,1342432,1342432,1342432,fan,,,,,,,
371,31,15,1856365,1856365,1856365,baseline,,,,,,,
371,32,16,1617184,1617184,1617184,fan,,,,,,,
371,33,16,2162342,2162342,2162342,baseline,,,,,,,
371,34,17,1926246,1926246,1926246,fan,,,,,,,
371,35,17,2502653,2502653,2502653,baseline,,,,,,,
371,36,18,2272254,2272254,2272254,fan,,,,,,,
371,37,18,2879269,2879266,2879266,guided,0,3,110,1,3534447748,9262,805
371,38,19,2656480,2656480,2656480,fan,,,,,,,
371,39,19,3294168,3294134,3294134,guided,0,3,110,1,4142824261,9217,706
371,40,19,4023462,4023462,4023462,baseline,,,,,,,
371,41,20,3749318,3749195,3749195,guided,0,3,110,1,4819573687,8850,576
371,42,20,4515976,4515976,4515976,baseline,,,,,,,
371,43,21,4246570,4246376,4246376,guided,0,3,110,1,5572478075,7061,477
371,44,21,5050516,5050516,5050516,baseline,,,,,,,
371,45,22,4787948,4787581,4787581,guided,2,3,110,1,6392496563,7225,406
371,46,22,5628958,5628958,5628958,baseline,,,,,,,
371,47,23,5375137,5374697,5374697,guided,2,3,110,1,7289074771,7400,537
371,48,23,6253238,6253234,6253234,guided,1,3,110,1,4965544000,5099,577
371,49,23,7165046,7165046,7165046,baseline,,,,,,,
371,50,24,6925202,6925172,6925172,guided,1,3,110,1,5627753790,5250,592
371,51,24,7875379,7875379,7875379,baseline,,,,,,,
371,52,25,7646724,7646672,7646672,deep,0,3,110,1,25292898075,14555,1067
371,53,25,8635148,8635148,8635148,baseline,,,,,,,
371,54,26,8419680,8419526,8419526,guided,0,3,110,1,7123341655,5409,657
371,55,26,9446188,9446188,9446188,baseline,,,,,,,
371,56,26,10495962,10495962,10495962,baseline,,,,,,,
371,57,27,10310316,10310316,10310316,baseline,,,,,,,
371,58,27,11398866,11398866,11398866,baseline,,,,,,,
371,59,28,11229341,11229338,11229338,deep,0,3,110,1,53841480112,22183,1885
371,60,28,12356560,12356560,12356560,baseline,,,,,,,
371,61,29,12205063,12205045,12205045,guided,0,3,110,1,14953692273,8665,1135
371,62,29,13370832,13370832,13370832,baseline,,,,,,,
371,63,29,14565780,14565780,14565780,baseline,,,,,,,
371,64,30,14443490,14443490,14443490,baseline,,,,,,,
371,65,30,15677627,15677627,15677627,baseline,,,,,,,
371,66,31,15576258,15576258,15576258,baseline,,,,,,,
371,67,32,15490203,15489945,15489945,guided,0,3,110,1,19958923576,9108,1078
371,68,31,18143000,18143000,18143000,baseline,,,,,,,
371,69,32,18083092,18083092,18083092,baseline,,,,,,,
371,70,32,19416148,19416148,19416148,baseline,,,,,,,
371,71,33,19380181,19380181,19380181,baseline,,,,,,,
371,72,33,20752624,20752624,20752624,baseline,,,,,,,
371,73,34,20742457,20742456,20742456,guided,1,3,110,1,24512879522,9838,1358
371,74,34,22154118,22154118,22154118,baseline,,,,,,,
372,1,1,372,372,372,fan,,,,,,,
372,2,1,744,744,744,fan,,,,,,,
372,3,2,3342,3342,3342,fan,,,,,,,
372,4,2,5196,5196,5196,fan,,,,,,,
372,5,3,11124,11124,11124,fan,,,,,,,
372,6,3,14824,14824,14824,fan,,,,,,,
372,7,4,25912,25912,25912,fan,,,,,,,
372,8,4,32552,32552,32552,fan,,,,,,,
372,9,5,49888,49888,49888,fan,,,,,,,
372,10,5,59824,59824,59824,fan,,,,,,,
372,11,6,85214,85214,85214,fan,,,,,,,
372,12,6,99524,99524,99524,fan,,,,,,,
372,13,7,134040,134040,134040,fan,,,,,,,
372,14,7,153072,153072,153072,fan,,,,,,,
372,15,8,198496,198496,198496,fan,,,,,,,
372,16,8,223312,223312,223312,fan,,,,,,,
372,17,9,280700,280700,280700,fan,,,,,,,
372,18,9,311640,311640,311640,fan,,,,,,,
372,19,10,382750,382750,382750,fan,,,,,,,
372,20,10,420860,420860,420860,fan,,,,,,,
372,21,11,506732,506732,506732,fan,,,,,,,
372,22,11,552344,552344,552344,fan,,,,,,,
372,23,12,654712,654712,654712,fan,,,,,,,
372,24,12,708856,708856,708856,fan,,,,,,,
372,25,13,828744,828744,828744,fan,,,,,,,
372,26,13,891744,891744,891744,fan,,,,,,,
372,27,14,1030862,1030862,1030862,fan,,,,,,,
372,28,14,1103732,1103732,1103732,fan,,,,,,,
372,29,14,1588418,1588418,1588418,baseline,,,,,,,
372,30,15,1346144,1346144,1346144,fan,,,,,,,
372,31,15,1862900,1862900,1862900,baseline,,,,,,,
372,32,16,1621664,1621664,1621664,fan,,,,,,,
372,33,16,2169824,2169824,2169824,baseline,,,,,,,
372,34,17,1931592,1931592,1931592,fan,,,,,,,
372,35,17,2511180,2511180,2511180,baseline,,,,,,,
372,36,18,2278572,2278572,2278572,fan,,,,,,,
372,37,18,2888946,2888942,2888942,guided,0,1,110,1,2364049299,6140,510
372,38,19,2663880,2663880,2663880,fan,,,,,,,
372,39,19,3305098,3305070,3305070,guided,0,3,110,1,2771555886,6152,496
372,40,19,4038260,4038260,4038260,baseline,,,,,,,
372,41,20,3761632,3761504,3761504,guided,0,1,110,1,3224191855,5868,371
372,42,20,4532372,4532372,4532372,baseline,,,,,,,
372,43,21,4260370,4260182,4260182,guided,0,3,110,1,3727205966,4714,309
372,44,21,5068592,5068592,5068592,baseline,,,,,,,
372,45,22,4803374,4803010,4803010,guided,0,1,110,1,4274768874,4806,284
372,46,22,5648880,5648880,5648880,baseline,,,,,,,
372,47,23,5392336,5391884,5391884,guided,2,3,110,1,4874763140,4937,343
372,48,23,6275092,6275092,6275092,baseline,,,,,,,
372,49,23,7191724,7191724,7191724,baseline,,,,,,,
372,50,24,6949172,6949152,6949152,guided,1,3,110,1,5641198444,5256,594
372,51,24,7904360,7904360,7904360,baseline,,,,,,,
372,52,25,7672936,7672872,7672872,deep,0,3,110,1,25351477424,14730,1128
372,53,25,8666578,8666578,8666578,baseline,,,,,,,
372,54,26,8448280,8448148,8448148,guided,0,3,110,1,7141262697,5421,657
372,55,26,9480222,9480222,9480222,baseline,,,,,,,
372,56,26,10535552,10535552,10535552,baseline,,,,,,,
372,57,27,10347114,10347114,10347114,baseline,,,,,,,
372,58,27,11441432,11441432,11441432,baseline,,,,,,,
372,59,28,11269064,11269064,11269064,baseline,,,,,,,
372,60,28,12402260,12402260,12402260,baseline,,,,,,,
372,61,29,12247890,12247870,12247870,guided,0,1,110,1,10007619216,5777,752
372,62,29,13419832,13419832,13419832,baseline,,,,,,,
372,63,29,14621084,14621084,14621084,baseline,,,,,,,
372,64,30,14495964,14495964,14495964,baseline,,,,,,,
372,65,30,15736622,15736622,15736622,baseline,,,,,,,
372,66,31,15632392,15632392,15632392,baseline,,,,,,,
372,67,31,16912344,16912344,16912344,baseline,,,,,,,
372,68,31,18212652,18212652,18212652,baseline,,,,,,,
372,69,32,18150008,18150008,18150008,baseline,,,,,,,
372,70,32,19490084,19490084,19490084,baseline,,,,,,,
372,71,33,19451346,19451346,19451346,baseline,,,,,,,
372,72,33,20831028,20831028,20831028,baseline,,,,,,,
372,73,34,20818074,20818074,20818074,baseline,,,,,,,
372,74,34,22237212,22237212,22237212,baseline,,,,,,,
373,1,1,373,373,373,fan,,,,,,,
373,2,1,746,746,746,fan,,,,,,,
373,3,2,3351,3351,3351,fan,,,,,,,
373,4,2,5210,5210,5210,fan,,,,,,,
373,5,3,11154,11154,11154,fan,,,,,,,
373,6,3,14864,14864,14864,fan,,,,,,,
373,7,4,25982,25982,25982,fan,,,,,,,
373,8,4,32640,32640,32640,fan,,,,,,,
373,9,5,50023,50023,50023,fan,,,,,,,
373,10,5,59986,59986,59986,fan,,,,,,,
373,11,6,85445,85445,85445,fan,,,,,,,
373,12,6,99794,99794,99794,fan,,,,,,,
373,13,7,134404,134404,134404,fan,,,,,,,
373,14,7,153488,153488,153488,fan,,,,,,,
373,15,8,199036,199036,199036,fan,,,,,,,
373,16,8,223920,223920,223920,fan,,,,,,,
373,17,9,281465,281465,281465,fan,,,,,,,
373,18,9,312490,312490,312490,fan,,,,,,,
373,19,10,383795,383795,383795,fan,,,,,,,
373,20,10,422010,422010,422010,fan,,,,,,,
373,21,11,508118,508118,508118,fan,,,,,,,
373,22,11,553856,553856,553856,fan,,,,,,,
373,23,12,656506,656506,656506,fan,,,,,,,
373,24,12,710800,710800,710800,fan,,,,,,,
373,25,13,831019,831019,831019,fan,,,,,,,
373,26,13,894194,894194,894194,fan,,,,,,,
373,27,14,1033697,1033697,1033697,fan,,,,,,,
373,28,14,1106770,1106770,1106770,fan,,,,,,,
373,29,14,1594112,1594112,1594112,baseline,,,,,,,
373,30,15,1349856,1349856,1349856,fan,,,,,,,
373,31,15,1869450,1869450,1869450,baseline,,,,,,,
373,32,16,1626144,1626144,1626144,fan,,,,,,,
373,33,16,2177322,2177322,2177322,baseline,,,,,,,
373,34,17,1936938,1936938,1936938,fan,,,,,,,
373,35,17,2519724,2519724,2519724,baseline,,,,,,,
373,36,18,2284890,2284890,2284890,fan,,,,,,,
373,37,18,2898642,2898637,2898637,guided,0,1,110,1,3551667863,9261,824
373,38,19,2671280,2671280,2671280,fan,,,,,,,
373,39,19,3316047,3316025,3316025,guided,0,1,110,1,4165857375,9308,788
373,40,19,4053098,4053098,4053098,baseline,,,,,,,
373,41,20,3773952,3773835,3773835,guided,0,1,110,1,4844360104,8868,557
373,42,20,4548770,4548770,4548770,baseline,,,,,,,
373,43,21,4274191,4274009,4274009,guided,0,1,110,1,5600492716,7099,450
373,44,21,5086712,5086712,5086712,baseline,,,,,,,
373,45,22,4818812,4818462,4818462,deep,1,1,110,1,25623998067,30476,1108
373,46,22,5668804,5668804,5668804,baseline,,,,,,,
373,47,23,5409558,5409094,5409094,deep,0,1,110,1,29223892558,28280,818
373,48,23,6297002,6296998,6296998,guided,1,3,110,1,4994683136,5120,581
373,49,23,7218442,7218442,7218442,baseline,,,,,,,
373,50,24,6973164,6973134,6973134,guided,1,3,110,1,5658368083,5268,596
373,51,24,7933384,7933384,7933384,baseline,,,,,,,
373,52,25,7699176,7699124,7699124,deep,0,3,110,1,25420073647,15160,1071
373,53,25,8698054,8698054,8698054,baseline,,,,,,,
373,54,26,8476926,8476772,8476772,guided,0,3,110,1,7161275647,5417,647
373,55,26,9514301,9514301,9514301,baseline,,,,,,,
373,56,26,10575194,10575194,10575194,baseline,,,,,,,
373,57,27,10383958,10383958,10383958,baseline,,,,,,,
373,58,27,11484054,11484054,11484054,baseline,,,,,,,
373,59,28,11308841,11308838,11308838,deep,0,1,110,1,54134344130,22440,2196
373,60,28,12448024,12448024,12448024,baseline,,,,,,,
373,61,29,12290765,12290743,12290743,deep,0,1,110,1,59995444201,22346,2009
373,62,29,13468896,13468896,13468896,baseline,,,,,,,
373,63,29,14676464,14676464,14676464,baseline,,,,,,,
373,64,30,14548506,14548506,14548506,baseline,,,,,,,
373,65,30,15795707,15795707,15795707,baseline,,,,,,,
373,66,31,15688590,15688590,15688590,baseline,,,,,,,
373,67,32,15596629,15596395,15596395,guided,0,1,110,1,20090025565,9175,1104
373,68,32,16890960,16890940,16890940,guided,0,3,110,1,13626107951,6092,676
373,69,32,18217017,18217017,18217017,baseline,,,,,,,
373,70,32,19564116,19564116,19564116,baseline,,,,,,,
373,71,33,19522605,19522605,19522605,baseline,,,,,,,
373,72,33,20909548,20909548,20909548,baseline,,,,,,,
373,73,34,20893784,20893784,20893784,baseline,,,,,,,
373,74,34,22320400,22320400,22320400,baseline,,,,,,,
374,1,1,374,374,374,fan,,,,,,,
374,2,1,748,748,748,fan,,,,,,,
374,3,2,3360,3360,3360,fan,,,,,,,
374,4,2,5224,5224,5224,fan,,,,,,,
374,5,3,11184,11184,11184,fan,,,,,,,
374,6,3,14904,14904,14904,fan,,,,,,,
374,7,4,26052,26052,26052,fan,,,,,,,
374,8,4,32728,32728,32728,fan,,,,,,,
374,9,5,50158,50158,50158,fan,,,,,,,
374,10,5,60148,60148,60148,fan,,,,,,,
374,11,6,85676,85676,85676,fan,,,,,,,
374,12,6,100064,100064,100064,fan,,,,,,,
374,13,7,134768,134768,134768,fan,,,,,,,
374,14,7,153904,153904,153904,fan,,,,,,,
374,15,8,199576,199576,199576,fan,,,,,,,
374,16,8,224528,224528,224528,fan,,,,,,,
374,17,9,282230,282230,282230,fan,,,,,,,
374,18,9,313340,313340,313340,fan,,,,,,,
374,19,10,384840,384840,384840,fan,,,,,,,
374,20,10,423160,423160,423160,fan,,,,,,,
374,21,11,509504,509504,509504,fan,,,,,,,
374,22,11,555368,555368,555368,fan,,,,,,,
374,23,12,658300,658300,658300,fan,,,,,,,
374,24,12,712744,712744,712744,fan,,,,,,,
374,25,13,833294,833294,833294,fan,,,,,,,
374,26,13,896644,896644,896644,fan,,,,,,,
374,27,14,1036532,1036532,1036532,fan,,,,,,,
374,28,14,1109808,1109808,1109808,fan,,,,,,,
374,29,14,1599806,1599806,1599806,baseline,,,,,,,
374,30,15,1353568,1353568,1353568,fan,,,,,,,
374,31,15,1876000,1876000,1876000,baseline,,,,,,,
374,32,16,1630624,1630624,1630624,fan,,,,,,,
374,33,16,2184820,2184820,2184820,baseline,,,,,,,
374,34,17,1942284,1942284,1942284,fan,,,,,,,
374,35,17,2528268,2528268,2528268,baseline,,,,,,,
374,36,18,2291208,2291208,2291208,fan,,,,,,,
374,37,18,2908338,2908332,2908332,guided,0,3,110,1,2377043853,6182,569
374,38,19,2678680,2678680,2678680,fan,,,,,,,
374,39,19,3326996,3326980,3326980,guided,0,3,110,1,2786920068,6205,573
374,40,19,4067936,4067936,4067936,baseline,,,,,,,
374,41,20,3786272,3786166,3786166,guided,0,3,110,1,3241376553,5914,371
374,42,20,4565208,4565208,4565208,baseline,,,,,,,
374,43,21,4288012,4287836,4287836,guided,0,3,110,1,3745557509,4728,282
374,44,21,5104832,5104832,5104832,baseline,,,,,,,
374,45,22,4834250,4833914,4833914,guided,2,3,110,1,4299276273,4836,274
374,46,22,5688772,5688772,5688772,baseline,,,,,,,
374,47,23,5426780,5426304,5426304,guided,2,3,110,1,4901112613,4944,300
374,48,23,6318912,6318904,6318904,guided,1,3,110,1,5010244766,5132,584
374,49,23,7245196,7245196,7245196,baseline,,,,,,,
374,50,24,6997204,6997164,6997164,guided,1,3,110,1,5676536548,5280,598
374,51,24,7962444,7962444,7962444,baseline,,,,,,,
374,52,25,7725416,7725376,7725376,guided,0,3,110,1,6394583196,5280,610
374,53,25,8729564,8729564,8729564,baseline,,,,,,,
374,54,26,8505624,8505448,8505448,guided,0,3,110,1,7178051246,5414,637
374,55,26,9548418,9548418,9548418,baseline,,,,,,,
374,56,26,10614892,10614892,10614892,baseline,,,,,,,
374,57,27,10420840,10420840,10420840,baseline,,,,,,,
374,58,27,11526732,11526732,11526732,baseline,,,,,,,
374,59,28,11348652,11348650,11348650,deep,0,3,110,1,36192822414,14957,1562
374,60,28,12493848,12493848,12493848,baseline,,,,,,,
374,61,29,12333672,12333656,12333656,deep,0,3,110,1,40110255928,14811,1300
374,62,29,13518024,13518024,13518024,baseline,,,,,,,
374,63,29,14731920,14731920,14731920,baseline,,,,,,,
374,64,30,14601112,14601112,14601112,baseline,,,,,,,
374,65,30,15854868,15854868,15854868,baseline,,,,,,,
374,66,31,15744860,15744860,15744860,baseline,,,,,,,
374,67,31,17038332,17038332,17038332,baseline,,,,,,,
374,68,32,16951064,16951056,16951056,guided,1,3,110,1,13631277627,6343,864
374,69,32,18284112,18284112,18284112,baseline,,,,,,,
374,70,32,19638264,19638264,19638264,baseline,,,,,,,
374,71,33,19593952,19593952,19593952,baseline,,,,,,,
374,72,33,20988160,20988160,20988160,baseline,,,,,,,
374,73,34,20969586,20969586,20969586,baseline,,,,,,,
374,74,34,22403708,22403708,22403708,baseline,,,,,,,
375,1,1,375,375,375,fan,,,,,,,
375,2,1,750,750,750,fan,,,,,,,
375,3,2,3369,3369,3369,fan,,,,,,,
375,4,2,5238,5238,5238,fan,,,,,,,
375,5,3,11214,11214,11214,fan,,,,,,,
375,6,3,14944,14944,14944,fan,,,,,,,
375,7,4,26122,26122,26122,fan,,,,,,,
375,8,4,32816,32816,32816,fan,,,,,,,
375,9,5,50293,50293,50293,fan,,,,,,,
375,10,5,60310,60310,60310,fan,,,,,,,
375,11,6,85907,85907,85907,fan,,,,,,,
375,12,6,100334,100334,100334,fan,,,,,,,
375,13,7,135132,135132,135132,fan,,,,,,,
375,14,7,154320,154320,154320,fan,,,,,,,
375,15,8,200116,200116,200116,fan,,,,,,,
375,16,8,225136,225136,225136,fan,,,,,,,
375,17,9,282995,282995,282995,fan,,,,,,,
375,18,9,314190,314190,314190,fan,,,,,,,
375,19,10,385885,385885,385885,fan,,,,,,,
375,20,10,424310,424310,424310,fan,,,,,,,
375,21,11,510890,510890,510890,fan,,,,,,,
375,22,11,556880,556880,556880,fan,,,,,,,
375,23,12,660094,660094,660094,fan,,,,,,,
375,24,12,714688,714688,714688,fan,,,,,,,
375,25,13,835569,835569,835569,fan,,,,,,,
375,26,13,899094,899094,899094,fan,,,,,,,
375,27,14,1039367,1039367,1039367,fan,,,,,,,
375,28,14,1112846,1112846,1112846,fan,,,,,,,
375,29,14,1605514,1605514,1605514,baseline,,,,,,,
375,30,15,1357280,1357280,1357280,fan,,,,,,,
375,31,15,1882565,1882565,1882565,baseline,,,,,,,
375,32,16,1635104,1635104,1635104,fan,,,,,,,
375,33,16,2192334,2192334,2192334,baseline,,,,,,,
375,34,17,1947630,1947630,1947630,fan,,,,,,,
375,35,17,2536830,2536830,2536830,baseline,,,,,,,
375,36,18,2297526,2297526,2297526,fan,,,,,,,
375,37,18,2918052,2918045,2918045,guided,0,3,110,1,3571922223,9339,883
375,38,19,2686080,2686080,2686080,fan,,,,,,,
375,39,19,3337972,3337954,3337954,guided,0,3,110,1,4189461903,9317,818
375,40,19,4082812,4082812,4082812,baseline,,,,,,,
375,41,20,3798612,3798517,3798517,guided,0,3,110,1,4869584465,9002,570
375,42,20,4581646,4581646,4581646,baseline,,,,,,,
375,43,21,4301859,4301685,4301685,guided,0,3,110,1,5629970597,7106,425
375,44,21,5122994,5122994,5122994,baseline,,,,,,,
375,45,22,4849704,4849388,4849388,guided,2,3,110,1,6461778400,7262,408
375,46,22,5708744,5708744,5708744,baseline,,,,,,,
375,47,23,5443992,5443539,5443539,guided,2,3,110,1,7369203699,7452,513
375,48,23,6340864,6340860,6340860,guided,1,3,110,1,5026219730,5142,586
375,49,23,7271990,7271990,7271990,baseline,,,,,,,
375,50,24,7021228,7021198,7021198,guided,1,3,110,1,5690713302,5283,599
375,51,24,7991547,7991547,7991547,baseline,,,,,,,
375,52,25,7751734,7751682,7751682,guided,0,3,110,1,6412527611,5293,617
375,53,25,8761123,8761123,8761123,baseline,,,,,,,
375,54,26,8534282,8534128,8534128,deep,0,3,110,1,28699752397,14645,1094
375,55,26,9582580,9582580,9582580,baseline,,,,,,,
375,56,26,10654642,10654642,10654642,baseline,,,,,,,
375,57,27,10457767,10457767,10457767,baseline,,,,,,,
375,58,27,11569466,11569466,11569466,baseline,,,,,,,
375,59,28,11388512,11388511,11388511,deep,0,3,110,1,54425914260,22441,2116
375,60,28,12539728,12539728,12539728,baseline,,,,,,,
375,61,29,12376629,12376619,12376619,deep,0,3,110,1,60319689468,22400,1943
375,62,29,13567216,13567216,13567216,baseline,,,,,,,
375,63,29,14787451,14787451,14787451,baseline,,,,,,,
375,64,30,14653786,14653786,14653786,baseline,,,,,,,
375,65,30,15914110,15914110,15914110,baseline,,,,,,,
375,66,31,15801194,15801194,15801194,baseline,,,,,,,
375,67,32,15703252,15703042,15703042,guided,0,3,110,1,20185325258,9212,1140
375,68,32,17011264,17011244,17011244,guided,1,3,110,1,13666067133,6364,871
375,69,32,18351300,18351300,18351300,baseline,,,,,,,
375,70,32,19712514,19712514,19712514,baseline,,,,,,,
375,71,33,19665396,19665396,19665396,baseline,,,,,,,
375,72,33,21066888,21066888,21066888,baseline,,,,,,,
375,73,34,21045483,21045483,21045483,baseline,,,,,,,
375,74,34,22487108,22487108,22487108,baseline,,,,,,,
375,75,34,23957107,23957107,23957107,baseline,,,,,,,
376,1,1,376,376,376,fan,,,,,,,
376,2,1,752,752,752,fan,,,,,,,
376,3,2,3378,3378,3378,fan,,,,,,,
376,4,2,5252,5252,5252,fan,,,,,,,
376,5,3,11244,11244,11244,fan,,,,,,,
376,6,3,14984,14984,14984,fan,,,,,,,
376,7,4,26192,26192,26192,fan,,,,,,,
376,8,4,32904,32904,32904,fan,,,,,,,
376,9,5,50428,50428,50428,fan,,,,,,,
376,10,5,60472,60472,60472,fan,,,,,,,
376,11,6,86138,86138,86138,fan,,,,,,,
376,12,6,100604,100604,100604,fan,,,,,,,
376,13,7,135496,135496,135496,fan,,,,,,,
376,14,7,154736,154736,154736,fan,,,,,,,
376,15,8,200656,200656,200656,fan,,,,,,,
376,16,8,225744,225744,225744,fan,,,,,,,
376,17,9,283760,283760,283760,fan,,,,,,,
376,18,9,315040,315040,315040,fan,,,,,,,
376,19,10,386930,386930,386930,fan,,,,,,,
376,20,10,425460,425460,425460,fan,,,,,,,
376,21,11,512276,512276,512276,fan,,,,,,,
376,22,11,558392,558392,558392,fan,,,,,,,
376,23,12,661888,661888,661888,fan,,,,,,,
376,24,12,716632,716632,716632,fan,,,,,,,
376,25,13,837844,837844,837844,fan,,,,,,,
376,26,13,901544,901544,901544,fan,,,,,,,
376,27,14,1042202,1042202,1042202,fan,,,,,,,
376,28,14,1115884,1115884,1115884,fan,,,,,,,
376,29,14,1611222,1611222,1611222,baseline,,,,,,,
376,30,15,1360992,1360992,1360992,fan,,,,,,,
376,31,15,1889130,1889130,1889130,baseline,,,,,,,
376,32,16,1639584,1639584,1639584,fan,,,,,,,
376,33,16,2199848,2199848,2199848,baseline,,,,,,,
376,34,17,1952976,1952976,1952976,fan,,,,,,,
376,35,17,2545392,2545392,2545392,baseline,,,,,,,
376,36,18,2303844,2303844,2303844,fan,,,,,,,
376,37,18,2927766,2927758,2927758,guided,0,1,110,1,2389373984,6227,628
376,38,19,2693480,2693480,2693480,fan,,,,,,,
376,39,19,3348948,3348928,3348928,guided,0,3,110,1,2802491477,6198,530
376,40,19,4097688,4097688,4097688,baseline,,,,,,,
376,41,20,3810952,3810868,3810868,guided,0,1,110,1,3257945455,5961,372
376,42,20,4598124,4598124,4598124,baseline,,,,,,,
376,43,21,4315706,4315534,4315534,guided,0,3,110,1,3765938622,4736,284
376,44,21,5141156,5141156,5141156,baseline,,,,,,,
376,45,22,4865158,4864862,4864862,deep,1,1,110,1,17222906401,20247,760
376,46,22,5728760,5728760,5728760,baseline,,,,,,,
376,47,23,5461204,5460774,5460774,guided,2,3,110,1,4931119628,4984,364
376,48,23,6362816,6362816,6362816,baseline,,,,,,,
376,49,23,7298820,7298820,7298820,baseline,,,,,,,
376,50,24,7045300,7045280,7045280,guided,1,3,110,1,5699313772,5283,600
376,51,24,8020684,8020684,8020684,baseline,,,,,,,
376,52,25,7778052,7777988,7777988,guided,0,3,110,1,6430575896,5306,624
376,53,25,8792716,8792716,8792716,baseline,,,,,,,
376,54,26,8562996,8562860,8562860,deep,0,3,110,1,28776233349,14612,1002
376,55,26,9616782,9616782,9616782,baseline,,,,,,,
376,56,26,10694448,10694448,10694448,baseline,,,,,,,
376,57,27,10494734,10494734,10494734,baseline,,,,,,,
376,58,27,11612256,11612256,11612256,baseline,,,,,,,
376,59,28,11428412,11428408,11428408,deep,0,1,110,1,36383423205,14770,1216
376,60,28,12585668,12585668,12585668,baseline,,,,,,,
376,61,29,12419636,12419622,12419622,deep,0,1,110,1,40332209695,14897,1380
376,62,29,13616472,13616472,13616472,baseline,,,,,,,
376,63,29,14843058,14843058,14843058,baseline,,,,,,,
376,64,30,14706524,14706524,14706524,baseline,,,,,,,
376,65,30,15973426,15973426,15973426,baseline,,,,,,,
376,66,31,15857600,15857600,15857600,baseline,,,,,,,
376,67,31,17164668,17164668,17164668,baseline,,,,,,,
376,68,32,17071508,17071500,17071500,guided,1,3,110,1,13714376734,6365,868
376,69,32,18418572,18418572,18418572,baseline,,,,,,,
376,70,32,19786880,19786880,19786880,baseline,,,,,,,
376,71,33,19736928,19736928,19736928,baseline,,,,,,,
376,72,33,21145716,21145716,21145716,baseline,,,,,,,
376,73,34,21121474,21121474,21121474,baseline,,,,,,,
376,74,34,22570628,22570628,22570628,baseline,,,,,,,
376,75,34,24048302,24048302,24048302,baseline,,,,,,,
377,1,1,377,377,377,fan,,,,,,,
377,2,1,754,754,754,fan,,,,,,,
377,3,2,3387,3387,3387,fan,,,,,,,
377,4,2,5266,5266,5266,fan,,,,,,,
377,5,3,11274,11274,11274,fan,,,,,,,
377,6,3,15024,15024,15024,fan,,,,,,,
377,7,4,26262,26262,26262,fan,,,,,,,
377,8,4,32992,32992,32992,fan,,,,,,,
377,9,5,50563,50563,50563,fan,,,,,,,
377,10,5,60634,60634,60634,fan,,,,,,,
377,11,6,86369,86369,86369,fan,,,,,,,
377,12,6,100874,100874,100874,fan,,,,,,,
377,13,7,135860,135860,135860,fan,,,,,,,
377,14,7,155152,155152,155152,fan,,,,,,,
377,15,8,201196,201196,201196,fan,,,,,,,
377,16,8,226352,226352,226352,fan,,,,,,,
377,17,9,284525,284525,284525,fan,,,,,,,
377,18,9,315890,315890,315890,fan,,,,,,,
377,19,10,387975,387975,387975,fan,,,,,,,
377,20,10,426610,426610,426610,fan,,,,,,,
377,21,11,513662,513662,513662,fan,,,,,,,
377,22,11,559904,559904,559904,fan,,,,,,,
377,23,12,663682,663682,663682,fan,,,,,,,
377,24,12,718576,718576,718576,fan,,,,,,,
377,25,13,840119,840119,840119,fan,,,,,,,
377,26,13,903994,903994,903994,fan,,,,,,,
377,27,14,1045037,1045037,1045037,fan,,,,,,,
377,28,14,1118922,1118922,1118922,fan,,,,,,,
377,29,14,1616944,1616944,1616944,baseline,,,,,,,
377,30,15,1364704,1364704,1364704,fan,,,,,,,
377,31,15,1895710,1895710,1895710,baseline,,,,,,,
377,32,16,1644064,1644064,1644064,fan,,,,,,,
377,33,16,2207379,2207379,2207379,baseline,,,,,,,
377,34,17,1958322,1958322,1958322,fan,,,,,,,
377,35,17,2553971,2553971,2553971,baseline,,,,,,,
377,36,18,2310162,2310162,2310162,fan,,,,,,,
377,37,18,2937496,2937489,2937489,guided,0,1,110,1,3593798053,9341,903
377,38,19,2700880,2700880,2700880,fan,,,,,,,
377,39,19,3359943,3359921,3359921,guided,0,1,110,1,4210677027,9355,787
377,40,19,4112604,4112604,4112604,baseline,,,,,,,
377,41,20,3823327,3823240,3823240,guided,0,1,110,1,4896787463,9029,566
377,42,20,4614604,4614604,4614604,baseline,,,,,,,
377,43,21,4329574,4329404,4329404,guided,0,1,110,1,5658231063,7289,429
377,44,21,5159362,5159362,5159362,baseline,,,,,,,
377,45,22,4880638,4880360,4880360,deep,1,1,110,1,25898846320,30848,1142
377,46,22,5748778,5748778,5748778,baseline,,,,,,,
377,47,23,5478439,5478032,5478032,deep,0,1,110,1,29537195423,28734,892
377,48,23,6384820,6384820,6384820,baseline,,,,,,,
377,49,23,7325690,7325690,7325690,baseline,,,,,,,
377,50,24,7069394,7069364,7069364,guided,1,3,110,1,5720265819,5295,603
377,51,24,8049867,8049867,8049867,baseline,,,,,,,
377,52,25,7804398,7804346,7804346,guided,0,3,110,1,6450889197,5321,627
377,53,25,8824355,8824355,8824355,baseline,,,,,,,
377,54,26,8591752,8591594,8591594,deep,0,3,110,1,28847105233,14753,1152
377,55,26,9651029,9651029,9651029,baseline,,,,,,,
377,56,26,10734306,10734306,10734306,baseline,,,,,,,
377,57,27,10531749,10531749,10531749,baseline,,,,,,,
377,58,27,11655102,11655102,11655102,baseline,,,,,,,
377,59,28,11468357,11468356,11468356,deep,0,1,110,1,54706403833,22357,1891
377,60,28,12631664,12631664,12631664,baseline,,,,,,,
377,61,29,12462691,12462673,12462673,guided,0,1,110,1,15196049099,8625,1008
377,62,29,13665792,13665792,13665792,baseline,,,,,,,
377,63,29,14898741,14898741,14898741,baseline,,,,,,,
377,64,30,14759330,14759330,14759330,baseline,,,,,,,
377,65,30,16032825,16032825,16032825,baseline,,,,,,,
377,66,31,15914070,15914070,15914070,baseline,,,,,,,
377,67,32,15810083,15809885,15809885,guided,0,1,110,1,20302823728,9243,1165
377,68,32,17131848,17131828,17131828,guided,1,3,110,1,13746485681,6393,876
377,69,32,18485940,18485940,18485940,baseline,,,,,,,
377,70,32,19861350,19861350,19861350,baseline,,,,,,,
377,71,33,19808554,19808554,19808554,baseline,,,,,,,
377,72,33,21224670,21224670,21224670,baseline,,,,,,,
377,73,34,21197560,21197560,21197560,baseline,,,,,,,
377,74,34,22654244,22654244,22654244,baseline,,,,,,,
377,75,34,24139621,24139621,24139621,baseline,,,,,,,
378,1,1,378,378,378,fan,,,,,,,
378,2,1,756,756,756,fan,,,,,,,
378,3,2,3396,3396,3396,fan,,,,,,,
378,4,2,5280,5280,5280,fan,,,,,,,
378,5,3,11304,11304,11304,fan,,,,,,,
378,6,3,15064,15064,15064,fan,,,,,,,
378,7,4,26332,26332,26332,fan,,,,,,,
378,8,4,33080,33080,33080,fan,,,,,,,
378,9,5,50698,50698,50698,fan,,,,,,,
378,10,5,60796,60796,60796,fan,,,,,,,
378,11,6,86600,86600,86600,fan,,,,,,,
378,12,6,101144,101144,101144,fan,,,,,,,
378,13,7,136224,136224,136224,fan,,,,,,,
378,14,7,155568,155568,155568,fan,,,,,,,
378,15,8,201736,201736,201736,fan,,,,,,,
378,16,8,226960,226960,226960,fan,,,,,,,
378,17,9,285290,285290,285290,fan,,,,,,,
378,18,9,316740,316740,316740,fan,,,,,,,
378,19,10,389020,389020,389020,fan,,,,,,,
378,20,10,427760,427760,427760,fan,,,,,,,
378,21,11,515048,515048,515048,fan,,,,,,,
378,22,11,561416,561416,561416,fan,,,,,,,
378,23,12,665476,665476,665476,fan,,,,,,,
378,24,12,720520,720520,720520,fan,,,,,,,
378,25,13,842394,842394,842394,fan,,,,,,,
378,26,13,906444,906444,906444,fan,,,,,,,
378,27,14,1047872,1047872,1047872,fan,,,,,,,
378,28,14,1121960,1121960,1121960,fan,,,,,,,
378,29,14,1622666,1622666,1622666,baseline,,,,,,,
378,30,15,1368416,1368416,1368416,fan,,,,,,,
378,31,15,1902290,1902290,1902290,baseline,,,,,,,
378,32,16,1648544,1648544,1648544,fan,,,,,,,
378,33,16,2214910,2214910,2214910,baseline,,,,,,,
378,34,17,1963668,1963668,1963668,fan,,,,,,,
378,35,17,2562550,2562550,2562550,baseline,,,,,,,
378,36,18,2316480,2316480,2316480,fan,,,,,,,
378,37,18,2947226,2947220,2947220,guided,0,3,110,1,2402178398,6211,589
378,38,19,2708280,2708280,2708280,fan,,,,,,,
378,39,19,3370938,3370914,3370914,guided,0,3,110,1,2815264647,6193,492
378,40,19,4127520,4127520,4127520,baseline,,,,,,,
378,41,20,3835702,3835612,3835612,guided,0,3,110,1,3276114900,6029,380
378,42,20,4631124,4631124,4631124,baseline,,,,,,,
378,43,21,4343442,4343274,4343274,guided,0,3,110,1,3786470193,4744,286
378,44,21,5177568,5177568,5177568,baseline,,,,,,,
378,45,22,4896118,4895858,4895858,guided,2,3,110,1,4344196861,4884,333
378,46,22,5768840,5768840,5768840,baseline,,,,,,,
378,47,23,5495674,5495290,5495290,guided,3,3,110,1,4958706992,5390,990
378,48,23,6406824,6406824,6406824,baseline,,,,,,,
378,49,23,7352594,7352594,7352594,baseline,,,,,,,
378,50,24,7093536,7093496,7093496,guided,1,3,110,1,5738910987,5310,606
378,51,24,8079084,8079084,8079084,baseline,,,,,,,
378,52,25,7830744,7830704,7830704,guided,0,3,110,1,6471117576,5336,630
378,53,25,8856030,8856030,8856030,baseline,,,,,,,
378,54,26,8620560,8620380,8620380,deep,0,3,110,1,28911925902,14869,1285
378,55,26,9685316,9685316,9685316,baseline,,,,,,,
378,56,27,9464600,9464336,9464336,guided,0,3,110,1,8108721110,5530,614
378,57,27,10568802,10568802,10568802,baseline,,,,,,,
378,58,27,11698004,11698004,11698004,baseline,,,,,,,
378,59,28,11508346,11508342,11508342,guided,1,3,110,1,9164521064,5866,807
378,60,28,12677720,12677720,12677720,baseline,,,,,,,
378,61,29,12505778,12505766,12505766,guided,0,3,110,1,10176573190,5788,712
378,62,29,13715168,13715168,13715168,baseline,,,,,,,
378,63,29,14954498,14954498,14954498,baseline,,,,,,,
378,64,30,14812200,14812200,14812200,baseline,,,,,,,
378,65,30,16092298,16092298,16092298,baseline,,,,,,,
378,66,31,15970612,15970612,15970612,baseline,,,,,,,
378,67,31,17291334,17291334,17291334,baseline,,,,,,,
378,68,32,17192232,17192224,17192224,guided,1,3,110,1,13796702800,6396,872
378,69,32,18553392,18553392,18553392,baseline,,,,,,,
378,70,32,19935936,19935936,19935936,baseline,,,,,,,
378,71,33,19880270,19880270,19880270,baseline,,,,,,,
378,72,33,21303724,21303724,21303724,baseline,,,,,,,
378,73,34,21273740,21273740,21273740,baseline,,,,,,,
378,74,34,22737988,22737988,22737988,baseline,,,,,,,
378,75,34,24231066,24231066,24231066,baseline,,,,,,,
379,1,1,379,379,379,fan,,,,,,,
379,2,1,758,758,758,fan,,,,,,,
379,3,2,3405,3405,3405,fan,,,,,,,
379,4,2,5294,5294,5294,fan,,,,,,,
379,5,3,11334,11334,11334,fan,,,,,,,
379,6,3,15104,15104,15104,fan,,,,,,,
379,7,4,26402,26402,26402,fan,,,,,,,
379,8,4,33168,33168,33168,fan,,,,,,,
379,9,5,50833,50833,50833,fan,,,,,,,
379,10,5,60958,60958,60958,fan,,,,,,,
379,11,6,86831,86831,86831,fan,,,,,,,
379,12,6,101414,101414,101414,fan,,,,,,,
379,13,7,136588,136588,136588,fan,,,,,,,
379,14,7,155984,155984,155984,fan,,,,,,,
379,15,8,202276,202276,202276,fan,,,,,,,
379,16,8,227568,227568,227568,fan,,,,,,,
379,17,9,286055,286055,286055,fan,,,,,,,
379,18,9,317590,317590,317590,fan,,,,,,,
379,19,10,390065,390065,390065,fan,,,,,,,
379,20,10,428910,428910,428910,fan,,,,,,,
379,21,11,516434,516434,516434,fan,,,,,,,
379,22,11,562928,562928,562928,fan,,,,,,,
379,23,12,667270,667270,667270,fan,,,,,,,
379,24,12,722464,722464,722464,fan,,,,,,,
379,25,13,844669,844669,844669,fan,,,,,,,
379,26,13,908894,908894,908894,fan,,,,,,,
379,27,14,1050707,1050707,1050707,fan,,,,,,,
379,28,14,1124998,1124998,1124998,fan,,,,,,,
379,29,14,1628402,1628402,1628402,baseline,,,,,,,
379,30,15,1372128,1372128,1372128,fan,,,,,,,
379,31,15,1908886,1908886,1908886,baseline,,,,,,,
379,32,16,1653024,1653024,1653024,fan,,,,,,,
379,33,16,2222457,2222457,2222457,baseline,,,,,,,
379,34,17,1969014,1969014,1969014,fan,,,,,,,
379,35,17,2571146,2571146,2571146,baseline,,,,,,,
379,36,18,2322798,2322798,2322798,fan,,,,,,,
379,37,18,2956974,2956969,2956969,guided,0,3,110,1,3611079372,9343,864
379,38,19,2715680,2715680,2715680,fan,,,,,,,
379,39,19,3381947,3381927,3381927,guided,0,3,110,1,4233153778,9343,778
379,40,19,4142474,4142474,4142474,baseline,,,,,,,
379,41,20,3848097,3848004,3848004,guided,0,3,110,1,4922374942,9137,578
379,42,20,4647644,4647644,4647644,baseline,,,,,,,
379,43,21,4357330,4357167,4357167,guided,0,3,110,1,5691488730,7133,423
379,44,21,5195816,5195816,5195816,baseline,,,,,,,
379,45,22,4911620,4911378,4911378,guided,2,3,110,1,6527317668,7348,532
379,46,22,5788902,5788902,5788902,baseline,,,,,,,
379,47,23,5512968,5512572,5512572,deep,0,3,110,1,29693059777,28527,950
379,48,23,6428878,6428878,6428878,baseline,,,,,,,
379,49,23,7379535,7379535,7379535,baseline,,,,,,,
379,50,24,7117662,7117632,7117632,guided,1,3,110,1,5747198836,5309,605
379,51,24,8108344,8108344,8108344,baseline,,,,,,,
379,52,25,7857168,7857116,7857116,deep,0,3,110,1,25827228778,15850,1089
379,53,25,8887751,8887751,8887751,baseline,,,,,,,
379,54,26,8649328,8649170,8649170,deep,0,3,110,1,28997783864,14860,1219
379,55,26,9719648,9719648,9719648,baseline,,,,,,,
379,56,27,9496002,9495714,9495714,guided,0,3,110,1,8132479529,5549,623
379,57,27,10605906,10605906,10605906,baseline,,,,,,,
379,58,27,11740962,11740962,11740962,baseline,,,,,,,
379,59,28,11548385,11548379,11548379,guided,1,3,110,1,13783070377,8811,1212
379,60,28,12723832,12723832,12723832,baseline,,,,,,,
379,61,29,12548933,12548906,12548906,deep,0,3,110,1,60962159436,22582,2026
379,62,29,13764608,13764608,13764608,baseline,,,,,,,
379,63,29,15010333,15010333,15010333,baseline,,,,,,,
379,64,30,14865138,14865138,14865138,baseline,,,,,,,
379,65,30,16151852,16151852,16151852,baseline,,,,,,,
379,66,31,16027218,16027218,16027218,baseline,,,,,,,
379,67,31,17354790,17354790,17354790,baseline,,,,,,,
379,68,32,17252712,17252692,17252692,guided,1,3,110,1,13824712183,6416,878
379,69,32,18620937,18620937,18620937,baseline,,,,,,,
379,70,32,20010624,20010624,20010624,baseline,,,,,,,
379,71,33,19952080,19952080,19952080,baseline,,,,,,,
379,72,33,21382902,21382902,21382902,baseline,,,,,,,
379,73,34,21350015,21350015,21350015,baseline,,,,,,,
379,74,34,22821834,22821834,22821834,baseline,,,,,,,
379,75,34,24322635,24322635,24322635,baseline,,,,,,,
380,1,1,380,380,380,fan,,,,,,,
380,2,1,760,760,760,fan,,,,,,,
380,3,2,3414,3414,3414,fan,,,,,,,
380,4,2,5308,5308,5308,fan,,,,,,,
380,5,3,11364,11364,11364,fan,,,,,,,
380,6,3,15144,15144,15144,fan,,,,,,,
380,7,4,26472,26472,26472,fan,,,,,,,
380,8,4,33256,33256,33256,fan,,,,,,,
380,9,5,50968,50968,50968,fan,,,,,,,
380,10,5,61120,61120,61120,fan,,,,,,,
380,11,6,87062,87062,87062,fan,,,,,,,
380,12,6,101684,101684,101684,fan,,,,,,,
380,13,7,136952,136952,136952,fan,,,,,,,
380,14,7,156400,156400,156400,fan,,,,,,,
380,15,8,202816,202816,202816,fan,,,,,,,
380,16,8,228176,228176,228176,fan,,,,,,,
380,17,9,286820,286820,286820,fan,,,,,,,
380,18,9,318440,318440,318440,fan,,,,,,,
380,19,10,391110,391110,391110,fan,,,,,,,
380,20,10,430060,430060,430060,fan,,,,,,,
380,21,11,517820,517820,517820,fan,,,,,,,
380,22,11,564440,564440,564440,fan,,,,,,,
380,23,12,669064,669064,669064,fan,,,,,,,
380,24,12,724408,724408,724408,fan,,,,,,,
380,25,13,846944,846944,846944,fan,,,,,,,
380,26,13,911344,911344,911344,fan,,,,,,,
380,27,14,1053542,1053542,1053542,fan,,,,,,,
380,28,14,1128036,1128036,1128036,fan,,,,,,,
380,29,14,1634138,1634138,1634138,baseline,,,,,,,
380,30,15,1375840,1375840,1375840,fan,,,,,,,
380,31,15,1915482,1915482,1915482,baseline,,,,,,,
380,32,16,1657504,1657504,1657504,fan,,,,,,,
380,33,16,2230004,2230004,2230004,baseline,,,,,,,
380,34,17,1974360,1974360,1974360,fan,,,,,,,
380,35,17,2579742,2579742,2579742,baseline,,,,,,,
380,36,18,2329116,2329116,2329116,fan,,,,,,,
380,37,18,2966722,2966718,2966718,guided,0,1,110,1,2415039890,6189,550
380,38,19,2723080,2723080,2723080,fan,,,,,,,
380,39,19,3392956,3392940,3392940,guided,0,3,110,1,2832466042,6231,530
380,40,19,4157428,4157428,4157428,baseline,,,,,,,
380,41,20,3860492,3860396,3860396,guided,0,1,110,1,3293156075,6062,380
380,42,20,4664204,4664204,4664204,baseline,,,,,,,
380,43,21,4371218,4371060,4371060,guided,0,3,110,1,3807221284,4752,280
380,44,21,5214064,5214064,5214064,baseline,,,,,,,
380,45,22,4927122,4926898,4926898,guided,0,1,110,1,4366874206,4878,320
380,46,22,5809008,5809008,5809008,baseline,,,,,,,
380,47,23,5530262,5529854,5529854,deep,0,3,110,1,19853513842,18954,637
380,48,23,6450932,6450932,6450932,baseline,,,,,,,
380,49,23,7406510,7406510,7406510,baseline,,,,,,,
380,50,24,7141836,7141816,7141816,guided,1,3,110,1,5759452552,5305,604
380,51,24,8137640,8137640,8137640,baseline,,,,,,,
380,52,25,7883592,7883528,7883528,deep,0,3,110,1,25897817860,15884,974
380,53,25,8919508,8919508,8919508,baseline,,,,,,,
380,54,26,8678148,8678012,8678012,deep,0,3,110,1,29073698593,14833,1121
380,55,26,9754018,9754018,9754018,baseline,,,,,,,
380,56,27,9527404,9527092,9527092,guided,0,3,110,1,8156229180,5568,632
380,57,27,10643048,10643048,10643048,baseline,,,,,,,
380,58,27,11783976,11783976,11783976,baseline,,,,,,,
380,59,28,11588456,11588456,11588456,baseline,,,,,,,
380,60,28,12770004,12770004,12770004,baseline,,,,,,,
380,61,29,12592116,12592090,12592090,deep,0,1,110,1,40760298797,14890,1176
380,62,29,13814104,13814104,13814104,baseline,,,,,,,
380,63,29,15066242,15066242,15066242,baseline,,,,,,,
380,64,30,14918140,14918140,14918140,baseline,,,,,,,
380,65,30,16211482,16211482,16211482,baseline,,,,,,,
380,66,31,16083896,16083896,16083896,baseline,,,,,,,
380,67,31,17418322,17418322,17418322,baseline,,,,,,,
380,68,32,17313236,17313228,17313228,guided,1,3,110,1,13861829113,6423,877
380,69,32,18688560,18688560,18688560,baseline,,,,,,,
380,70,32,20085428,20085428,20085428,baseline,,,,,,,
380,71,33,20023980,20023980,20023980,baseline,,,,,,,
380,72,33,21462180,21462180,21462180,baseline,,,,,,,
380,73,34,21426382,21426382,21426382,baseline,,,,,,,
380,74,34,22905808,22905808,22905808,baseline,,,,,,,
380,75,34,24414330,24414330,24414330,baseline,,,,,,,
380,76,35,24418036,24418036,24418036,baseline,,,,,,,
381,1,1,381,381,381,fan,,,,,,,
381,2,1,762,762,762,fan,,,,,,,
381,3,2,3423,3423,3423,fan,,,,,,,
381,4,2,5322,5322,5322,fan,,,,,,,
381,5,3,11394,11394,11394,fan,,,,,,,
381,6,3,15184,15184,15184,fan,,,,,,,
381,7,4,26542,26542,26542,fan,,,,,,,
381,8,4,33344,33344,33344,fan,,,,,,,
381,9,5,51103,51103,51103,fan,,,,,,,
381,10,5,61282,61282,61282,fan,,,,,,,
381,11,6,87293,87293,87293,fan,,,,,,,
381,12,6,101954,101954,101954,fan,,,,,,,
381,13,7,137316,137316,137316,fan,,,,,,,
381,14,7,156816,156816,156816,fan,,,,,,,
381,15,8,203356,203356,203356,fan,,,,,,,
381,16,8,228784,228784,228784,fan,,,,,,,
381,17,9,287585,287585,287585,fan,,,,,,,
381,18,9,319290,319290,319290,fan,,,,,,,
381,19,10,392155,392155,392155,fan,,,,,,,
381,20,10,431210,431210,431210,fan,,,,,,,
381,21,11,519206,519206,519206,fan,,,,,,,
381,22,11,565952,565952,565952,fan,,,,,,,
381,23,12,670858,670858,670858,fan,,,,,,,
381,24,12,726352,726352,726352,fan,,,,,,,
381,25,13,849219,849219,849219,fan,,,,,,,
381,26,13,913794,913794,913794,fan,,,,,,,
381,27,14,1056377,1056377,1056377,fan,,,,,,,
381,28,14,1131074,1131074,1131074,fan,,,,,,,
381,29,14,1639889,1639889,1639889,baseline,,,,,,,
381,30,15,1379552,1379552,1379552,fan,,,,,,,
381,31,15,1922093,1922093,1922093,baseline,,,,,,,
381,32,16,1661984,1661984,1661984,fan,,,,,,,
381,33,16,2237567,2237567,2237567,baseline,,,,,,,
381,34,17,1979706,1979706,1979706,fan,,,,,,,
381,35,17,2588355,2588355,2588355,baseline,,,,,,,
381,36,18,2335434,2335434,2335434,fan,,,,,,,
381,37,18,2976489,2976486,2976486,guided,0,1,110,1,3629342941,9333,870
381,38,19,2730480,2730480,2730480,fan,,,,,,,
381,39,19,3403984,3403972,3403972,guided,0,1,110,1,4257981772,9445,829
381,40,20,3167520,3167520,3167520,fan,,,,,,,
381,41,20,3872895,3872808,3872808,guided,0,1,110,1,4948817170,9118,571
381,42,20,4680766,4680766,4680766,baseline,,,,,,,
381,43,21,4385127,4384974,4384974,guided,0,1,110,1,5719384930,7423,432
381,44,21,5232356,5232356,5232356,baseline,,,,,,,
381,45,22,4942661,4942441,4942441,guided,0,1,110,1,6559949017,7303,457
381,46,22,5829116,5829116,5829116,baseline,,,,,,,
381,47,23,5547568,5547159,5547159,deep,0,1,110,1,29848561762,28510,961
381,48,23,6473034,6473034,6473034,baseline,,,,,,,
381,49,23,7433523,7433523,7433523,baseline,,,,,,,
381,50,24,7166028,7166002,7166002,guided,1,3,110,1,5779903965,5316,606
381,51,24,8166979,8166979,8166979,baseline,,,,,,,
381,52,25,7910044,7909992,7909992,deep,0,3,110,1,25965627438,15977,1094
381,53,25,8951311,8951311,8951311,baseline,,,,,,,
381,54,26,8707010,8706856,8706856,deep,0,3,110,1,29147573562,14868,1174
381,55,26,9788436,9788436,9788436,baseline,,,,,,,
381,56,27,9558814,9558526,9558526,guided,0,3,110,1,8179358894,5567,614
381,57,27,10680238,10680238,10680238,baseline,,,,,,,
381,58,27,11827046,11827046,11827046,baseline,,,,,,,
381,59,28,11628590,11628584,11628584,deep,0,1,110,1,55292469627,22778,2330
381,60,28,12816232,12816232,12816232,baseline,,,,,,,
381,61,29,12635349,12635324,12635324,deep,0,1,110,1,61289542604,22561,1872
381,62,29,13863664,13863664,13863664,baseline,,,,,,,
381,63,29,15122227,15122227,15122227,baseline,,,,,,,
381,64,30,14971202,14971202,14971202,baseline,,,,,,,
381,65,30,16271192,16271192,16271192,baseline,,,,,,,
381,66,31,16140638,16140638,16140638,baseline,,,,,,,
381,67,31,17481940,17481940,17481940,baseline,,,,,,,
381,68,32,17373856,17373836,17373836,guided,1,3,110,1,13908176032,6449,883
381,69,32,18756272,18756272,18756272,baseline,,,,,,,
381,70,32,20160324,20160324,20160324,baseline,,,,,,,
381,71,33,20095974,20095974,20095974,baseline,,,,,,,
381,72,33,21541584,21541584,21541584,baseline,,,,,,,
381,73,34,21502847,21502847,21502847,baseline,,,,,,,
381,74,34,22989886,22989886,22989886,baseline,,,,,,,
381,75,34,24506150,24506150,24506150,baseline,,,,,,,
381,76,35,24507018,24507018,24507018,baseline,,,,,,,
382,1,1,382,382,382,fan,,,,,,,
382,2,1,764,764,764,fan,,,,,,,
382,3,2,3432,3432,3432,fan,,,,,,,
382,4,2,5336,5336,5336,fan,,,,,,,
382,5,3,11424,11424,11424,fan,,,,,,,
382,6,3,15224,15224,15224,fan,,,,,,,
382,7,4,26612,26612,26612,fan,,,,,,,
382,8,4,33432,33432,33432,fan,,,,,,,
382,9,5,51238,51238,51238,fan,,,,,,,
382,10,5,61444,61444,61444,fan,,,,,,,
382,11,6,87524,87524,87524,fan,,,,,,,
382,12,6,102224,102224,102224,fan,,,,,,,
382,13,7,137680,137680,137680,fan,,,,,,,
382,14,7,157232,157232,157232,fan,,,,,,,
382,15,8,203896,203896,203896,fan,,,,,,,
382,16,8,229392,229392,229392,fan,,,,,,,
382,17,9,288350,288350,288350,fan,,,,,,,
382,18,9,320140,320140,320140,fan,,,,,,,
382,19,10,393200,393200,393200,fan,,,,,,,
382,20,10,432360,432360,432360,fan,,,,,,,
382,21,11,520592,520592,520592,fan,,,,,,,
382,22,11,567464,567464,567464,fan,,,,,,,
382,23,12,672652,672652,672652,fan,,,,,,,
382,24,12,728296,728296,728296,fan,,,,,,,
382,25,13,851494,851494,851494,fan,,,,,,,
382,26,13,916244,916244,916244,fan,,,,,,,
382,27,14,1059212,1059212,1059212,fan,,,,,,,
382,28,14,1134112,1134112,1134112,fan,,,,,,,
382,29,14,1645640,1645640,1645640,baseline,,,,,,,
382,30,15,1383264,1383264,1383264,fan,,,,,,,
382,31,15,1928704,1928704,1928704,baseline,,,,,,,
382,32,16,1666464,1666464,1666464,fan,,,,,,,
382,33,16,2245130,2245130,2245130,baseline,,,,,,,
382,34,17,1985052,1985052,1985052,fan,,,,,,,
382,35,17,2596968,2596968,2596968,baseline,,,,,,,
382,36,18,2341752,2341752,2341752,fan,,,,,,,
382,37,18,2986256,2986254,2986254,guided,0,3,110,1,2427825329,6228,595
382,38,19,2737880,2737880,2737880,fan,,,,,,,
382,39,19,3415012,3415004,3415004,guided,0,3,110,1,2845267300,6277,573
382,40,20,3176120,3176120,3176120,fan,,,,,,,
382,41,20,3885298,3885220,3885220,guided,0,3,110,1,3311023171,6066,381
382,42,20,4697368,4697368,4697368,baseline,,,,,,,
382,43,21,4399036,4398888,4398888,guided,0,3,110,1,3828165359,4760,274
382,44,21,5250648,5250648,5250648,baseline,,,,,,,
382,45,22,4958200,4957984,4957984,guided,0,3,110,1,4387238263,4867,297
382,46,22,5849268,5849268,5849268,baseline,,,,,,,
382,47,23,5564896,5564464,5564464,deep,0,3,110,1,19955642620,18861,648
382,48,23,6495136,6495136,6495136,baseline,,,,,,,
382,49,23,7460568,7460568,7460568,baseline,,,,,,,
382,50,24,7190268,7190236,7190236,guided,1,3,110,1,5799154269,5327,608
382,51,24,8196350,8196350,8196350,baseline,,,,,,,
382,52,25,7936496,7936456,7936456,guided,3,3,110,1,6534069278,5608,884
382,53,25,8983148,8983148,8983148,baseline,,,,,,,
382,54,26,8735924,8735752,8735752,guided,0,3,110,1,7340360970,5515,674
382,55,26,9822892,9822892,9822892,baseline,,,,,,,
382,56,27,9590224,9589960,9589960,guided,0,3,110,1,8202668862,5566,596
382,57,27,10717468,10717468,10717468,baseline,,,,,,,
382,58,27,11870172,11870172,11870172,baseline,,,,,,,
382,59,28,11668756,11668752,11668752,deep,0,3,110,1,36964126203,15120,1539
382,60,28,12862520,12862520,12862520,baseline,,,,,,,
382,61,29,12678640,12678600,12678600,deep,0,3,110,1,40975728921,15098,1488
382,62,29,13913280,13913280,13913280,baseline,,,,,,,
382,63,29,15178288,15178288,15178288,baseline,,,,,,,
382,64,30,15024328,15024328,15024328,baseline,,,,,,,
382,65,30,16330978,16330978,16330978,baseline,,,,,,,
382,66,31,16197452,16197452,16197452,baseline,,,,,,,
382,67,31,17545632,17545632,17545632,baseline,,,,,,,
382,68,32,17434520,17434512,17434512,guided,1,3,110,1,13929774747,6440,884
382,69,32,18824062,18824062,18824062,baseline,,,,,,,
382,70,32,20235328,20235328,20235328,baseline,,,,,,,
382,71,33,20168056,20168056,20168056,baseline,,,,,,,
382,72,33,21621088,21621088,21621088,baseline,,,,,,,
382,73,34,21579404,21579404,21579404,baseline,,,,,,,
382,74,34,23074092,23074092,23074092,baseline,,,,,,,
382,75,34,24598096,24598096,24598096,baseline,,,,,,,
382,76,35,24596108,24596108,24596108,baseline,,,,,,,
383,1,1,383,383,383,fan,,,,,,,
383,2,1,766,766,766,fan,,,,,,,
383,3,2,3441,3441,3441,fan,,,,,,,
383,4,2,5350,5350,5350,fan,,,,,,,
383,5,3,11454,11454,11454,fan,,,,,,,
383,6,3,15264,15264,15264,fan,,,,,,,
383,7,4,26682,26682,26682,fan,,,,,,,
383,8,4,33520,33520,33520,fan,,,,,,,
383,9,5,51373,51373,51373,fan,,,,,,,
383,10,5,61606,61606,61606,fan,,,,,,,
383,11,6,87755,87755,87755,fan,,,,,,,
383,12,6,102494,102494,102494,fan,,,,,,,
383,13,7,138044,138044,138044,fan,,,,,,,
383,14,7,157648,157648,157648,fan,,,,,,,
383,15,8,204436,204436,204436,fan,,,,,,,
383,16,8,230000,230000,230000,fan,,,,,,,
383,17,9,289115,289115,289115,fan,,,,,,,
383,18,9,320990,320990,320990,fan,,,,,,,
383,19,10,394245,394245,394245,fan,,,,,,,
383,20,10,433510,433510,433510,fan,,,,,,,
383,21,11,521978,521978,521978,fan,,,,,,,
383,22,11,568976,568976,568976,fan,,,,,,,
383,23,12,674446,674446,674446,fan,,,,,,,
383,24,12,730240,730240,730240,fan,,,,,,,
383,25,13,853769,853769,853769,fan,,,,,,,
383,26,13,918694,918694,918694,fan,,,,,,,
383,27,14,1062047,1062047,1062047,fan,,,,,,,
383,28,14,1137150,1137150,1137150,fan,,,,,,,
383,29,14,1651405,1651405,1651405,baseline,,,,,,,
383,30,15,1386976,1386976,1386976,fan,,,,,,,
383,31,15,1935330,1935330,1935330,baseline,,,,,,,
383,32,16,1670944,1670944,1670944,fan,,,,,,,
383,33,16,2252709,2252709,2252709,baseline,,,,,,,
383,34,17,1990398,1990398,1990398,fan,,,,,,,
383,35,17,2605599,2605599,2605599,baseline,,,,,,,
383,36,18,2348070,2348070,2348070,fan,,,,,,,
383,37,18,2996041,2996040,2996040,guided,0,3,110,1,3649622167,9405,915
383,38,19,2745280,2745280,2745280,fan,,,,,,,
383,39,19,3426065,3426055,3426055,guided,0,3,110,1,4278063838,9445,826
383,40,20,3184720,3184720,3184720,fan,,,,,,,
383,41,20,3897721,3897652,3897652,guided,0,3,110,1,4974627501,9181,577
383,42,20,4713970,4713970,4713970,baseline,,,,,,,
383,43,21,4412960,4412824,4412824,guided,0,3,110,1,5745947005,7165,434
383,44,21,5268982,5268982,5268982,baseline,,,,,,,
383,45,22,4973761,4973549,4973549,guided,0,3,110,1,6592206461,7298,434
383,46,22,5869420,5869420,5869420,baseline,,,,,,,
383,47,23,5582203,5581794,5581794,deep,0,3,110,1,30005694108,28424,976
383,48,23,6517284,6517284,6517284,baseline,,,,,,,
383,49,23,7487653,7487653,7487653,baseline,,,,,,,
383,50,24,7214496,7214474,7214474,guided,1,3,110,1,5815643045,5333,608
383,51,24,8225762,8225762,8225762,baseline,,,,,,,
383,52,25,7963022,7962974,7962974,deep,0,3,110,1,26102374149,16096,1310
383,53,25,9015034,9015034,9015034,baseline,,,,,,,
383,54,26,8764802,8764652,8764652,deep,0,3,110,1,29303925467,14876,1134
383,55,26,9857393,9857393,9857393,baseline,,,,,,,
383,56,27,9621704,9621452,9621452,guided,0,3,110,1,8223011481,5575,598
383,57,27,10754746,10754746,10754746,baseline,,,,,,,
383,58,27,11913354,11913354,11913354,baseline,,,,,,,
383,59,28,11708973,11708971,11708971,deep,0,3,110,1,55589732113,22769,2289
383,60,28,12908864,12908864,12908864,baseline,,,,,,,
383,61,29,12721954,12721929,12721929,deep,0,3,110,1,61600218666,22641,1866
383,62,29,13962960,13962960,13962960,baseline,,,,,,,
383,63,30,13795543,13795468,13795468,deep,1,3,110,1,68053673096,23780,2303
383,64,30,15077514,15077514,15077514,baseline,,,,,,,
383,65,30,16390845,16390845,16390845,baseline,,,,,,,
383,66,31,16254330,16254330,16254330,baseline,,,,,,,
383,67,31,17609412,17609412,17609412,baseline,,,,,,,
383,68,32,17495280,17495260,17495260,guided,0,3,110,1,13965926647,6198,824
383,69,32,18891939,18891939,18891939,baseline,,,,,,,
383,70,32,20310426,20310426,20310426,baseline,,,,,,,
383,71,33,20240225,20240225,20240225,baseline,,,,,,,
383,72,33,21700712,21700712,21700712,baseline,,,,,,,
383,73,34,21656056,21656056,21656056,baseline,,,,,,,
383,74,34,23158400,23158400,23158400,baseline,,,,,,,
383,75,34,24690166,24690166,24690166,baseline,,,,,,,
383,76,35,24685326,24685326,24685326,baseline,,,,,,,
384,1,1,384,384,384,fan,,,,,,,
384,2,1,768,768,768,fan,,,,,,,
384,3,2,3450,3450,3450,fan,,,,,,,
384,4,2,5364,5364,5364,fan,,,,,,,
384,5,3,11484,11484,11484,fan,,,,,,,
384,6,3,15304,15304,15304,fan,,,,,,,
384,7,4,26752,26752,26752,fan,,,,,,,
384,8,4,33608,33608,33608,fan,,,,,,,
384,9,5,51508,51508,51508,fan,,,,,,,
384,10,5,61768,61768,61768,fan,,,,,,,
384,11,6,87986,87986,87986,fan,,,,,,,
384,12,6,102764,102764,102764,fan,,,,,,,
384,13,7,138408,138408,138408,fan,,,,,,,
384,14,7,158064,158064,158064,fan,,,,,,,
384,15,8,204976,204976,204976,fan,,,,,,,
384,16,8,230608,230608,230608,fan,,,,,,,
384,17,9,289880,289880,289880,fan,,,,,,,
384,18,9,321840,321840,321840,fan,,,,,,,
384,19,10,395290,395290,395290,fan,,,,,,,
384,20,10,434660,434660,434660,fan,,,,,,,
384,21,11,523364,523364,523364,fan,,,,,,,
384,22,11,570488,570488,570488,fan,,,,,,,
384,23,12,676240,676240,676240,fan,,,,,,,
384,24,12,732184,732184,732184,fan,,,,,,,
384,25,13,856044,856044,856044,fan,,,,,,,
384,26,13,921144,921144,921144,fan,,,,,,,
384,27,14,1064882,1064882,1064882,fan,,,,,,,
384,28,14,1140188,1140188,1140188,fan,,,,,,,
384,29,14,1657170,1657170,1657170,baseline,,,,,,,
384,30,15,1390688,1390688,1390688,fan,,,,,,,
384,31,15,1941956,1941956,1941956,baseline,,,,,,,
384,32,16,1675424,1675424,1675424,fan,,,,,,,
384,33,16,2260288,2260288,2260288,baseline,,,,,,,
384,34,17,1995744,1995744,1995744,fan,,,,,,,
384,35,17,2614230,2614230,2614230,baseline,,,,,,,
384,36,18,2354388,2354388,2354388,fan,,,,,,,
384,37,18,3005826,3005826,3005826,baseline,,,,,,,
384,38,19,2752680,2752680,2752680,fan,,,,,,,
384,39,19,3437118,3437106,3437106,guided,0,3,110,1,2861528644,6290,538
384,40,20,3193320,3193320,3193320,fan,,,,,,,
384,41,20,3910144,3910084,3910084,guided,0,1,110,1,3328924687,6077,383
384,42,20,4730612,4730612,4730612,baseline,,,,,,,
384,43,21,4426884,4426760,4426760,guided,0,3,110,1,3843880670,4776,297
384,44,21,5287316,5287316,5287316,baseline,,,,,,,
384,45,22,4989322,4989114,4989114,guided,0,1,110,1,4407282598,4856,274
384,46,22,5889616,5889616,5889616,baseline,,,,,,,
384,47,23,5599510,5599124,5599124,deep,0,3,110,1,20059364926,18938,652
384,48,23,6539432,6539432,6539432,baseline,,,,,,,
384,49,24,6259276,6258736,6258736,deep,0,1,110,1,22751822343,18276,642
384,50,24,7238772,7238760,7238760,guided,1,3,110,1,5827004097,5339,608
384,51,24,8255208,8255208,8255208,baseline,,,,,,,
384,52,25,7989548,7989492,7989492,deep,0,3,110,1,26170204160,16132,1410
384,53,25,9046954,9046954,9046954,baseline,,,,,,,
384,54,26,8793732,8793604,8793604,deep,0,3,110,1,29383241905,14919,1154
384,55,26,9891934,9891934,9891934,baseline,,,,,,,
384,56,27,9653184,9652944,9652944,guided,0,3,110,1,8243442254,5584,600
384,57,27,10792064,10792064,10792064,baseline,,,,,,,
384,58,27,11956592,11956592,11956592,baseline,,,,,,,
384,59,28,11749236,11749228,11749228,deep,0,1,110,1,37162708251,15043,1410
384,60,28,12955268,12955268,12955268,baseline,,,,,,,
384,61,29,12765330,12765300,12765300,deep,0,1,110,1,41179583213,15038,1200
384,62,29,14012696,14012696,14012696,baseline,,,,,,,
384,63,30,13842186,13842126,13842126,guided,3,2,110,1,11402224104,6208,848
384,64,30,15130764,15130764,15130764,baseline,,,,,,,
384,65,30,16450786,16450786,16450786,baseline,,,,,,,
384,66,31,16311272,16311272,16311272,baseline,,,,,,,
384,67,31,17673266,17673266,17673266,baseline,,,,,,,
384,68,32,17556084,17556076,17556076,guided,1,3,110,1,14008203993,6458,884
384,69,32,18959896,18959896,18959896,baseline,,,,,,,
384,70,32,20385632,20385632,20385632,baseline,,,,,,,
384,71,33,20312478,20312478,20312478,baseline,,,,,,,
384,72,33,21780428,21780428,21780428,baseline,,,,,,,
384,73,34,21732802,21732802,21732802,baseline,,,,,,,
384,74,34,23242836,23242836,23242836,baseline,,,,,,,
384,75,34,24782362,24782362,24782362,baseline,,,,,,,
384,76,35,24774652,24774652,24774652,baseline,,,,,,,
385,1,1,385,385,385,fan,,,,,,,
385,2,1,770,770,770,fan,,,,,,,
385,3,2,3459,3459,3459,fan,,,,,,,
385,4,2,5378,5378,5378,fan,,,,,,,
385,5,3,11514,11514,11514,fan,,,,,,,
385,6,3,15344,15344,15344,fan,,,,,,,
385,7,4,26822,26822,26822,fan,,,,,,,
385,8,4,33696,33696,33696,fan,,,,,,,
385,9,5,51643,51643,51643,fan,,,,,,,
385,10,5,61930,61930,61930,fan,,,,,,,
385,11,6,88217,88217,88217,fan,,,,,,,
385,12,6,103034,103034,103034,fan,,,,,,,
385,13,7,138772,138772,138772,fan,,,,,,,
385,14,7,158480,158480,158480,fan,,,,,,,
385,15,8,205516,205516,205516,fan,,,,,,,
385,16,8,231216,231216,231216,fan,,,,,,,
385,17,9,290645,290645,290645,fan,,,,,,,
385,18,9,322690,322690,322690,fan,,,,,,,
385,19,10,396335,396335,396335,fan,,,,,,,
385,20,10,435810,435810,435810,fan,,,,,,,
385,21,11,524750,524750,524750,fan,,,,,,,
385,22,11,572000,572000,572000,fan,,,,,,,
385,23,12,678034,678034,678034,fan,,,,,,,
385,24,12,734128,734128,734128,fan,,,,,,,
385,25,13,858319,858319,858319,fan,,,,,,,
385,26,13,923594,923594,923594,fan,,,,,,,
385,27,14,1067717,1067717,1067717,fan,,,,,,,
385,28,14,1143226,1143226,1143226,fan,,,,,,,
385,29,14,1662949,1662949,1662949,baseline,,,,,,,
385,30,15,1394400,1394400,1394400,fan,,,,,,,
385,31,15,1948597,1948597,1948597,baseline,,,,,,,
385,32,16,1679904,1679904,1679904,fan,,,,,,,
385,33,16,2267884,2267884,2267884,baseline,,,,,,,
385,34,17,2001090,2001090,2001090,fan,,,,,,,
385,35,17,2622878,2622878,2622878,baseline,,,,,,,
385,36,18,2360706,2360706,2360706,fan,,,,,,,
385,37,18,3015631,3015630,3015630,guided,0,1,110,1,3668617050,9425,943
385,38,19,2760080,2760080,2760080,fan,,,,,,,
385,39,19,3448190,3448176,3448176,guided,0,1,110,1,4299824130,9477,789
385,40,20,3201920,3201920,3201920,fan,,,,,,,
385,41,20,3922590,3922537,3922537,guided,0,1,110,1,5000795396,9201,615
385,42,20,4747256,4747256,4747256,baseline,,,,,,,
385,43,21,4440829,4440717,4440717,guided,0,1,110,1,5780908778,7541,478
385,44,21,5305694,5305694,5305694,baseline,,,,,,,
385,45,22,5004907,5004703,5004703,guided,0,1,110,1,6629705372,7298,410
385,46,22,5909814,5909814,5909814,baseline,,,,,,,
385,47,23,5616840,5616477,5616477,deep,0,1,110,1,30160376951,28613,980
385,48,23,6561628,6561628,6561628,baseline,,,,,,,
385,49,24,6278550,6277994,6277994,deep,0,1,110,1,34206131848,27765,944
385,50,24,7263062,7263048,7263048,guided,1,3,110,1,5836741884,5353,612
385,51,24,8284694,8284694,8284694,baseline,,,,,,,
385,52,25,8016106,8016062,8016062,deep,0,3,110,1,26238781836,16294,1408
385,53,25,9078918,9078918,9078918,baseline,,,,,,,
385,54,26,8822700,8822558,8822558,deep,0,3,110,1,29457715773,14944,1158
385,55,26,9926520,9926520,9926520,baseline,,,,,,,
385,56,27,9684708,9684492,9684492,guided,0,3,110,1,8263095349,5603,632
385,57,27,10829430,10829430,10829430,baseline,,,,,,,
385,58,27,11999886,11999886,11999886,baseline,,,,,,,
385,59,28,11789541,11789539,11789539,guided,1,1,110,1,13999633450,8925,1227
385,60,28,13001728,13001728,13001728,baseline,,,,,,,
385,61,29,12808756,12808721,12808721,deep,0,1,110,1,61924114936,22773,1881
385,62,29,14062496,14062496,14062496,baseline,,,,,,,
385,63,30,13888918,13888837,13888837,guided,3,2,110,1,17136530434,9326,1273
385,64,30,15184074,15184074,15184074,baseline,,,,,,,
385,65,30,16510810,16510810,16510810,baseline,,,,,,,
385,66,31,16368278,16368278,16368278,baseline,,,,,,,
385,67,31,17737206,17737206,17737206,baseline,,,,,,,
385,68,32,17616976,17616964,17616964,guided,0,3,110,1,14039451080,6133,705
385,69,32,19027939,19027939,19027939,baseline,,,,,,,
385,70,32,20460930,20460930,20460930,baseline,,,,,,,
385,71,33,20384819,20384819,20384819,baseline,,,,,,,
385,72,33,21860258,21860258,21860258,baseline,,,,,,,
385,73,34,21809641,21809641,21809641,baseline,,,,,,,
385,74,34,23327376,23327376,23327376,baseline,,,,,,,
385,75,34,24874692,24874692,24874692,baseline,,,,,,,
385,76,35,24864108,24864108,24864108,baseline,,,,,,,
385,77,35,26454296,26454296,26454296,baseline,,,,,,,
386,1,1,386,386,386,fan,,,,,,,
386,2,1,772,772,772,fan,,,,,,,
386,3,2,3468,3468,3468,fan,,,,,,,
386,4,2,5392,5392,5392,fan,,,,,,,
386,5,3,11544,11544,11544,fan,,,,,,,
386,6,3,15384,15384,15384,fan,,,,,,,
386,7,4,26892,26892,26892,fan,,,,,,,
386,8,4,33784,33784,33784,fan,,,,,,,
386,9,5,51778,51778,51778,fan,,,,,,,
386,10,5,62092,62092,62092,fan,,,,,,,
386,11,6,88448,88448,88448,fan,,,,,,,
386,12,6,103304,103304,103304,fan,,,,,,,
386,13,7,139136,139136,139136,fan,,,,,,,
386,14,7,158896,158896,158896,fan,,,,,,,
386,15,8,206056,206056,206056,fan,,,,,,,
386,16,8,231824,231824,231824,fan,,,,,,,
386,17,9,291410,291410,291410,fan,,,,,,,
386,18,9,323540,323540,323540,fan,,,,,,,
386,19,10,397380,397380,397380,fan,,,,,,,
386,20,10,436960,436960,436960,fan,,,,,,,
386,21,11,526136,526136,526136,fan,,,,,,,
386,22,11,573512,573512,573512,fan,,,,,,,
386,23,12,679828,679828,679828,fan,,,,,,,
386,24,12,736072,736072,736072,fan,,,,,,,
386,25,13,860594,860594,860594,fan,,,,,,,
386,26,13,926044,926044,926044,fan,,,,,,,
386,27,14,1070552,1070552,1070552,fan,,,,,,,
386,28,14,1146264,1146264,1146264,fan,,,,,,,
386,29,14,1668728,1668728,1668728,baseline,,,,,,,
386,30,15,1398112,1398112,1398112,fan,,,,,,,
386,31,15,1955238,1955238,1955238,baseline,,,,,,,
386,32,16,1684384,1684384,1684384,fan,,,,,,,
386,33,16,2275480,2275480,2275480,baseline,,,,,,,
386,34,17,2006436,2006436,2006436,fan,,,,,,,
386,35,17,2631526,2631526,2631526,baseline,,,,,,,
386,36,18,2367024,2367024,2367024,fan,,,,,,,
386,37,18,3025436,3025434,3025434,guided,0,3,110,1,2452134867,6275,623
386,38,19,2767480,2767480,2767480,fan,,,,,,,
386,39,19,3459262,3459246,3459246,guided,0,3,110,1,2877379539,6280,495
386,40,20,3210520,3210520,3210520,fan,,,,,,,
386,41,20,3935036,3934990,3934990,guided,0,3,110,1,3344636200,6141,423
386,42,20,4763940,4763940,4763940,baseline,,,,,,,
386,43,21,4454774,4454674,4454674,guided,0,3,110,1,3864586271,4795,320
386,44,21,5324072,5324072,5324072,baseline,,,,,,,
386,45,22,5020492,5020292,5020292,guided,0,3,110,1,4431612979,4870,273
386,46,22,5930056,5930056,5930056,baseline,,,,,,,
386,47,23,5634170,5633830,5633830,guided,0,3,110,1,5062213166,4968,304
386,48,23,6583824,6583824,6583824,baseline,,,,,,,
386,49,24,6297824,6297252,6297252,deep,0,3,110,1,22867086404,19193,657
386,50,24,7287400,7287384,7287384,guided,1,3,110,1,5854489535,5370,616
386,51,24,8314214,8314214,8314214,baseline,,,,,,,
386,52,25,8042664,8042632,8042632,guided,3,3,110,1,6605201734,5626,884
386,53,25,9110914,9110914,9110914,baseline,,,,,,,
386,54,26,8851720,8851564,8851564,guided,0,3,110,1,7412994973,5541,671
386,55,26,9961146,9961146,9961146,baseline,,,,,,,
386,56,27,9716232,9716040,9716040,guided,0,3,110,1,8282619340,5622,664
386,57,27,10866834,10866834,10866834,baseline,,,,,,,
386,58,27,12043236,12043236,12043236,baseline,,,,,,,
386,59,28,11829892,11829888,11829888,guided,1,3,110,1,9373713859,5961,821
386,60,28,13048248,13048248,13048248,baseline,,,,,,,
386,61,29,12852206,12852186,12852186,deep,0,3,110,1,41401389417,15033,1174
386,62,29,14112352,14112352,14112352,baseline,,,,,,,
386,63,30,13935670,13935592,13935592,deep,0,3,110,1,45725364911,15024,1283
386,64,30,15237448,15237448,15237448,baseline,,,,,,,
386,65,30,16570908,16570908,16570908,baseline,,,,,,,
386,66,31,16425348,16425348,16425348,baseline,,,,,,,
386,67,31,17801222,17801222,17801222,baseline,,,,,,,
386,68,32,17677920,17677920,17677920,baseline,,,,,,,
386,69,32,19096062,19096062,19096062,baseline,,,,,,,
386,70,32,20536336,20536336,20536336,baseline,,,,,,,
386,71,33,20457242,20457242,20457242,baseline,,,,,,,
386,72,33,21940180,21940180,21940180,baseline,,,,,,,
386,73,34,21886566,21886566,21886566,baseline,,,,,,,
386,74,34,23412036,23412036,23412036,baseline,,,,,,,
386,75,34,24967160,24967160,24967160,baseline,,,,,,,
386,76,35,24953672,24953672,24953672,baseline,,,,,,,
386,77,35,26551894,26551894,26551894,baseline,,,,,,,
387,1,1,387,387,387,fan,,,,,,,
387,2,1,774,774,774,fan,,,,,,,
387,3,2,3477,3477,3477,fan,,,,,,,
387,4,2,5406,5406,5406,fan,,,,,,,
387,5,3,11574,11574,11574,fan,,,,,,,
387,6,3,15424,15424,15424,fan,,,,,,,
387,7,4,26962,26962,26962,fan,,,,,,,
387,8,4,33872,33872,33872,fan,,,,,,,
387,9,5,51913,51913,51913,fan,,,,,,,
387,10,5,62254,62254,62254,fan,,,,,,,
387,11,6,88679,88679,88679,fan,,,,,,,
387,12,6,103574,103574,103574,fan,,,,,,,
387,13,7,139500,139500,139500,fan,,,,,,,
387,14,7,159312,159312,159312,fan,,,,,,,
387,15,8,206596,206596,206596,fan,,,,,,,
387,16,8,232432,232432,232432,fan,,,,,,,
387,17,9,292175,292175,292175,fan,,,,,,,
387,18,9,324390,324390,324390,fan,,,,,,,
387,19,10,398425,398425,398425,fan,,,,,,,
387,20,10,438110,438110,438110,fan,,,,,,,
387,21,11,527522,527522,527522,fan,,,,,,,
387,22,11,575024,575024,575024,fan,,,,,,,
387,23,12,681622,681622,681622,fan,,,,,,,
387,24,12,738016,738016,738016,fan,,,,,,,
387,25,13,862869,862869,862869,fan,,,,,,,
387,26,13,928494,928494,928494,fan,,,,,,,
387,27,14,1073387,1073387,1073387,fan,,,,,,,
387,28,14,1149302,1149302,1149302,fan,,,,,,,
387,29,14,1674521,1674521,1674521,baseline,,,,,,,
387,30,15,1401824,1401824,1401824,fan,,,,,,,
387,31,15,1961895,1961895,1961895,baseline,,,,,,,
387,32,16,1688864,1688864,1688864,fan,,,,,,,
387,33,16,2283092,2283092,2283092,baseline,,,,,,,
387,34,17,2011782,2011782,2011782,fan,,,,,,,
387,35,17,2640191,2640191,2640191,baseline,,,,,,,
387,36,18,2373342,2373342,2373342,fan,,,,,,,
387,37,18,3035259,3035256,3035256,guided,0,3,110,1,3686611549,9457,926
387,38,19,2774880,2774880,2774880,fan,,,,,,,
387,39,19,3470350,3470336,3470336,guided,0,3,110,1,4321392970,9454,775
387,40,20,3219120,3219120,3219120,fan,,,,,,,
387,41,20,3947502,3947463,3947463,guided,0,3,110,1,5027433737,9333,666
387,42,20,4780624,4780624,4780624,baseline,,,,,,,
387,43,21,4468759,4468652,4468652,guided,0,3,110,1,5803363599,7395,480
387,44,21,5342492,5342492,5342492,baseline,,,,,,,
387,45,22,5036099,5035903,5035903,guided,0,3,110,1,6660811984,7315,409
387,46,22,5950298,5950298,5950298,baseline,,,,,,,
387,47,23,5651528,5651207,5651207,deep,0,3,110,1,30319659667,28568,929
387,48,23,6606066,6606066,6606066,baseline,,,,,,,
387,49,24,6317122,6316534,6316534,deep,0,3,110,1,34384858625,28971,966
387,50,24,7311730,7311720,7311720,guided,1,3,110,1,5874718313,5380,619
387,51,24,8343775,8343775,8343775,baseline,,,,,,,
387,52,25,8069292,8069256,8069256,guided,3,3,110,1,6620787593,5618,867
387,53,25,9142956,9142956,9142956,baseline,,,,,,,
387,54,26,8880708,8880574,8880574,guided,0,3,110,1,7431539402,5542,673
387,55,26,9995817,9995817,9995817,baseline,,,,,,,
387,56,27,9747854,9747646,9747646,guided,0,3,110,1,8303090077,5625,644
387,57,27,10904289,10904289,10904289,baseline,,,,,,,
387,58,27,12086642,12086642,12086642,baseline,,,,,,,
387,59,28,11870294,11870288,11870288,deep,0,3,110,1,56147285146,22943,2352
387,60,28,13094824,13094824,13094824,baseline,,,,,,,
387,61,29,12895736,12895701,12895701,deep,0,3,110,1,62243032646,22945,2077
387,62,29,14162272,14162272,14162272,baseline,,,,,,,
387,63,30,13982472,13982400,13982400,deep,0,3,110,1,68751178205,22796,2045
387,64,30,15290882,15290882,15290882,baseline,,,,,,,
387,65,30,16631087,16631087,16631087,baseline,,,,,,,
387,66,31,16482482,16482482,16482482,baseline,,,,,,,
387,67,31,17865323,17865323,17865323,baseline,,,,,,,
387,68,32,17738944,17738940,17738940,guided,1,3,110,1,14105216019,6498,896
387,69,32,19164272,19164272,19164272,baseline,,,,,,,
387,70,32,20611836,20611836,20611836,baseline,,,,,,,
387,71,33,20529755,20529755,20529755,baseline,,,,,,,
387,72,33,22020218,22020218,22020218,baseline,,,,,,,
387,73,34,21963580,21963580,21963580,baseline,,,,,,,
387,74,34,23496790,23496790,23496790,baseline,,,,,,,
387,75,34,25059764,25059764,25059764,baseline,,,,,,,
387,76,35,25043364,25043364,25043364,baseline,,,,,,,
387,77,35,26649634,26649634,26649634,baseline,,,,,,,
388,1,1,388,388,388,fan,,,,,,,
388,2,1,776,776,776,fan,,,,,,,
388,3,2,3486,3486,3486,fan,,,,,,,
388,4,2,5420,5420,5420,fan,,,,,,,
388,5,3,11604,11604,11604,fan,,,,,,,
388,6,3,15464,15464,15464,fan,,,,,,,
388,7,4,27032,27032,27032,fan,,,,,,,
388,8,4,33960,33960,33960,fan,,,,,,,
388,9,5,52048,52048,52048,fan,,,,,,,
388,10,5,62416,62416,62416,fan,,,,,,,
388,11,6,88910,88910,88910,fan,,,,,,,
388,12,6,103844,103844,103844,fan,,,,,,,
388,13,7,139864,139864,139864,fan,,,,,,,
388,14,7,159728,159728,159728,fan,,,,,,,
388,15,8,207136,207136,207136,fan,,,,,,,
388,16,8,233040,233040,233040,fan,,,,,,,
388,17,9,292940,292940,292940,fan,,,,,,,
388,18,9,325240,325240,325240,fan,,,,,,,
388,19,10,399470,399470,399470,fan,,,,,,,
388,20,10,439260,439260,439260,fan,,,,,,,
388,21,11,528908,528908,528908,fan,,,,,,,
388,22,11,576536,576536,576536,fan,,,,,,,
388,23,12,683416,683416,683416,fan,,,,,,,
388,24,12,739960,739960,739960,fan,,,,,,,
388,25,13,865144,865144,865144,fan,,,,,,,
388,26,13,930944,930944,930944,fan,,,,,,,
388,27,14,1076222,1076222,1076222,fan,,,,,,,
388,28,14,1152340,1152340,1152340,fan,,,,,,,
388,29,14,1680314,1680314,1680314,baseline,,,,,,,
388,30,15,1405536,1405536,1405536,fan,,,,,,,
388,31,15,1968552,1968552,1968552,baseline,,,,,,,
388,32,16,1693344,1693344,1693344,fan,,,,,,,
388,33,16,2290704,2290704,2290704,baseline,,,,,,,
388,34,17,2017128,2017128,2017128,fan,,,,,,,
388,35,17,2648856,2648856,2648856,baseline,,,,,,,
388,36,18,2379660,2379660,2379660,fan,,,,,,,
388,37,18,3045082,3045078,3045078,guided,0,1,110,1,2464686517,6280,606
388,38,19,2782280,2782280,2782280,fan,,,,,,,
388,39,19,3481438,3481426,3481426,guided,0,3,110,1,2891584772,6303,527
388,40,20,3227720,3227720,3227720,fan,,,,,,,
388,41,20,3959968,3959936,3959936,guided,0,1,110,1,3362298053,6215,470
388,42,20,4797348,4797348,4797348,baseline,,,,,,,
388,43,21,4482744,4482630,4482630,guided,0,3,110,1,3882008003,4943,320
388,44,21,5360912,5360912,5360912,baseline,,,,,,,
388,45,22,5051706,5051514,5051514,guided,0,1,110,1,4455771470,4884,272
388,46,22,5970584,5970584,5970584,baseline,,,,,,,
388,47,23,5668886,5668584,5668584,deep,0,3,110,1,20267096620,19008,601
388,48,23,6628308,6628308,6628308,baseline,,,,,,,
388,49,24,6336386,6335816,6335816,deep,0,1,110,1,22985229470,19084,614
388,50,24,7336108,7336104,7336104,guided,1,3,110,1,5887753563,5387,622
388,51,24,8373368,8373368,8373368,baseline,,,,,,,
388,52,25,8095920,8095880,8095880,guided,3,3,110,1,6633284376,5608,848
388,53,25,9175030,9175030,9175030,baseline,,,,,,,
388,54,26,8909748,8909636,8909636,guided,0,3,110,1,7449194362,5556,681
388,55,26,10030526,10030526,10030526,baseline,,,,,,,
388,56,27,9779476,9779252,9779252,guided,0,3,110,1,8323782298,5628,624
388,57,27,10941782,10941782,10941782,baseline,,,,,,,
388,58,27,12130104,12130104,12130104,baseline,,,,,,,
388,59,28,11910728,11910728,11910728,baseline,,,,,,,
388,60,28,13141460,13141460,13141460,baseline,,,,,,,
388,61,29,12939290,12939260,12939260,deep,0,1,110,1,41619814247,15271,1454
388,62,29,14212248,14212248,14212248,baseline,,,,,,,
388,63,30,14029338,14029250,14029250,deep,0,1,110,1,45962677571,15251,1561
388,64,30,15344380,15344380,15344380,baseline,,,,,,,
388,65,30,16691342,16691342,16691342,baseline,,,,,,,
388,66,31,16539680,16539680,16539680,baseline,,,,,,,
388,67,31,17929500,17929500,17929500,baseline,,,,,,,
388,68,32,17800028,17800028,17800028,baseline,,,,,,,
388,69,32,19232560,19232560,19232560,baseline,,,,,,,
388,70,32,20687444,20687444,20687444,baseline,,,,,,,
388,71,33,20602350,20602350,20602350,baseline,,,,,,,
388,72,33,22100348,22100348,22100348,baseline,,,,,,,
388,73,34,22040682,22040682,22040682,baseline,,,,,,,
388,74,34,23581664,23581664,23581664,baseline,,,,,,,
388,75,34,25152506,25152506,25152506,baseline,,,,,,,
388,76,35,25133164,25133164,25133164,baseline,,,,,,,
388,77,35,26747512,26747512,26747512,baseline,,,,,,,
389,1,1,389,389,389,fan,,,,,,,
389,2,1,778,778,778,fan,,,,,,,
389,3,2,3495,3495,3495,fan,,,,,,,
389,4,2,5434,5434,5434,fan,,,,,,,
389,5,3,11634,11634,11634,fan,,,,,,,
389,6,3,15504,15504,15504,fan,,,,,,,
389,7,4,27102,27102,27102,fan,,,,,,,
389,8,4,34048,34048,34048,fan,,,,,,,
389,9,5,52183,52183,52183,fan,,,,,,,
389,10,5,62578,62578,62578,fan,,,,,,,
389,11,6,89141,89141,89141,fan,,,,,,,
389,12,6,104114,104114,104114,fan,,,,,,,
389,13,7,140228,140228,140228,fan,,,,,,,
389,14,7,160144,160144,160144,fan,,,,,,,
389,15,8,207676,207676,207676,fan,,,,,,,
389,16,8,233648,233648,233648,fan,,,,,,,
389,17,9,293705,293705,293705,fan,,,,,,,
389,18,9,326090,326090,326090,fan,,,,,,,
389,19,10,400515,400515,400515,fan,,,,,,,
389,20,10,440410,440410,440410,fan,,,,,,,
389,21,11,530294,530294,530294,fan,,,,,,,
389,22,11,578048,578048,578048,fan,,,,,,,
389,23,12,685210,685210,685210,fan,,,,,,,
389,24,12,741904,741904,741904,fan,,,,,,,
389,25,13,867419,867419,867419,fan,,,,,,,
389,26,13,933394,933394,933394,fan,,,,,,,
389,27,14,1079057,1079057,1079057,fan,,,,,,,
389,28,14,1155378,1155378,1155378,fan,,,,,,,
389,29,14,1686122,1686122,1686122,baseline,,,,,,,
389,30,15,1409248,1409248,1409248,fan,,,,,,,
389,31,15,1975224,1975224,1975224,baseline,,,,,,,
389,32,16,1697824,1697824,1697824,fan,,,,,,,
389,33,16,2298332,2298332,2298332,baseline,,,,,,,
389,34,17,2022474,2022474,2022474,fan,,,,,,,
389,35,17,2657538,2657538,2657538,baseline,,,,,,,
389,36,18,2385978,2385978,2385978,fan,,,,,,,
389,37,18,3054922,3054919,3054919,guided,0,1,110,1,3705581317,9462,919
389,38,19,2789680,2789680,2789680,fan,,,,,,,
389,39,19,3492545,3492535,3492535,guided,0,1,110,1,4344081452,9522,813
389,40,20,3236320,3236320,3236320,fan,,,,,,,
389,41,20,3972466,3972429,3972429,guided,0,1,110,1,5051403222,9345,699
389,42,20,4814074,4814074,4814074,baseline,,,,,,,
389,43,21,4496750,4496629,4496629,guided,0,1,110,1,5833139027,7675,506
389,44,21,5379376,5379376,5379376,baseline,,,,,,,
389,45,22,5067338,5067148,5067148,guided,0,1,110,1,6697669150,7348,418
389,46,22,5990872,5990872,5990872,baseline,,,,,,,
389,47,23,5686267,5685984,5685984,deep,0,1,110,1,30474940753,28682,877
389,48,23,6650598,6650598,6650598,baseline,,,,,,,
389,49,24,6355684,6355124,6355124,deep,0,1,110,1,34557548333,27944,928
389,50,24,7360492,7360490,7360490,guided,1,3,110,1,5901980333,5391,623
389,51,24,8403004,8403004,8403004,baseline,,,,,,,
389,52,25,8122584,8122556,8122556,guided,3,3,110,1,6650955776,5629,865
389,53,25,9207148,9207148,9207148,baseline,,,,,,,
389,54,26,8938794,8938700,8938700,guided,0,3,110,1,7464813565,5557,682
389,55,26,10065277,10065277,10065277,baseline,,,,,,,
389,56,27,9811106,9810914,9810914,guided,0,3,110,1,8347445923,5652,649
389,57,27,10979323,10979323,10979323,baseline,,,,,,,
389,58,27,12173622,12173622,12173622,baseline,,,,,,,
389,59,28,11951225,11951219,11951219,deep,0,1,110,1,56438246246,23002,2290
389,60,28,13188152,13188152,13188152,baseline,,,,,,,
389,61,29,12982894,12982869,12982869,deep,0,1,110,1,62570686649,23096,2255
389,62,29,14262288,14262288,14262288,baseline,,,,,,,
389,63,30,14076228,14076156,14076156,deep,0,1,110,1,69111789594,23071,2230
389,64,30,15397938,15397938,15397938,baseline,,,,,,,
389,65,30,16751677,16751677,16751677,baseline,,,,,,,
389,66,31,16596942,16596942,16596942,baseline,,,,,,,
389,67,31,17993763,17993763,17993763,baseline,,,,,,,
389,68,32,17861184,17861180,17861180,guided,1,3,110,1,14183737833,6503,898
389,69,32,19300937,19300937,19300937,baseline,,,,,,,
389,70,32,20763144,20763144,20763144,baseline,,,,,,,
389,71,33,20675033,20675033,20675033,baseline,,,,,,,
389,72,33,22180592,22180592,22180592,baseline,,,,,,,
389,73,34,22117872,22117872,22117872,baseline,,,,,,,
389,74,34,23666630,23666630,23666630,baseline,,,,,,,
389,75,35,23631256,23631256,23631256,baseline,,,,,,,
389,76,35,25223082,25223082,25223082,baseline,,,,,,,
389,77,35,26845533,26845533,26845533,baseline,,,,,,,
390,1,1,390,390,390,fan,,,,,,,
390,2,1,780,780,780,fan,,,,,,,
390,3,2,3504,3504,3504,fan,,,,,,,
390,4,2,5448,5448,5448,fan,,,,,,,
390,5,3,11664,11664,11664,fan,,,,,,,
390,6,3,15544,15544,15544,fan,,,,,,,
390,7,4,27172,27172,27172,fan,,,,,,,
390,8,4,34136,34136,34136,fan,,,,,,,
390,9,5,52318,52318,52318,fan,,,,,,,
390,10,5,62740,62740,62740,fan,,,,,,,
390,11,6,89372,89372,89372,fan,,,,,,,
390,12,6,104384,104384,104384,fan,,,,,,,
390,13,7,140592,140592,140592,fan,,,,,,,
390,14,7,160560,160560,160560,fan,,,,,,,
390,15,8,208216,208216,208216,fan,,,,,,,
390,16,8,234256,234256,234256,fan,,,,,,,
390,17,9,294470,294470,294470,fan,,,,,,,
390,18,9,326940,326940,326940,fan,,,,,,,
390,19,10,401560,401560,401560,fan,,,,,,,
390,20,10,441560,441560,441560,fan,,,,,,,
390,21,11,531680,531680,531680,fan,,,,,,,
390,22,11,579560,579560,579560,fan,,,,,,,
390,23,12,687004,687004,687004,fan,,,,,,,
390,24,12,743848,743848,743848,fan,,,,,,,
390,25,13,869694,869694,869694,fan,,,,,,,
390,26,13,935844,935844,935844,fan,,,,,,,
390,27,14,1081892,1081892,1081892,fan,,,,,,,
390,28,14,1158416,1158416,1158416,fan,,,,,,,
390,29,14,1691930,1691930,1691930,baseline,,,,,,,
390,30,15,1412960,1412960,1412960,fan,,,,,,,
390,31,15,1981896,1981896,1981896,baseline,,,,,,,
390,32,16,1702304,1702304,1702304,fan,,,,,,,
390,33,16,2305960,2305960,2305960,baseline,,,,,,,
390,34,17,2027820,2027820,2027820,fan,,,,,,,
390,35,17,2666220,2666220,2666220,baseline,,,,,,,
390,36,18,2392296,2392296,2392296,fan,,,,,,,
390,37,18,3064762,3064760,3064760,guided,0,3,110,1,2478899480,6310,616
390,38,19,2797080,2797080,2797080,fan,,,,,,,
390,39,19,3503652,3503644,3503644,guided,0,3,110,1,2905425280,6332,559
390,40,20,3244920,3244920,3244920,fan,,,,,,,
390,41,20,3984964,3984922,3984922,guided,0,3,110,1,3378489779,6217,463
390,42,20,4830840,4830840,4830840,baseline,,,,,,,
390,43,21,4510756,4510628,4510628,guided,0,3,110,1,3902230415,4951,320
390,44,21,5397840,5397840,5397840,baseline,,,,,,,
390,45,22,5082970,5082782,5082782,guided,0,3,110,1,4481079095,4909,282
390,46,22,6011204,6011204,6011204,baseline,,,,,,,
390,47,23,5703648,5703384,5703384,deep,0,3,110,1,20370358414,19022,552
390,48,23,6672888,6672888,6672888,baseline,,,,,,,
390,49,24,6374982,6374432,6374432,deep,0,3,110,1,23108430762,18297,618
390,50,24,7384924,7384924,7384924,baseline,,,,,,,
390,51,24,8432672,8432672,8432672,baseline,,,,,,,
390,52,25,8149248,8149232,8149232,guided,1,3,110,1,6667392260,5528,634
390,53,25,9239300,9239300,9239300,baseline,,,,,,,
390,54,26,8967892,8967816,8967816,guided,0,3,110,1,7485188165,5561,683
390,55,26,10100066,10100066,10100066,baseline,,,,,,,
390,56,27,9842736,9842576,9842576,guided,0,3,110,1,8370988026,5676,674
390,57,27,11016904,11016904,11016904,baseline,,,,,,,
390,58,27,12217196,12217196,12217196,baseline,,,,,,,
390,59,28,11991754,11991750,11991750,deep,0,3,110,1,37740404490,15247,1497
390,60,28,13234904,13234904,13234904,baseline,,,,,,,
390,61,29,13026560,13026520,13026520,deep,0,3,110,1,41827539726,15462,1660
390,62,29,14312384,14312384,14312384,baseline,,,,,,,
390,63,30,14123184,14123104,14123104,deep,0,3,110,1,46197560813,15140,1247
390,64,30,15451560,15451560,15451560,baseline,,,,,,,
390,65,30,16812088,16812088,16812088,baseline,,,,,,,
390,66,31,16654268,16654268,16654268,baseline,,,,,,,
390,67,31,18058100,18058100,18058100,baseline,,,,,,,
390,68,32,17922400,17922400,17922400,baseline,,,,,,,
390,69,32,19369392,19369392,19369392,baseline,,,,,,,
390,70,32,20838952,20838952,20838952,baseline,,,,,,,
390,71,33,20747800,20747800,20747800,baseline,,,,,,,
390,72,33,22260928,22260928,22260928,baseline,,,,,,,
390,73,34,22195150,22195150,22195150,baseline,,,,,,,
390,74,34,23751716,23751716,23751716,baseline,,,,,,,
390,75,35,23713248,23713248,23713248,baseline,,,,,,,
390,76,35,25313100,25313100,25313100,baseline,,,,,,,
390,77,35,26943692,26943692,26943692,baseline,,,,,,,
390,78,36,26946896,26946896,26946896,baseline,,,,,,,
391,1,1,391,391,391,fan,,,,,,,
391,2,1,782,782,782,fan,,,,,,,
391,3,2,3513,3513,3513,fan,,,,,,,
391,4,2,5462,5462,5462,fan,,,,,,,
391,5,3,11694,11694,11694,fan,,,,,,,
391,6,3,15584,15584,15584,fan,,,,,,,
391,7,4,27242,27242,27242,fan,,,,,,,
391,8,4,34224,34224,34224,fan,,,,,,,
391,9,5,52453,52453,52453,fan,,,,,,,
391,10,5,62902,62902,62902,fan,,,,,,,
391,11,6,89603,89603,89603,fan,,,,,,,
391,12,6,104654,104654,104654,fan,,,,,,,
391,13,7,140956,140956,140956,fan,,,,,,,
391,14,7,160976,160976,160976,fan,,,,,,,
391,15,8,208756,208756,208756,fan,,,,,,,
391,16,8,234864,234864,234864,fan,,,,,,,
391,17,9,295235,295235,295235,fan,,,,,,,
391,18,9,327790,327790,327790,fan,,,,,,,
391,19,10,402605,402605,402605,fan,,,,,,,
391,20,10,442710,442710,442710,fan,,,,,,,
391,21,11,533066,533066,533066,fan,,,,,,,
391,22,11,581072,581072,581072,fan,,,,,,,
391,23,12,688798,688798,688798,fan,,,,,,,
391,24,12,745792,745792,745792,fan,,,,,,,
391,25,13,871969,871969,871969,fan,,,,,,,
391,26,13,938294,938294,938294,fan,,,,,,,
391,27,14,1084727,1084727,1084727,fan,,,,,,,
391,28,14,1161454,1161454,1161454,fan,,,,,,,
391,29,14,1697752,1697752,1697752,baseline,,,,,,,
391,30,15,1416672,1416672,1416672,fan,,,,,,,
391,31,15,1988583,1988583,1988583,baseline,,,,,,,
391,32,16,1706784,1706784,1706784,fan,,,,,,,
391,33,16,2313604,2313604,2313604,baseline,,,,,,,
391,34,17,2033166,2033166,2033166,fan,,,,,,,
391,35,17,2674920,2674920,2674920,baseline,,,,,,,
391,36,18,2398614,2398614,2398614,fan,,,,,,,
391,37,18,3074620,3074619,3074619,guided,0,3,110,1,3725566038,9516,929
391,38,19,2804480,2804480,2804480,fan,,,,,,,
391,39,19,3514783,3514772,3514772,guided,0,3,110,1,4367401095,9559,865
391,40,20,3253520,3253520,3253520,fan,,,,,,,
391,41,20,3997482,3997435,3997435,guided,0,3,110,1,5079986480,9410,710
391,42,20,4847606,4847606,4847606,baseline,,,,,,,
391,43,21,4524767,4524649,4524649,guided,0,3,110,1,5865763368,7689,501
391,44,21,5416346,5416346,5416346,baseline,,,,,,,
391,45,22,5098624,5098438,5098438,guided,0,3,110,1,6734482421,7379,428
391,46,22,6031536,6031536,6031536,baseline,,,,,,,
391,47,23,5721083,5720809,5720809,deep,0,3,110,1,30632479094,28941,853
391,48,23,6695224,6695224,6695224,baseline,,,,,,,
391,49,24,6394287,6393764,6393764,deep,0,3,110,1,34736330610,27821,941
391,50,24,7409360,7409358,7409358,guided,1,3,110,1,5929300676,5393,625
391,51,24,8462381,8462381,8462381,baseline,,,,,,,
391,52,25,8175978,8175958,8175958,guided,3,3,110,1,6691949571,5655,885
391,53,25,9271495,9271495,9271495,baseline,,,,,,,
391,54,26,8997018,8996936,8996936,guided,0,3,110,1,7509106373,5570,683
391,55,26,10134898,10134898,10134898,baseline,,,,,,,
391,56,27,9874468,9874296,9874296,guided,0,3,110,1,8393291246,5678,657
391,57,27,11054533,11054533,11054533,baseline,,,,,,,
391,58,27,12260826,12260826,12260826,baseline,,,,,,,
391,59,28,12032334,12032332,12032332,deep,0,3,110,1,56742294718,23020,2365
391,60,28,13281712,13281712,13281712,baseline,,,,,,,
391,61,29,13070249,13070224,13070224,deep,0,3,110,1,62874052293,23241,2267
391,62,29,14362544,14362544,14362544,baseline,,,,,,,
391,63,30,14170193,14170105,14170105,deep,0,3,110,1,69474656873,22742,1702
391,64,30,15505242,15505242,15505242,baseline,,,,,,,
391,65,30,16872580,16872580,16872580,baseline,,,,,,,
391,66,31,16711658,16711658,16711658,baseline,,,,,,,
391,67,31,18122525,18122525,18122525,baseline,,,,,,,
391,68,32,17983684,17983684,17983684,baseline,,,,,,,
391,69,32,19437934,19437934,19437934,baseline,,,,,,,
391,70,32,20914854,20914854,20914854,baseline,,,,,,,
391,71,33,20820654,20820654,20820654,baseline,,,,,,,
391,72,33,22341380,22341380,22341380,baseline,,,,,,,
391,73,34,22272517,22272517,22272517,baseline,,,,,,,
391,74,34,23836896,23836896,23836896,baseline,,,,,,,
391,75,35,23795336,23795336,23795336,baseline,,,,,,,
391,76,35,25403238,25403238,25403238,baseline,,,,,,,
391,77,35,27041995,27041995,27041995,baseline,,,,,,,
391,78,36,27042182,27042182,27042182,baseline,,,,,,,
392,1,1,392,392,392,fan,,,,,,,
392,2,1,784,784,784,fan,,,,,,,
392,3,2,3522,3522,3522,fan,,,,,,,
392,4,2,5476,5476,5476,fan,,,,,,,
392,5,3,11724,11724,11724,fan,,,,,,,
392,6,3,15624,15624,15624,fan,,,,,,,
392,7,4,27312,27312,27312,fan,,,,,,,
392,8,4,34312,34312,34312,fan,,,,,,,
392,9,5,52588,52588,52588,fan,,,,,,,
392,10,5,63064,63064,63064,fan,,,,,,,
392,11,6,89834,89834,89834,fan,,,,,,,
392,12,6,104924,104924,104924,fan,,,,,,,
392,13,7,141320,141320,141320,fan,,,,,,,
392,14,7,161392,161392,161392,fan,,,,,,,
392,15,8,209296,209296,209296,fan,,,,,,,
392,16,8,235472,235472,235472,fan,,,,,,,
392,17,9,296000,296000,296000,fan,,,,,,,
392,18,9,328640,328640,328640,fan,,,,,,,
392,19,10,403650,403650,403650,fan,,,,,,,
392,20,10,443860,443860,443860,fan,,,,,,,
392,21,11,534452,534452,534452,fan,,,,,,,
392,22,11,582584,582584,582584,fan,,,,,,,
392,23,12,690592,690592,690592,fan,,,,,,,
392,24,12,747736,747736,747736,fan,,,,,,,
392,25,13,874244,874244,874244,fan,,,,,,,
392,26,13,940744,940744,940744,fan,,,,,,,
392,27,14,1087562,1087562,1087562,fan,,,,,,,
392,28,14,1164492,1164492,1164492,fan,,,,,,,
392,29,14,1703574,1703574,1703574,baseline,,,,,,,
392,30,15,1420384,1420384,1420384,fan,,,,,,,
392,31,15,1995270,1995270,1995270,baseline,,,,,,,
392,32,16,1711264,1711264,1711264,fan,,,,,,,
392,33,16,2321248,2321248,2321248,baseline,,,,,,,
392,34,17,2038512,2038512,2038512,fan,,,,,,,
392,35,17,2683620,2683620,2683620,baseline,,,,,,,
392,36,18,2404932,2404932,2404932,fan,,,,,,,
392,37,18,3084478,3084478,3084478,baseline,,,,,,,
392,38,19,2811880,2811880,2811880,fan,,,,,,,
392,39,19,3525914,3525900,3525900,guided,0,3,110,1,2922227168,6380,586
392,40,20,3262120,3262120,3262120,fan,,,,,,,
392,41,20,4010000,4009948,4009948,guided,0,1,110,1,3396704571,6219,459
392,42,20,4864412,4864412,4864412,baseline,,,,,,,
392,43,21,4538778,4538670,4538670,guided,0,3,110,1,3921074931,5129,335
392,44,21,5434852,5434852,5434852,baseline,,,,,,,
392,45,22,5114278,5114094,5114094,guided,0,1,110,1,4506230788,4934,292
392,46,22,6051912,6051912,6051912,baseline,,,,,,,
392,47,23,5738518,5738234,5738234,deep,0,3,110,1,20474701796,19354,570
392,48,23,6717560,6717560,6717560,baseline,,,,,,,
392,49,24,6413592,6413096,6413096,deep,0,1,110,1,23219232082,18132,643
392,50,24,7433844,7433840,7433840,guided,1,3,110,1,5942562886,5394,626
392,51,24,8492124,8492124,8492124,baseline,,,,,,,
392,52,25,8202708,8202684,8202684,guided,3,3,110,1,6712060508,5658,886
392,53,25,9303724,9303724,9303724,baseline,,,,,,,
392,54,26,9026192,9026108,9026108,guided,0,3,110,1,7526715371,5577,683
392,55,26,10169766,10169766,10169766,baseline,,,,,,,
392,56,27,9906200,9906016,9906016,guided,0,3,110,1,8415609234,5680,640
392,57,27,11092198,11092198,11092198,baseline,,,,,,,
392,58,27,12304512,12304512,12304512,baseline,,,,,,,
392,59,28,12072960,12072952,12072952,deep,0,1,110,1,37938317563,15298,1596
392,60,28,13328580,13328580,13328580,baseline,,,,,,,
392,61,29,13114000,13113970,13113970,deep,0,1,110,1,42039776888,15352,1426
392,62,29,14412760,14412760,14412760,baseline,,,,,,,
392,63,30,14217214,14217150,14217150,guided,0,1,110,1,11635045674,5986,720
392,64,30,15558988,15558988,15558988,baseline,,,,,,,
392,65,30,16933146,16933146,16933146,baseline,,,,,,,
392,66,31,16769112,16769112,16769112,baseline,,,,,,,
392,67,31,18187024,18187024,18187024,baseline,,,,,,,
392,68,32,18045036,18045036,18045036,baseline,,,,,,,
392,69,32,19506556,19506556,19506556,baseline,,,,,,,
392,70,32,20990864,20990864,20990864,baseline,,,,,,,
392,71,33,20893592,20893592,20893592,baseline,,,,,,,
392,72,33,22421924,22421924,22421924,baseline,,,,,,,
392,73,34,22349970,22349970,22349970,baseline,,,,,,,
392,74,34,23922196,23922196,23922196,baseline,,,,,,,
392,75,35,23877510,23877510,23877510,baseline,,,,,,,
392,76,35,25493476,25493476,25493476,baseline,,,,,,,
392,77,35,27140436,27140436,27140436,baseline,,,,,,,
392,78,36,27137592,27137592,27137592,baseline,,,,,,,
393,1,1,393,393,393,fan,,,,,,,
393,2,1,786,786,786,fan,,,,,,,
393,3,2,3531,3531,3531,fan,,,,,,,
393,4,2,5490,5490,5490,fan,,,,,,,
393,5,3,11754,11754,11754,fan,,,,,,,
393,6,3,15664,15664,15664,fan,,,,,,,
393,7,4,27382,27382,27382,fan,,,,,,,
393,8,4,34400,34400,34400,fan,,,,,,,
393,9,5,52723,52723,52723,fan,,,,,,,
393,10,5,63226,63226,63226,fan,,,,,,,
393,11,6,90065,90065,90065,fan,,,,,,,
393,12,6,105194,105194,105194,fan,,,,,,,
393,13,7,141684,141684,141684,fan,,,,,,,
393,14,7,161808,161808,161808,fan,,,,,,,
393,15,8,209836,209836,209836,fan,,,,,,,
393,16,8,236080,236080,236080,fan,,,,,,,
393,17,9,296765,296765,296765,fan,,,,,,,
393,18,9,329490,329490,329490,fan,,,,,,,
393,19,10,404695,404695,404695,fan,,,,,,,
393,20,10,445010,445010,445010,fan,,,,,,,
393,21,11,535838,535838,535838,fan,,,,,,,
393,22,11,584096,584096,584096,fan,,,,,,,
393,23,12,692386,692386,692386,fan,,,,,,,
393,24,12,749680,749680,749680,fan,,,,,,,
393,25,13,876519,876519,876519,fan,,,,,,,
393,26,13,943194,943194,943194,fan,,,,,,,
393,27,14,1090397,1090397,1090397,fan,,,,,,,
393,28,14,1167530,1167530,1167530,fan,,,,,,,
393,29,15,1336168,1336168,1336168,fan,,,,,,,
393,30,15,1424096,1424096,1424096,fan,,,,,,,
393,31,15,2001972,2001972,2001972,baseline,,,,,,,
393,32,16,1715744,1715744,1715744,fan,,,,,,,
393,33,16,2328909,2328909,2328909,baseline,,,,,,,
393,34,17,2043858,2043858,2043858,fan,,,,,,,
393,35,17,2692337,2692337,2692337,baseline,,,,,,,
393,36,18,2411250,2411250,2411250,fan,,,,,,,
393,37,18,3094356,3094355,3094355,guided,0,1,110,1,3743247822,9490,889
393,38,19,2819280,2819280,2819280,fan,,,,,,,
393,39,19,3537064,3537047,3537047,guided,0,1,110,1,4391167965,9637,898
393,40,20,3270720,3270720,3270720,fan,,,,,,,
393,41,20,4022529,4022482,4022482,guided,0,1,110,1,5104558676,9377,707
393,42,20,4881220,4881220,4881220,baseline,,,,,,,
393,43,21,4552810,4552712,4552712,guided,0,1,110,1,5892164429,8183,529
393,44,21,5453402,5453402,5453402,baseline,,,,,,,
393,45,22,5129952,5129772,5129772,guided,0,1,110,1,6770366316,7412,439
393,46,22,6072290,6072290,6072290,baseline,,,,,,,
393,47,23,5755972,5755682,5755682,deep,0,1,110,1,30782110652,29387,868
393,48,23,6739944,6739944,6739944,baseline,,,,,,,
393,49,24,6432925,6432453,6432453,deep,0,1,110,1,34914849983,28215,953
393,50,24,7458326,7458324,7458324,guided,1,3,110,1,5960985626,5400,626
393,51,24,8521907,8521907,8521907,baseline,,,,,,,
393,52,25,8229478,8229462,8229462,guided,3,3,110,1,6729024902,5663,884
393,53,25,9335997,9335997,9335997,baseline,,,,,,,
393,54,26,9055348,9055282,9055282,guided,0,3,110,1,7545796038,5578,684
393,55,26,10204679,10204679,10204679,baseline,,,,,,,
393,56,27,9937952,9937792,9937792,guided,0,3,110,1,8428856898,5692,660
393,57,27,11129909,11129909,11129909,baseline,,,,,,,
393,58,27,12348254,12348254,12348254,baseline,,,,,,,
393,59,28,12113628,12113626,12113626,deep,0,1,110,1,57019735580,23246,2564
393,60,28,13375504,13375504,13375504,baseline,,,,,,,
393,61,29,13157801,13157766,13157766,deep,0,1,110,1,63205131844,23173,2158
393,62,29,14463040,14463040,14463040,baseline,,,,,,,
393,63,30,14264332,14264248,14264248,guided,0,1,110,1,17497842524,8923,967
393,64,30,15612794,15612794,15612794,baseline,,,,,,,
393,65,30,16993795,16993795,16993795,baseline,,,,,,,
393,66,31,16826630,16826630,16826630,baseline,,,,,,,
393,67,31,18251609,18251609,18251609,baseline,,,,,,,
393,68,32,18106452,18106452,18106452,baseline,,,,,,,
393,69,32,19575264,19575264,19575264,baseline,,,,,,,
393,70,32,21066966,21066966,21066966,baseline,,,,,,,
393,71,33,20966618,20966618,20966618,baseline,,,,,,,
393,72,33,22502582,22502582,22502582,baseline,,,,,,,
393,73,34,22427514,22427514,22427514,baseline,,,,,,,
393,74,34,24007588,24007588,24007588,baseline,,,,,,,
393,75,35,23959778,23959778,23959778,baseline,,,,,,,
393,76,35,25583832,25583832,25583832,baseline,,,,,,,
393,77,35,27239018,27239018,27239018,baseline,,,,,,,
393,78,36,27233102,27233102,27233102,baseline,,,,,,,
394,1,1,394,394,394,fan,,,,,,,
394,2,1,788,788,788,fan,,,,,,,
394,3,2,3540,3540,3540,fan,,,,,,,
394,4,2,5504,5504,5504,fan,,,,,,,
394,5,3,11784,11784,11784,fan,,,,,,,
394,6,3,15704,15704,15704,fan,,,,,,,
394,7,4,27452,27452,27452,fan,,,,,,,
394,8,4,34488,34488,34488,fan,,,,,,,
394,9,5,52858,52858,52858,fan,,,,,,,
394,10,5,63388,63388,63388,fan,,,,,,,
394,11,6,90296,90296,90296,fan,,,,,,,
394,12,6,105464,105464,105464,fan,,,,,,,
394,13,7,142048,142048,142048,fan,,,,,,,
394,14,7,162224,162224,162224,fan,,,,,,,
394,15,8,210376,210376,210376,fan,,,,,,,
394,16,8,236688,236688,236688,fan,,,,,,,
394,17,9,297530,297530,297530,fan,,,,,,,
394,18,9,330340,330340,330340,fan,,,,,,,
394,19,10,405740,405740,405740,fan,,,,,,,
394,20,10,446160,446160,446160,fan,,,,,,,
394,21,11,537224,537224,537224,fan,,,,,,,
394,22,11,585608,585608,585608,fan,,,,,,,
394,23,12,694180,694180,694180,fan,,,,,,,
394,24,12,751624,751624,751624,fan,,,,,,,
394,25,13,878794,878794,878794,fan,,,,,,,
394,26,13,945644,945644,945644,fan,,,,,,,
394,27,14,1093232,1093232,1093232,fan,,,,,,,
394,28,14,1170568,1170568,1170568,fan,,,,,,,
394,29,15,1339648,1339648,1339648,fan,,,,,,,
394,30,15,1427808,1427808,1427808,fan,,,,,,,
394,31,15,2008674,2008674,2008674,baseline,,,,,,,
394,32,16,1720224,1720224,1720224,fan,,,,,,,
394,33,16,2336570,2336570,2336570,baseline,,,,,,,
394,34,17,2049204,2049204,2049204,fan,,,,,,,
394,35,17,2701054,2701054,2701054,baseline,,,,,,,
394,36,18,2417568,2417568,2417568,fan,,,,,,,
394,37,18,3104234,3104232,3104232,guided,0,3,110,1,2503768322,6311,576
394,38,19,2826680,2826680,2826680,fan,,,,,,,
394,39,19,3548214,3548194,3548194,guided,0,3,110,1,2934457611,6415,612
394,40,20,3279320,3279320,3279320,fan,,,,,,,
394,41,20,4035058,4035016,4035016,guided,0,3,110,1,3415203939,6248,476
394,42,20,4898068,4898068,4898068,baseline,,,,,,,
394,43,21,4566842,4566754,4566754,guided,0,3,110,1,3941406818,5378,348
394,44,21,5471952,5471952,5471952,baseline,,,,,,,
394,45,22,5145626,5145450,5145450,guided,0,3,110,1,4528786654,4948,293
394,46,22,6092712,6092712,6092712,baseline,,,,,,,
394,47,23,5773434,5773130,5773130,guided,0,3,110,1,5166431762,5044,304
394,48,23,6762328,6762328,6762328,baseline,,,,,,,
394,49,24,6452258,6451810,6451810,deep,0,3,110,1,23337710438,18967,630
394,50,24,7482856,7482856,7482856,baseline,,,,,,,
394,51,24,8551724,8551724,8551724,baseline,,,,,,,
394,52,25,8256248,8256240,8256240,guided,1,3,110,1,6740331736,5552,640
394,53,25,9368302,9368302,9368302,baseline,,,,,,,
394,54,26,9084556,9084508,9084508,guided,0,3,110,1,7561252217,5557,662
394,55,26,10239628,10239628,10239628,baseline,,,,,,,
394,56,27,9969704,9969568,9969568,guided,0,3,110,1,8442086000,5704,680
394,57,27,11167658,11167658,11167658,baseline,,,,,,,
394,58,27,12392052,12392052,12392052,baseline,,,,,,,
394,59,28,12154338,12154338,12154338,baseline,,,,,,,
394,60,28,13422488,13422488,13422488,baseline,,,,,,,
394,61,29,13201626,13201606,13201606,guided,0,3,110,1,10608197776,5826,696
394,62,29,14513376,14513376,14513376,baseline,,,,,,,
394,63,30,14311470,14311390,14311390,deep,0,3,110,1,46677767690,15172,1117
394,64,30,15666664,15666664,15666664,baseline,,,,,,,
394,65,30,17054518,17054518,17054518,baseline,,,,,,,
394,66,31,16884212,16884212,16884212,baseline,,,,,,,
394,67,31,18316270,18316270,18316270,baseline,,,,,,,
394,68,32,18167936,18167936,18167936,baseline,,,,,,,
394,69,32,19644052,19644052,19644052,baseline,,,,,,,
394,70,32,21143176,21143176,21143176,baseline,,,,,,,
394,71,33,21039726,21039726,21039726,baseline,,,,,,,
394,72,33,22583332,22583332,22583332,baseline,,,,,,,
394,73,34,22505144,22505144,22505144,baseline,,,,,,,
394,74,34,24093100,24093100,24093100,baseline,,,,,,,
394,75,35,24042134,24042134,24042134,baseline,,,,,,,
394,76,35,25674288,25674288,25674288,baseline,,,,,,,
394,77,35,27337726,27337726,27337726,baseline,,,,,,,
394,78,36,27328736,27328736,27328736,baseline,,,,,,,
395,1,1,395,395,395,fan,,,,,,,
395,2,1,790,790,790,fan,,,,,,,
395,3,2,3549,3549,3549,fan,,,,,,,
395,4,2,5518,5518,5518,fan,,,,,,,
395,5,3,11814,11814,11814,fan,,,,,,,
395,6,3,15744,15744,15744,fan,,,,,,,
395,7,4,27522,27522,27522,fan,,,,,,,
395,8,4,34576,34576,34576,fan,,,,,,,
395,9,5,52993,52993,52993,fan,,,,,,,
395,10,5,63550,63550,63550,fan,,,,,,,
395,11,6,90527,90527,90527,fan,,,,,,,
395,12,6,105734,105734,105734,fan,,,,,,,
395,13,7,142412,142412,142412,fan,,,,,,,
395,14,7,162640,162640,162640,fan,,,,,,,
395,15,8,210916,210916,210916,fan,,,,,,,
395,16,8,237296,237296,237296,fan,,,,,,,
395,17,9,298295,298295,298295,fan,,,,,,,
395,18,9,331190,331190,331190,fan,,,,,,,
395,19,10,406785,406785,406785,fan,,,,,,,
395,20,10,447310,447310,447310,fan,,,,,,,
395,21,11,538610,538610,538610,fan,,,,,,,
395,22,11,587120,587120,587120,fan,,,,,,,
395,23,12,695974,695974,695974,fan,,,,,,,
395,24,12,753568,753568,753568,fan,,,,,,,
395,25,13,881069,881069,881069,fan,,,,,,,
395,26,13,948094,948094,948094,fan,,,,,,,
395,27,14,1096067,1096067,1096067,fan,,,,,,,
395,28,14,1173606,1173606,1173606,fan,,,,,,,
395,29,15,1343128,1343128,1343128,fan,,,,,,,
395,30,15,1431520,1431520,1431520,fan,,,,,,,
395,31,15,2015393,2015393,2015393,baseline,,,,,,,
395,32,16,1724704,1724704,1724704,fan,,,,,,,
395,33,16,2344247,2344247,2344247,baseline,,,,,,,
395,34,17,2054550,2054550,2054550,fan,,,,,,,
395,35,17,2709788,2709788,2709788,baseline,,,,,,,
395,36,18,2423886,2423886,2423886,fan,,,,,,,
395,37,18,3114130,3114127,3114127,guided,0,3,110,1,3764478234,9497,839
395,38,19,2834080,2834080,2834080,fan,,,,,,,
395,39,19,3559379,3559361,3559361,guided,0,3,110,1,4412066310,9634,874
395,40,20,3287920,3287920,3287920,fan,,,,,,,
395,41,20,4047607,4047570,4047570,guided,0,3,110,1,5129942290,9452,734
395,42,20,4914916,4914916,4914916,baseline,,,,,,,
395,43,21,4580902,4580817,4580817,guided,0,3,110,1,5921795525,8354,538
395,44,21,5490544,5490544,5490544,baseline,,,,,,,
395,45,22,5161322,5161150,5161150,guided,0,3,110,1,6804328470,7438,440
395,46,22,6113134,6113134,6113134,baseline,,,,,,,
395,47,23,5790889,5790602,5790602,guided,0,3,110,1,7757360433,7577,469
395,48,23,6784758,6784758,6784758,baseline,,,,,,,
395,49,24,6471615,6471191,6471191,deep,0,3,110,1,35093733358,29092,938
395,50,24,7507390,7507388,7507388,guided,1,3,110,1,5985319840,5404,627
395,51,24,8581582,8581582,8581582,baseline,,,,,,,
395,52,25,8283080,8283068,8283068,guided,1,3,110,1,6760713595,5562,643
395,53,25,9400653,9400653,9400653,baseline,,,,,,,
395,54,26,9113788,9113734,9113734,deep,0,3,110,1,30211620404,15098,1260
395,55,27,8840826,8839741,8839741,deep,0,3,110,1,49739073083,26246,1193
395,56,27,10001546,10001402,10001402,guided,0,3,110,1,8476366042,5716,682
395,57,27,11205452,11205452,11205452,baseline,,,,,,,
395,58,27,12435906,12435906,12435906,baseline,,,,,,,
395,59,28,12195099,12195099,12195099,baseline,,,,,,,
395,60,28,13469528,13469528,13469528,baseline,,,,,,,
395,61,29,13245525,13245496,13245496,deep,0,3,110,1,63536226487,23076,1797
395,62,29,14563776,14563776,14563776,baseline,,,,,,,
395,63,30,14358655,14358585,14358585,deep,0,3,110,1,70171721265,22901,1591
395,64,30,15720594,15720594,15720594,baseline,,,,,,,
395,65,30,17115322,17115322,17115322,baseline,,,,,,,
395,66,31,16941858,16941858,16941858,baseline,,,,,,,
395,67,31,18381016,18381016,18381016,baseline,,,,,,,
395,68,32,18229484,18229484,18229484,baseline,,,,,,,
395,69,32,19712927,19712927,19712927,baseline,,,,,,,
395,70,33,19585320,19585312,19585312,guided,0,3,110,1,15762045065,6356,762
395,71,33,21112924,21112924,21112924,baseline,,,,,,,
395,72,33,22664198,22664198,22664198,baseline,,,,,,,
395,73,34,22582863,22582863,22582863,baseline,,,,,,,
395,74,34,24178706,24178706,24178706,baseline,,,,,,,
395,75,35,24124583,24124583,24124583,baseline,,,,,,,
395,76,35,25764864,25764864,25764864,baseline,,,,,,,
395,77,35,27436565,27436565,27436565,baseline,,,,,,,
395,78,36,27424472,27424472,27424472,baseline,,,,,,,
395,79,36,29141049,29141049,29141049,baseline,,,,,,,
396,1,1,396,396,396,fan,,,,,,,
396,2,1,792,792,792,fan,,,,,,,
396,3,2,3558,3558,3558,fan,,,,,,,
396,4,2,5532,5532,5532,fan,,,,,,,
396,5,3,11844,11844,11844,fan,,,,,,,
396,6,3,15784,15784,15784,fan,,,,,,,
396,7,4,27592,27592,27592,fan,,,,,,,
396,8,4,34664,34664,34664,fan,,,,,,,
396,9,5,53128,53128,53128,fan,,,,,,,
396,10,5,63712,63712,63712,fan,,,,,,,
396,11,6,90758,90758,90758,fan,,,,,,,
396,12,6,106004,106004,106004,fan,,,,,,,
396,13,7,142776,142776,142776,fan,,,,,,,
396,14,7,163056,163056,163056,fan,,,,,,,
396,15,8,211456,211456,211456,fan,,,,,,,
396,16,8,237904,237904,237904,fan,,,,,,,
396,17,9,299060,299060,299060,fan,,,,,,,
396,18,9,332040,332040,332040,fan,,,,,,,
396,19,10,407830,407830,407830,fan,,,,,,,
396,20,10,448460,448460,448460,fan,,,,,,,
396,21,11,539996,539996,539996,fan,,,,,,,
396,22,11,588632,588632,588632,fan,,,,,,,
396,23,12,697768,697768,697768,fan,,,,,,,
396,24,12,755512,755512,755512,fan,,,,,,,
396,25,13,883344,883344,883344,fan,,,,,,,
396,26,13,950544,950544,950544,fan,,,,,,,
396,27,14,1098902,1098902,1098902,fan,,,,,,,
396,28,14,1176644,1176644,1176644,fan,,,,,,,
396,29,15,1346608,1346608,1346608,fan,,,,,,,
396,30,15,1435232,1435232,1435232,fan,,,,,,,
396,31,15,2022112,2022112,2022112,baseline,,,,,,,
396,32,16,1729184,1729184,1729184,fan,,,,,,,
396,33,16,2351924,2351924,2351924,baseline,,,,,,,
396,34,17,2059896,2059896,2059896,fan,,,,,,,
396,35,17,2718522,2718522,2718522,baseline,,,,,,,
396,36,18,2430204,2430204,2430204,fan,,,,,,,
396,37,18,3124026,3124022,3124022,guided,0,1,110,1,2516711849,6288,526
396,38,19,2841480,2841480,2841480,fan,,,,,,,
396,39,19,3570544,3570528,3570528,guided,0,3,110,1,2950709983,6410,565
396,40,20,3296520,3296520,3296520,fan,,,,,,,
396,41,20,4060156,4060124,4060124,guided,0,1,110,1,3431924794,6270,492
396,42,20,4931804,4931804,4931804,baseline,,,,,,,
396,43,21,4594962,4594880,4594880,guided,0,3,110,1,3961473917,5611,358
396,44,21,5509136,5509136,5509136,baseline,,,,,,,
396,45,22,5177018,5176850,5176850,guided,0,1,110,1,4551123172,4962,294
396,46,22,6133600,6133600,6133600,baseline,,,,,,,
396,47,23,5808344,5808074,5808074,guided,0,3,110,1,5192062226,5061,317
396,48,23,6807188,6807188,6807188,baseline,,,,,,,
396,49,24,6490972,6490572,6490572,deep,0,1,110,1,23457395482,19516,614
396,50,24,7531972,7531968,7531968,guided,1,3,110,1,6003041976,5408,628
396,51,24,8611472,8611472,8611472,baseline,,,,,,,
396,52,25,8309912,8309896,8309896,guided,1,3,110,1,6781067376,5572,646
396,53,25,9433036,9433036,9433036,baseline,,,,,,,
396,54,26,9143072,9143012,9143012,deep,0,3,110,1,30295561941,15105,1255
396,55,26,10309650,10309650,10309650,baseline,,,,,,,
396,56,27,10033388,10033236,10033236,guided,0,3,110,1,8490792924,5722,684
396,57,27,11243284,11243284,11243284,baseline,,,,,,,
396,58,27,12479816,12479816,12479816,baseline,,,,,,,
396,59,28,12235896,12235896,12235896,baseline,,,,,,,
396,60,28,13516628,13516628,13516628,baseline,,,,,,,
396,61,29,13289452,13289430,13289430,deep,0,1,110,1,42468811082,15356,1245
396,62,29,14614232,14614232,14614232,baseline,,,,,,,
396,63,30,14405906,14405822,14405822,guided,0,1,110,1,11782670572,5968,636
396,64,30,15774588,15774588,15774588,baseline,,,,,,,
396,65,30,17176202,17176202,17176202,baseline,,,,,,,
396,66,31,16999568,16999568,16999568,baseline,,,,,,,
396,67,31,18445838,18445838,18445838,baseline,,,,,,,
396,68,32,18291100,18291100,18291100,baseline,,,,,,,
396,69,32,19781880,19781880,19781880,baseline,,,,,,,
396,70,33,19651040,19651024,19651024,guided,1,3,110,1,15807873344,6670,916
396,71,33,21186204,21186204,21186204,baseline,,,,,,,
396,72,33,22745156,22745156,22745156,baseline,,,,,,,
396,73,34,22660670,22660670,22660670,baseline,,,,,,,
396,74,34,24264432,24264432,24264432,baseline,,,,,,,
396,75,35,24207120,24207120,24207120,baseline,,,,,,,
396,76,35,25855540,25855540,25855540,baseline,,,,,,,
396,77,35,27535530,27535530,27535530,baseline,,,,,,,
396,78,36,27520332,27520332,27520332,baseline,,,,,,,
396,79,36,29245420,29245420,29245420,baseline,,,,,,,
397,1,1,397,397,397,fan,,,,,,,
397,2,1,794,794,794,fan,,,,,,,
397,3,2,3567,3567,3567,fan,,,,,,,
397,4,2,5546,5546,5546,fan,,,,,,,
397,5,3,11874,11874,11874,fan,,,,,,,
397,6,3,15824,15824,15824,fan,,,,,,,
397,7,4,27662,27662,27662,fan,,,,,,,
397,8,4,34752,34752,34752,fan,,,,,,,
397,9,5,53263,53263,53263,fan,,,,,,,
397,10,5,63874,63874,63874,fan,,,,,,,
397,11,6,90989,90989,90989,fan,,,,,,,
397,12,6,106274,106274,106274,fan,,,,,,,
397,13,7,143140,143140,143140,fan,,,,,,,
397,14,7,163472,163472,163472,fan,,,,,,,
397,15,8,211996,211996,211996,fan,,,,,,,
397,16,8,238512,238512,238512,fan,,,,,,,
397,17,9,299825,299825,299825,fan,,,,,,,
397,18,9,332890,332890,332890,fan,,,,,,,
397,19,10,408875,408875,408875,fan,,,,,,,
397,20,10,449610,449610,449610,fan,,,,,,,
397,21,11,541382,541382,541382,fan,,,,,,,
397,22,11,590144,590144,590144,fan,,,,,,,
397,23,12,699562,699562,699562,fan,,,,,,,
397,24,12,757456,757456,757456,fan,,,,,,,
397,25,13,885619,885619,885619,fan,,,,,,,
397,26,13,952994,952994,952994,fan,,,,,,,
397,27,14,1101737,1101737,1101737,fan,,,,,,,
397,28,14,1179682,1179682,1179682,fan,,,,,,,
397,29,15,1350088,1350088,1350088,fan,,,,,,,
397,30,15,1438944,1438944,1438944,fan,,,,,,,
397,31,15,2028846,2028846,2028846,baseline,,,,,,,
397,32,16,1733664,1733664,1733664,fan,,,,,,,
397,33,16,2359618,2359618,2359618,baseline,,,,,,,
397,34,17,2065242,2065242,2065242,fan,,,,,,,
397,35,17,2727273,2727273,2727273,baseline,,,,,,,
397,36,18,2436522,2436522,2436522,fan,,,,,,,
397,37,18,3133939,3133936,3133936,guided,0,1,110,1,3782329725,9467,811
397,38,19,2848880,2848880,2848880,fan,,,,,,,
397,39,19,3581728,3581714,3581714,guided,0,1,110,1,4434992513,9661,832
397,40,20,3305120,3305120,3305120,fan,,,,,,,
397,41,20,4072737,4072698,4072698,guided,0,1,110,1,5157859663,9457,742
397,42,20,4948694,4948694,4948694,baseline,,,,,,,
397,43,21,4609043,4608964,4608964,guided,0,1,110,1,5953150737,8640,559
397,44,21,5527772,5527772,5527772,baseline,,,,,,,
397,45,22,5192729,5192573,5192573,guided,0,1,110,1,6838445182,7469,459
397,46,22,6154068,6154068,6154068,baseline,,,,,,,
397,47,23,5825822,5825569,5825569,guided,0,1,110,1,7801421005,7603,482
397,48,23,6829666,6829666,6829666,baseline,,,,,,,
397,49,24,6510393,6509979,6509979,deep,0,1,110,1,35269307319,29004,952
397,50,24,7556552,7556550,7556550,guided,1,3,110,1,6018984437,5413,629
397,51,24,8641405,8641405,8641405,baseline,,,,,,,
397,52,25,8336788,8336776,8336776,guided,1,3,110,1,6792094378,5575,648
397,53,25,9465463,9465463,9465463,baseline,,,,,,,
397,54,26,9172338,9172292,9172292,deep,0,3,110,1,30377881681,14954,1030
397,55,27,8892925,8891790,8891790,deep,0,1,110,1,49981849125,26308,1198
397,56,27,10065254,10065126,10065126,guided,0,3,110,1,8517580825,5727,677
397,57,27,11281162,11281162,11281162,baseline,,,,,,,
397,58,27,12523782,12523782,12523782,baseline,,,,,,,
397,59,28,12276744,12276744,12276744,baseline,,,,,,,
397,60,28,13563784,13563784,13563784,baseline,,,,,,,
397,61,29,13333427,13333414,13333414,guided,1,1,110,1,16017282719,9261,1271
397,62,29,14664752,14664752,14664752,baseline,,,,,,,
397,63,30,14453179,14453115,14453115,deep,0,1,110,1,70517802272,23233,1812
397,64,30,15828642,15828642,15828642,baseline,,,,,,,
397,65,30,17237163,17237163,17237163,baseline,,,,,,,
397,66,31,17057342,17057342,17057342,baseline,,,,,,,
397,67,31,18510746,18510746,18510746,baseline,,,,,,,
397,68,32,18352780,18352780,18352780,baseline,,,,,,,
397,69,32,19850922,19850922,19850922,baseline,,,,,,,
397,70,33,19716816,19716808,19716808,guided,1,3,110,1,15843504027,6682,920
397,71,33,21259572,21259572,21259572,baseline,,,,,,,
397,72,33,22826228,22826228,22826228,baseline,,,,,,,
397,73,34,22738565,22738565,22738565,baseline,,,,,,,
397,74,34,24350250,24350250,24350250,baseline,,,,,,,
397,75,35,24289751,24289751,24289751,baseline,,,,,,,
397,76,35,25946334,25946334,25946334,baseline,,,,,,,
397,77,35,27634626,27634626,27634626,baseline,,,,,,,
397,78,36,27616292,27616292,27616292,baseline,,,,,,,
397,79,36,29349930,29349930,29349930,baseline,,,,,,,
398,1,1,398,398,398,fan,,,,,,,
398,2,1,796,796,796,fan,,,,,,,
398,3,2,3576,3576,3576,fan,,,,,,,
398,4,2,5560,5560,5560,fan,,,,,,,
398,5,3,11904,11904,11904,fan,,,,,,,
398,6,3,15864,15864,15864,fan,,,,,,,
398,7,4,27732,27732,27732,fan,,,,,,,
398,8,4,34840,34840,34840,fan,,,,,,,
398,9,5,53398,53398,53398,fan,,,,,,,
398,10,5,64036,64036,64036,fan,,,,,,,
398,11,6,91220,91220,91220,fan,,,,,,,
398,12,6,106544,106544,106544,fan,,,,,,,
398,13,7,143504,143504,143504,fan,,,,,,,
398,14,7,163888,163888,163888,fan,,,,,,,
398,15,8,212536,212536,212536,fan,,,,,,,
398,16,8,239120,239120,239120,fan,,,,,,,
398,17,9,300590,300590,300590,fan,,,,,,,
398,18,9,333740,333740,333740,fan,,,,,,,
398,19,10,409920,409920,409920,fan,,,,,,,
398,20,10,450760,450760,450760,fan,,,,,,,
398,21,11,542768,542768,542768,fan,,,,,,,
398,22,11,591656,591656,591656,fan,,,,,,,
398,23,12,701356,701356,701356,fan,,,,,,,
398,24,12,759400,759400,759400,fan,,,,,,,
398,25,13,887894,887894,887894,fan,,,,,,,
398,26,13,955444,955444,955444,fan,,,,,,,
398,27,14,1104572,1104572,1104572,fan,,,,,,,
398,28,14,1182720,1182720,1182720,fan,,,,,,,
398,29,15,1353568,1353568,1353568,fan,,,,,,,
398,30,15,1442656,1442656,1442656,fan,,,,,,,
398,31,15,2035580,2035580,2035580,baseline,,,,,,,
398,32,16,1738144,1738144,1738144,fan,,,,,,,
398,33,16,2367312,2367312,2367312,baseline,,,,,,,
398,34,17,2070588,2070588,2070588,fan,,,,,,,
398,35,17,2736024,2736024,2736024,baseline,,,,,,,
398,36,18,2442840,2442840,2442840,fan,,,,,,,
398,37,18,3143852,3143850,3143850,guided,0,3,110,1,2530099444,6311,548
398,38,19,2856280,2856280,2856280,fan,,,,,,,
398,39,19,3592912,3592900,3592900,guided,0,3,110,1,2963518252,6400,519
398,40,20,3313720,3313720,3313720,fan,,,,,,,
398,41,20,4085318,4085272,4085272,guided,0,3,110,1,3448788667,6298,493
398,42,20,4965624,4965624,4965624,baseline,,,,,,,
398,43,21,4623124,4623048,4623048,guided,0,3,110,1,3981344081,5700,362
398,44,21,5546408,5546408,5546408,baseline,,,,,,,
398,45,22,5208440,5208296,5208296,guided,0,3,110,1,4574565889,4991,312
398,46,22,6174580,6174580,6174580,baseline,,,,,,,
398,47,23,5843300,5843064,5843064,guided,0,3,110,1,5217695689,5078,330
398,48,23,6852144,6852144,6852144,baseline,,,,,,,
398,49,24,6529814,6529386,6529386,deep,0,3,110,1,23575282821,19201,645
398,50,24,7581180,7581180,7581180,baseline,,,,,,,
398,51,24,8671370,8671370,8671370,baseline,,,,,,,
398,52,25,8363664,8363656,8363656,guided,1,3,110,1,6803094872,5578,650
398,53,25,9497924,9497924,9497924,baseline,,,,,,,
398,54,26,9201656,9201624,9201624,guided,3,3,110,1,7636518652,5824,896
398,55,26,10379832,10379832,10379832,baseline,,,,,,,
398,56,27,10097120,10097016,10097016,guided,0,3,110,1,8544425488,5732,670
398,57,27,11319076,11319076,11319076,baseline,,,,,,,
398,58,27,12567808,12567808,12567808,baseline,,,,,,,
398,59,28,12317628,12317628,12317628,baseline,,,,,,,
398,60,28,13611000,13611000,13611000,baseline,,,,,,,
398,61,29,13377456,13377440,13377440,guided,1,3,110,1,10703635961,6188,850
398,62,29,14715328,14715328,14715328,baseline,,,,,,,
398,63,30,14500494,14500450,14500450,deep,0,3,110,1,47148362376,15507,1368
398,64,30,15882760,15882760,15882760,baseline,,,,,,,
398,65,30,17298206,17298206,17298206,baseline,,,,,,,
398,66,31,17115180,17115180,17115180,baseline,,,,,,,
398,67,31,18575728,18575728,18575728,baseline,,,,,,,
398,68,32,18414528,18414528,18414528,baseline,,,,,,,
398,69,32,19920042,19920042,19920042,baseline,,,,,,,
398,70,33,19782660,19782656,19782656,guided,0,3,110,1,15893783062,6346,708
398,71,33,21333024,21333024,21333024,baseline,,,,,,,
398,72,33,22907392,22907392,22907392,baseline,,,,,,,
398,73,34,22816548,22816548,22816548,baseline,,,,,,,
398,74,34,24436188,24436188,24436188,baseline,,,,,,,
398,75,35,24372468,24372468,24372468,baseline,,,,,,,
398,76,35,26037228,26037228,26037228,baseline,,,,,,,
398,77,35,27733848,27733848,27733848,baseline,,,,,,,
398,78,36,27712376,27712376,27712376,baseline,,,,,,,
398,79,36,29454566,29454566,29454566,baseline,,,,,,,
399,1,1,399,399,399,fan,,,,,,,
399,2,1,798,798,798,fan,,,,,,,
399,3,2,3585,3585,3585,fan,,,,,,,
399,4,2,5574,5574,5574,fan,,,,,,,
399,5,3,11934,11934,11934,fan,,,,,,,
399,6,3,15904,15904,15904,fan,,,,,,,
399,7,4,27802,27802,27802,fan,,,,,,,
399,8,4,34928,34928,34928,fan,,,,,,,
399,9,5,53533,53533,53533,fan,,,,,,,
399,10,5,64198,64198,64198,fan,,,,,,,
399,11,6,91451,91451,91451,fan,,,,,,,
399,12,6,106814,106814,106814,fan,,,,,,,
399,13,7,143868,143868,143868,fan,,,,,,,
399,14,7,164304,164304,164304,fan,,,,,,,
399,15,8,213076,213076,213076,fan,,,,,,,
399,16,8,239728,239728,239728,fan,,,,,,,
399,17,9,301355,301355,301355,fan,,,,,,,
399,18,9,334590,334590,334590,fan,,,,,,,
399,19,10,410965,410965,410965,fan,,,,,,,
399,20,10,451910,451910,451910,fan,,,,,,,
399,21,11,544154,544154,544154,fan,,,,,,,
399,22,11,593168,593168,593168,fan,,,,,,,
399,23,12,703150,703150,703150,fan,,,,,,,
399,24,12,761344,761344,761344,fan,,,,,,,
399,25,13,890169,890169,890169,fan,,,,,,,
399,26,13,957894,957894,957894,fan,,,,,,,
399,27,14,1107407,1107407,1107407,fan,,,,,,,
399,28,14,1185758,1185758,1185758,fan,,,,,,,
399,29,15,1357048,1357048,1357048,fan,,,,,,,
399,30,15,1446368,1446368,1446368,fan,,,,,,,
399,31,15,2042330,2042330,2042330,baseline,,,,,,,
399,32,16,1742624,1742624,1742624,fan,,,,,,,
399,33,16,2375022,2375022,2375022,baseline,,,,,,,
399,34,17,2075934,2075934,2075934,fan,,,,,,,
399,35,17,2744794,2744794,2744794,baseline,,,,,,,
399,36,18,2449158,2449158,2449158,fan,,,,,,,
399,37,18,3153783,3153782,3153782,guided,0,3,110,1,3799280891,9505,833
399,38,19,2863680,2863680,2863680,fan,,,,,,,
399,39,19,3604122,3604105,3604105,guided,0,3,110,1,4456497137,9661,838
399,40,20,3322320,3322320,3322320,fan,,,,,,,
399,41,20,4097919,4097866,4097866,guided,0,3,110,1,5183093222,9552,744
399,42,20,4982554,4982554,4982554,baseline,,,,,,,
399,43,21,4637234,4637154,4637154,guided,0,3,110,1,5982535301,8615,571
399,44,21,5565086,5565086,5565086,baseline,,,,,,,
399,45,22,5224173,5224041,5224041,guided,0,3,110,1,6872029230,7513,477
399,46,22,6195092,6195092,6195092,baseline,,,,,,,
399,47,23,5860830,5860582,5860582,guided,0,3,110,1,7840704017,7624,497
399,48,23,6874668,6874668,6874668,baseline,,,,,,,
399,49,24,6549259,6548817,6548817,deep,0,3,110,1,35442625493,28897,984
399,50,24,7605810,7605810,7605810,baseline,,,,,,,
399,51,24,8701376,8701376,8701376,baseline,,,,,,,
399,52,25,8390592,8390586,8390586,guided,1,3,110,1,6822052802,5580,650
399,53,25,9530428,9530428,9530428,baseline,,,,,,,
399,54,26,9230994,9230956,9230956,guided,3,3,110,1,7659043946,5829,898
399,55,27,8945081,8943895,8943895,deep,0,3,110,1,50234316476,26468,1193
399,56,27,10129072,10128960,10128960,guided,0,3,110,1,8557561261,5740,681
399,57,27,11357038,11357038,11357038,baseline,,,,,,,
399,58,27,12611894,12611894,12611894,baseline,,,,,,,
399,59,28,12358561,12358561,12358561,baseline,,,,,,,
399,60,28,13658272,13658272,13658272,baseline,,,,,,,
399,61,29,13421520,13421513,13421513,guided,1,3,110,1,16086286914,9308,1284
399,62,29,14765968,14765968,14765968,baseline,,,,,,,
399,63,30,14547872,14547838,14547838,deep,0,3,110,1,70885818441,23540,2221
399,64,30,15936938,15936938,15936938,baseline,,,,,,,
399,65,30,17359336,17359336,17359336,baseline,,,,,,,
399,66,31,17173082,17173082,17173082,baseline,,,,,,,
399,67,31,18640799,18640799,18640799,baseline,,,,,,,
399,68,32,18476340,18476340,18476340,baseline,,,,,,,
399,69,32,19989249,19989249,19989249,baseline,,,,,,,
399,70,33,19848584,19848576,19848576,guided,1,3,110,1,15907486037,6680,918
399,71,33,21406563,21406563,21406563,baseline,,,,,,,
399,72,33,22988672,22988672,22988672,baseline,,,,,,,
399,73,34,22894620,22894620,22894620,baseline,,,,,,,
399,74,34,24522220,24522220,24522220,baseline,,,,,,,
399,75,35,24455281,24455281,24455281,baseline,,,,,,,
399,76,35,26128242,26128242,26128242,baseline,,,,,,,
399,77,35,27833202,27833202,27833202,baseline,,,,,,,
399,78,36,27808562,27808562,27808562,baseline,,,,,,,
399,79,36,29559340,29559340,29559340,baseline,,,,,,,
400,1,1,400,400,400,fan,,,,,,,
400,2,1,800,800,800,fan,,,,,,,
400,3,2,3594,3594,3594,fan,,,,,,,
400,4,2,5588,5588,5588,fan,,,,,,,
400,5,3,11964,11964,11964,fan,,,,,,,
400,6,3,15944,15944,15944,fan,,,,,,,
400,7,4,27872,27872,27872,fan,,,,,,,
400,8,4,35016,35016,35016,fan,,,,,,,
400,9,5,53668,53668,53668,fan,,,,,,,
400,10,5,64360,64360,64360,fan,,,,,,,
400,11,6,91682,91682,91682,fan,,,,,,,
400,12,6,107084,107084,107084,fan,,,,,,,
400,13,7,144232,144232,144232,fan,,,,,,,
400,14,7,164720,164720,164720,fan,,,,,,,
400,15,8,213616,213616,213616,fan,,,,,,,
400,16,8,240336,240336,240336,fan,,,,,,,
400,17,9,302120,302120,302120,fan,,,,,,,
400,18,9,335440,335440,335440,fan,,,,,,,
400,19,10,412010,412010,412010,fan,,,,,,,
400,20,10,453060,453060,453060,fan,,,,,,,
400,21,11,545540,545540,545540,fan,,,,,,,
400,22,11,594680,594680,594680,fan,,,,,,,
400,23,12,704944,704944,704944,fan,,,,,,,
400,24,12,763288,763288,763288,fan,,,,,,,
400,25,13,892444,892444,892444,fan,,,,,,,
400,26,13,960344,960344,960344,fan,,,,,,,
400,27,14,1110242,1110242,1110242,fan,,,,,,,
400,28,14,1188796,1188796,1188796,fan,,,,,,,
400,29,15,1360528,1360528,1360528,fan,,,,,,,
400,30,15,1450080,1450080,1450080,fan,,,,,,,
400,31,15,2049080,2049080,2049080,baseline,,,,,,,
400,32,16,1747104,1747104,1747104,fan,,,,,,,
400,33,16,2382732,2382732,2382732,baseline,,,,,,,
400,34,17,2081280,2081280,2081280,fan,,,,,,,
400,35,17,2753564,2753564,2753564,baseline,,,,,,,
400,36,18,2455476,2455476,2455476,fan,,,,,,,
400,37,18,3163714,3163714,3163714,baseline,,,,,,,
400,38,19,2871080,2871080,2871080,fan,,,,,,,
400,39,19,3615332,3615310,3615310,guided,0,3,110,1,2980514706,6445,576
400,40,20,3330920,3330920,3330920,fan,,,,,,,
400,41,20,4110520,4110460,4110460,guided,0,1,110,1,3467125509,6343,490
400,42,20,4999524,4999524,4999524,baseline,,,,,,,
400,43,21,4651344,4651260,4651260,guided,0,3,110,1,4001671020,5725,386
400,44,21,5583764,5583764,5583764,baseline,,,,,,,
400,45,22,5239906,5239786,5239786,guided,0,1,110,1,4597636812,5020,330
400,46,22,6215648,6215648,6215648,baseline,,,,,,,
400,47,23,5878360,5878100,5878100,guided,0,3,110,1,5243726726,5088,332
400,48,23,6897192,6897192,6897192,baseline,,,,,,,
400,49,24,6568682,6568248,6568248,deep,0,1,110,1,23695052474,18954,678
400,50,24,7630488,7630488,7630488,baseline,,,,,,,
400,51,24,8731416,8731416,8731416,baseline,,,,,,,
400,52,25,8417520,8417516,8417516,guided,1,3,110,1,6840959570,5582,650
400,53,25,9562966,9562966,9562966,baseline,,,,,,,
400,54,26,9260384,9260340,9260340,guided,0,3,110,1,7679504925,5507,561
400,55,26,10450174,10450174,10450174,baseline,,,,,,,
400,56,27,10161024,10160904,10160904,guided,0,3,110,1,8570675630,5748,692
400,57,27,11395036,11395036,11395036,baseline,,,,,,,
400,58,27,12656040,12656040,12656040,baseline,,,,,,,
400,59,28,12399532,12399532,12399532,baseline,,,,,,,
400,60,28,13705608,13705608,13705608,baseline,,,,,,,
400,61,29,13465630,13465628,13465628,deep,0,1,110,1,42889345236,15579,1508
400,62,29,14816664,14816664,14816664,baseline,,,,,,,
400,63,30,14595310,14595270,14595270,guided,0,1,110,1,11882152410,6102,788
400,64,30,15991180,15991180,15991180,baseline,,,,,,,
400,65,30,17420546,17420546,17420546,baseline,,,,,,,
400,66,31,17231048,17231048,17231048,baseline,,,,,,,
400,67,31,18705950,18705950,18705950,baseline,,,,,,,
400,68,32,18538220,18538220,18538220,baseline,,,,,,,
400,69,32,20058536,20058536,20058536,baseline,,,,,,,
400,70,33,19914564,19914560,19914560,guided,1,3,110,1,15970334084,6684,918
400,71,33,21480186,21480186,21480186,baseline,,,,,,,
400,72,33,23070044,23070044,23070044,baseline,,,,,,,
400,73,34,22972778,22972778,22972778,baseline,,,,,,,
400,74,34,24608372,24608372,24608372,baseline,,,,,,,
400,75,35,24538180,24538180,24538180,baseline,,,,,,,
400,76,35,26219356,26219356,26219356,baseline,,,,,,,
400,77,35,27932682,27932682,27932682,baseline,,,,,,,
400,78,36,27904872,27904872,27904872,baseline,,,,,,,
400,79,36,29664240,29664240,29664240,baseline,,,,,,,
400,80,37,29666732,29666732,29666732,baseline,,,,,,,
